object_type,object_uri,view_name,explore_name,field_name,construct,translation_class,complexity,reason,lkml_file,line,lookml_commit
view,looker:analytics:view:actuals_v_targets,actuals_v_targets,,,view:derived_table,mechanical,High,ephemeral derived table: becomes an Omni sql view,views/actuals_v_targets.view.lkml,1,82b3ab594f0d8f518072f3e1cc4f4ce8ac1d576e
view,looker:analytics:view:ad_campaign_performance_fact,ad_campaign_performance_fact,,,view:sql_table_name_liquid,redesign,High,Liquid in sql_table_name,views/ad_campaign_performance_fact.view.lkml,1,82b3ab594f0d8f518072f3e1cc4f4ce8ac1d576e
view,looker:analytics:view:ad_campaigns_dim,ad_campaigns_dim,,,view:sql_table_name_liquid,redesign,High,Liquid in sql_table_name,views/ad_campaigns_dim.view.lkml,1,82b3ab594f0d8f518072f3e1cc4f4ce8ac1d576e
view,looker:analytics:view:ad_performance_snapshot_fact,ad_performance_snapshot_fact,,,view:sql_table_name_liquid,redesign,High,Liquid in sql_table_name,views/ad_performance_snapshot_fact.view.lkml,1,82b3ab594f0d8f518072f3e1cc4f4ce8ac1d576e
view,looker:analytics:view:ad_roi_summary_fact,ad_roi_summary_fact,,,view:sql_table_name_liquid,redesign,High,Liquid in sql_table_name,views/ad_roi_summary_fact.view.lkml,1,82b3ab594f0d8f518072f3e1cc4f4ce8ac1d576e
view,looker:analytics:view:ads_dim,ads_dim,,,view:sql_table_name_liquid,redesign,High,Liquid in sql_table_name,views/ads_dim.view.lkml,1,82b3ab594f0d8f518072f3e1cc4f4ce8ac1d576e
view,looker:analytics:view:ads_dim__ad_conversion_specs,ads_dim__ad_conversion_specs,,,view:no_table,mechanical,Low,no sql_table_name or derived_table: table name defaults to view name,views/ads_dim.view.lkml,178,82b3ab594f0d8f518072f3e1cc4f4ce8ac1d576e
view,looker:analytics:view:ads_dim__ad_creative,ads_dim__ad_creative,,,view:no_table,mechanical,Low,no sql_table_name or derived_table: table name defaults to view name,views/ads_dim.view.lkml,185,82b3ab594f0d8f518072f3e1cc4f4ce8ac1d576e
view,looker:analytics:view:ads_dim__ad_recommendations,ads_dim__ad_recommendations,,,view:no_table,mechanical,Low,no sql_table_name or derived_table: table name defaults to view name,views/ads_dim.view.lkml,119,82b3ab594f0d8f518072f3e1cc4f4ce8ac1d576e
view,looker:analytics:view:ads_dim__ad_targeting,ads_dim__ad_targeting,,,view:no_table,mechanical,Low,no sql_table_name or derived_table: table name defaults to view name,views/ads_dim.view.lkml,195,82b3ab594f0d8f518072f3e1cc4f4ce8ac1d576e
view,looker:analytics:view:ads_dim__ad_targeting__geo_locations,ads_dim__ad_targeting__geo_locations,,,view:no_table,mechanical,Low,no sql_table_name or derived_table: table name defaults to view name,views/ads_dim.view.lkml,288,82b3ab594f0d8f518072f3e1cc4f4ce8ac1d576e
view,looker:analytics:view:ads_dim__ad_targeting__geo_locations__cities,ads_dim__ad_targeting__geo_locations__cities,,,view:no_table,mechanical,Low,no sql_table_name or derived_table: table name defaults to view name,views/ads_dim.view.lkml,250,82b3ab594f0d8f518072f3e1cc4f4ce8ac1d576e
view,looker:analytics:view:ads_dim__ad_targeting__geo_locations__regions,ads_dim__ad_targeting__geo_locations__regions,,,view:no_table,mechanical,Low,no sql_table_name or derived_table: table name defaults to view name,views/ads_dim.view.lkml,232,82b3ab594f0d8f518072f3e1cc4f4ce8ac1d576e
view,looker:analytics:view:ads_dim__ad_tracking_specs,ads_dim__ad_tracking_specs,,,view:no_table,mechanical,Low,no sql_table_name or derived_table: table name defaults to view name,views/ads_dim.view.lkml,151,82b3ab594f0d8f518072f3e1cc4f4ce8ac1d576e
view,looker:analytics:view:adsets_dim,adsets_dim,,,view:sql_table_name_liquid,redesign,High,Liquid in sql_table_name,views/adsets_dim.view.lkml,1,82b3ab594f0d8f518072f3e1cc4f4ce8ac1d576e
view,looker:analytics:view:adsets_dim__adset_targeting,adsets_dim__adset_targeting,,,view:no_table,mechanical,Low,no sql_table_name or derived_table: table name defaults to view name,views/adsets_dim.view.lkml,107,82b3ab594f0d8f518072f3e1cc4f4ce8ac1d576e
view,looker:analytics:view:adsets_dim__adset_targeting__geo_locations,adsets_dim__adset_targeting__geo_locations,,,view:no_table,mechanical,Low,no sql_table_name or derived_table: table name defaults to view name,views/adsets_dim.view.lkml,200,82b3ab594f0d8f518072f3e1cc4f4ce8ac1d576e
view,looker:analytics:view:adsets_dim__adset_targeting__geo_locations__cities,adsets_dim__adset_targeting__geo_locations__cities,,,view:no_table,mechanical,Low,no sql_table_name or derived_table: table name defaults to view name,views/adsets_dim.view.lkml,162,82b3ab594f0d8f518072f3e1cc4f4ce8ac1d576e
view,looker:analytics:view:adsets_dim__adset_targeting__geo_locations__regions,adsets_dim__adset_targeting__geo_locations__regions,,,view:no_table,mechanical,Low,no sql_table_name or derived_table: table name defaults to view name,views/adsets_dim.view.lkml,144,82b3ab594f0d8f518072f3e1cc4f4ce8ac1d576e
view,looker:analytics:view:anomaly_detection,anomaly_detection,,,view:derived_table_liquid,redesign,High,Liquid in derived_table sql,views/anomaly_detection.view.lkml,1,82b3ab594f0d8f518072f3e1cc4f4ce8ac1d576e
view,looker:analytics:view:attribution_fact,attribution_fact,,,view:sql_table_name_liquid,redesign,High,Liquid in sql_table_name,views/attribution_fact.view.lkml,1,82b3ab594f0d8f518072f3e1cc4f4ce8ac1d576e
view,looker:analytics:view:bank_account_details,bank_account_details,,,view:derived_table,mechanical,Low,ephemeral derived table: becomes an Omni sql view,views/bank_account_details.view.lkml,1,82b3ab594f0d8f518072f3e1cc4f4ce8ac1d576e
view,looker:analytics:view:bank_transactions_fact,bank_transactions_fact,,,view:table,mechanical,Low,sql_table_name `ra-development.analytics.bank_transactions_fact`,views/bank_transactions_fact.view.lkml,2,82b3ab594f0d8f518072f3e1cc4f4ce8ac1d576e
view,looker:analytics:view:certification_progress,certification_progress,,,view:table,mechanical,Low,sql_table_name `ra-development.analytics_seed.certification_progress`,views/certification_progress.view.lkml,2,82b3ab594f0d8f518072f3e1cc4f4ce8ac1d576e
view,looker:analytics:view:chart_of_accounts_dim,chart_of_accounts_dim,,,view:table,mechanical,Low,sql_table_name `ra-development.analytics.chart_of_accounts_dim`,views/chart_of_accounts_dim.view.lkml,2,82b3ab594f0d8f518072f3e1cc4f4ce8ac1d576e
view,looker:analytics:view:client_prospect_status_dim,client_prospect_status_dim,,,view:derived_table,mechanical,Low,ephemeral derived table: becomes an Omni sql view,views/client_prospect_status_dim.view.lkml,1,82b3ab594f0d8f518072f3e1cc4f4ce8ac1d576e
view,looker:analytics:view:coding_agent_commands_dim,coding_agent_commands_dim,,,view:table,mechanical,Low,sql_table_name `ra-development.analytics.coding_agent_commands_dim`,views/coding_agent_commands_dim.view.lkml,1,82b3ab594f0d8f518072f3e1cc4f4ce8ac1d576e
view,looker:analytics:view:coding_agent_prompts_fact,coding_agent_prompts_fact,,,view:table,mechanical,High,sql_table_name `ra-development.analytics.coding_agent_prompts_fact`,views/coding_agent_prompts_fact.view.lkml,1,82b3ab594f0d8f518072f3e1cc4f4ce8ac1d576e
view,looker:analytics:view:companies_dim,companies_dim,,,view:sql_table_name_liquid,redesign,High,Liquid in sql_table_name,views/companies_dim.view.lkml,1,82b3ab594f0d8f518072f3e1cc4f4ce8ac1d576e
view,looker:analytics:view:companies_dim__all_company_addresses,companies_dim__all_company_addresses,,,view:no_table,mechanical,Low,no sql_table_name or derived_table: table name defaults to view name,views/companies_dim.view.lkml,155,82b3ab594f0d8f518072f3e1cc4f4ce8ac1d576e
view,looker:analytics:view:companies_dim__all_company_ids,companies_dim__all_company_ids,,,view:no_table,mechanical,Low,no sql_table_name or derived_table: table name defaults to view name,views/companies_dim.view.lkml,146,82b3ab594f0d8f518072f3e1cc4f4ce8ac1d576e
view,looker:analytics:view:companies_dim_ideal_customer,companies_dim_ideal_customer,,,view:sql_table_name_liquid,redesign,High,Liquid in sql_table_name,views/companies_dim_ideal_customer.view.lkml,1,82b3ab594f0d8f518072f3e1cc4f4ce8ac1d576e
view,looker:analytics:view:company_comparison,company_comparison,,,view:derived_table,mechanical,High,ephemeral derived table: becomes an Omni sql view,views/company_comparison.view.lkml,2,82b3ab594f0d8f518072f3e1cc4f4ce8ac1d576e
view,looker:analytics:view:company_converted_projects,company_converted_projects,,,view:derived_table,mechanical,Low,ephemeral derived table: becomes an Omni sql view,views/company_converted_projects.view.lkml,1,82b3ab594f0d8f518072f3e1cc4f4ce8ac1d576e
view,looker:analytics:view:company_deal_value_attribute,company_deal_value_attribute,,,view:derived_table,mechanical,Low,ephemeral derived table: becomes an Omni sql view,views/company_deal_value_attribute.view.lkml,1,82b3ab594f0d8f518072f3e1cc4f4ce8ac1d576e
view,looker:analytics:view:company_hubspot_id,company_hubspot_id,,,view:derived_table_liquid,redesign,High,Liquid in derived_table sql,views/company_hubspot_id.view.lkml,1,82b3ab594f0d8f518072f3e1cc4f4ce8ac1d576e
view,looker:analytics:view:consultant_revenue_attribution,consultant_revenue_attribution,,,view:derived_table,mechanical,Medium,ephemeral derived table: becomes an Omni sql view,views/consultant_revenue_attribution.view.lkml,2,82b3ab594f0d8f518072f3e1cc4f4ce8ac1d576e
view,looker:analytics:view:consulting_companies,consulting_companies,,,view:table,mechanical,Low,sql_table_name `ra-development.analytics_seed.consulting_companies`,views/consulting_companies.view.lkml,2,82b3ab594f0d8f518072f3e1cc4f4ce8ac1d576e
view,looker:analytics:view:contact_bio,contact_bio,,,view:derived_table,mechanical,Low,ephemeral derived table: becomes an Omni sql view,views/contact_bio.view.lkml,1,82b3ab594f0d8f518072f3e1cc4f4ce8ac1d576e
view,looker:analytics:view:contact_companies_fact,contact_companies_fact,,,view:sql_table_name_liquid,redesign,High,Liquid in sql_table_name,views/contact_companies_fact.view.lkml,1,82b3ab594f0d8f518072f3e1cc4f4ce8ac1d576e
view,looker:analytics:view:contact_deals_fact,contact_deals_fact,,,view:sql_table_name_liquid,redesign,High,Liquid in sql_table_name,views/contact_deals_fact.view.lkml,1,82b3ab594f0d8f518072f3e1cc4f4ce8ac1d576e
view,looker:analytics:view:contact_engagements_fact,contact_engagements_fact,,,view:table,mechanical,Low,sql_table_name `ra-development.analytics.contact_engagements_fact`,views/contact_engagements_fact.view.lkml,1,82b3ab594f0d8f518072f3e1cc4f4ce8ac1d576e
view,looker:analytics:view:contact_meetings_fact,contact_meetings_fact,,,view:table,mechanical,Low,sql_table_name `ra-development.analytics.contact_sales_meetings_fact`,views/contact_meetings_fact.view.lkml,5,82b3ab594f0d8f518072f3e1cc4f4ce8ac1d576e
view,looker:analytics:view:contact_meetings_fact__all_attendee_person_pk,contact_meetings_fact__all_attendee_person_pk,,,view:no_table,mechanical,Low,no sql_table_name or derived_table: table name defaults to view name,views/contact_meetings_fact.view.lkml,130,82b3ab594f0d8f518072f3e1cc4f4ce8ac1d576e
view,looker:analytics:view:contact_meetings_fact__all_company_pk,contact_meetings_fact__all_company_pk,,,view:no_table,mechanical,Low,no sql_table_name or derived_table: table name defaults to view name,views/contact_meetings_fact.view.lkml,115,82b3ab594f0d8f518072f3e1cc4f4ce8ac1d576e
view,looker:analytics:view:contact_nps_survey_fact,contact_nps_survey_fact,,,view:table,mechanical,Low,sql_table_name `ra-development.analytics.contact_nps_survey_fact`,views/contact_nps_survey_fact.view.lkml,1,82b3ab594f0d8f518072f3e1cc4f4ce8ac1d576e
view,looker:analytics:view:contact_utilization_fact,contact_utilization_fact,,,view:derived_table,mechanical,High,ephemeral derived table: becomes an Omni sql view,views/contact_utilization_fact.view.lkml,2,82b3ab594f0d8f518072f3e1cc4f4ce8ac1d576e
view,looker:analytics:view:contacts_dim,contacts_dim,,,view:table,mechanical,Low,sql_table_name `ra-development.analytics.contacts_dim`,views/contacts_dim.view.lkml,2,82b3ab594f0d8f518072f3e1cc4f4ce8ac1d576e
view,looker:analytics:view:contacts_influencer_list_xa,contacts_influencer_list_xa,,,view:sql_table_name_liquid,redesign,High,Liquid in sql_table_name,views/contacts_influencer_list_xa.view.lkml,1,82b3ab594f0d8f518072f3e1cc4f4ce8ac1d576e
view,looker:analytics:view:contacts_segments_xa,contacts_segments_xa,,,view:sql_table_name_liquid,redesign,High,Liquid in sql_table_name,views/contacts_segments_xa.view.lkml,1,82b3ab594f0d8f518072f3e1cc4f4ce8ac1d576e
view,looker:analytics:view:contacts_web_event_history_xa,contacts_web_event_history_xa,,,view:sql_table_name_liquid,redesign,High,Liquid in sql_table_name,views/contacts_web_event_history_xa.view.lkml,1,82b3ab594f0d8f518072f3e1cc4f4ce8ac1d576e
view,looker:analytics:view:contacts_web_interests_xa,contacts_web_interests_xa,,,view:sql_table_name_liquid,redesign,High,Liquid in sql_table_name,views/contacts_web_interests_xa.view.lkml,1,82b3ab594f0d8f518072f3e1cc4f4ce8ac1d576e
view,looker:analytics:view:content_performance,content_performance,,,view:derived_table,mechanical,Low,ephemeral derived table: becomes an Omni sql view,views/content_performance.view.lkml,1,82b3ab594f0d8f518072f3e1cc4f4ce8ac1d576e
view,looker:analytics:view:contracts_fact,contracts_fact,,,view:table,mechanical,Low,sql_table_name `ra-development.analytics.contracts_fact`,views/contracts_fact.view.lkml,1,82b3ab594f0d8f518072f3e1cc4f4ce8ac1d576e
view,looker:analytics:view:cumulative_churned_clients,cumulative_churned_clients,,,view:pdt,redesign,High,PDT (datagroup_trigger): plan rules dbt model or Omni query view,views/cumulative_churned_clients.view.lkml,5,82b3ab594f0d8f518072f3e1cc4f4ce8ac1d576e
view,looker:analytics:view:currency_dim,currency_dim,,,view:sql_table_name_liquid,redesign,High,Liquid in sql_table_name,views/currency_dim.view.lkml,1,82b3ab594f0d8f518072f3e1cc4f4ce8ac1d576e
view,looker:analytics:view:customer_first_deal_cohorts,customer_first_deal_cohorts,,,view:derived_table,mechanical,Low,ephemeral derived table: becomes an Omni sql view,views/customer_first_deal_cohorts.view.lkml,1,82b3ab594f0d8f518072f3e1cc4f4ce8ac1d576e
view,looker:analytics:view:customer_first_order_segments,customer_first_order_segments,,,view:derived_table,mechanical,Low,ephemeral derived table: becomes an Omni sql view,views/customer_first_order_segments.view.lkml,1,82b3ab594f0d8f518072f3e1cc4f4ce8ac1d576e
view,looker:analytics:view:customer_meetings,customer_meetings,,,view:derived_table,mechanical,Low,ephemeral derived table: becomes an Omni sql view,views/customer_meetings.view.lkml,1,82b3ab594f0d8f518072f3e1cc4f4ce8ac1d576e
view,looker:analytics:view:date_spine_dim,date_spine_dim,,,view:derived_table,mechanical,Low,ephemeral derived table: becomes an Omni sql view,views/date_spine_dim.view.lkml,1,82b3ab594f0d8f518072f3e1cc4f4ce8ac1d576e
view,looker:analytics:view:dates,dates,,,view:derived_table,mechanical,Low,ephemeral derived table: becomes an Omni sql view,views/dates.view.lkml,1,82b3ab594f0d8f518072f3e1cc4f4ce8ac1d576e
view,looker:analytics:view:dbt_slack,dbt_slack,,,view:table,mechanical,Low,sql_table_name `ra-development.analytics_seed.dbt_slack`,views/dbt_slack.view.lkml,13,82b3ab594f0d8f518072f3e1cc4f4ce8ac1d576e
view,looker:analytics:view:dbt_slack__slack_channels,dbt_slack__slack_channels,,,view:no_table,mechanical,Low,no sql_table_name or derived_table: table name defaults to view name,views/dbt_slack.view.lkml,97,82b3ab594f0d8f518072f3e1cc4f4ce8ac1d576e
view,looker:analytics:view:deal_pipeline_history,deal_pipeline_history,,,view:table,mechanical,Medium,sql_table_name analytics.deal_pipeline_history_fact,views/deal_pipeline_history.view.lkml,1,82b3ab594f0d8f518072f3e1cc4f4ce8ac1d576e
view,looker:analytics:view:deals_fact,deals_fact,,,view:sql_table_name_liquid,redesign,High,Liquid in sql_table_name,views/deals_fact.view.lkml,1,82b3ab594f0d8f518072f3e1cc4f4ce8ac1d576e
view,looker:analytics:view:delivery_project_cycle_times,delivery_project_cycle_times,,,view:table,mechanical,Low,sql_table_name ra-development.analytics.cycle_times_all,views/delivery_project_cycle_times.view.lkml,1,82b3ab594f0d8f518072f3e1cc4f4ce8ac1d576e
view,looker:analytics:view:delivery_project_cycle_times_hkm,delivery_project_cycle_times_hkm,,,view:derived_table,mechanical,Low,ephemeral derived table: becomes an Omni sql view,views/delivery_project_cycle_times_hkm.view.lkml,1,82b3ab594f0d8f518072f3e1cc4f4ce8ac1d576e
view,looker:analytics:view:delivery_project_docs_dim,delivery_project_docs_dim,,,view:table,mechanical,Low,sql_table_name `ra-development.analytics.delivery_project_docs_dim`,views/delivery_project_docs_dim.view.lkml,1,82b3ab594f0d8f518072f3e1cc4f4ce8ac1d576e
view,looker:analytics:view:delivery_projects_dim,delivery_projects_dim,,,view:sql_table_name_liquid,redesign,High,Liquid in sql_table_name,views/delivery_projects_dim.view.lkml,1,82b3ab594f0d8f518072f3e1cc4f4ce8ac1d576e
view,looker:analytics:view:delivery_task_history,delivery_task_history,,,view:derived_table,mechanical,Low,ephemeral derived table: becomes an Omni sql view,views/delivery_task_history.view.lkml,1,82b3ab594f0d8f518072f3e1cc4f4ce8ac1d576e
view,looker:analytics:view:delivery_tasks_fact,delivery_tasks_fact,,,view:derived_table,mechanical,High,ephemeral derived table: becomes an Omni sql view,views/delivery_tasks_fact.view.lkml,1,82b3ab594f0d8f518072f3e1cc4f4ce8ac1d576e
view,looker:analytics:view:delivery_team_fact_xa,delivery_team_fact_xa,,,view:table,mechanical,Low,sql_table_name `ra-development.analytics.delivery_team_fact_xa`,views/delivery_team_fact_xa.view.lkml,2,82b3ab594f0d8f518072f3e1cc4f4ce8ac1d576e
view,looker:analytics:view:dim_countries,dim_countries,,,view:table,mechanical,Low,sql_table_name booksy_analytics.dim_countries,views/booksy_demo.view.lkml,229,82b3ab594f0d8f518072f3e1cc4f4ce8ac1d576e
view,looker:analytics:view:dim_dates,dim_dates,,,view:table,mechanical,Low,sql_table_name booksy_analytics.dim_dates,views/booksy_demo.view.lkml,259,82b3ab594f0d8f518072f3e1cc4f4ce8ac1d576e
view,looker:analytics:view:dim_providers,dim_providers,,,view:table,mechanical,Low,sql_table_name booksy_analytics.dim_providers,views/booksy_demo.view.lkml,151,82b3ab594f0d8f518072f3e1cc4f4ce8ac1d576e
view,looker:analytics:view:dynamic_monthly_stats,dynamic_monthly_stats,,,view:no_table,mechanical,Low,no sql_table_name or derived_table: table name defaults to view name,views/dynamic_monthly_stats.view.lkml,1,82b3ab594f0d8f518072f3e1cc4f4ce8ac1d576e
view,looker:analytics:view:dynamic_web_stats,dynamic_web_stats,,,view:derived_table_liquid,redesign,High,Liquid in derived_table sql,views/dynamic_web_stat.view.lkml,2,82b3ab594f0d8f518072f3e1cc4f4ce8ac1d576e
view,looker:analytics:view:email_contacts_dim,email_contacts_dim,,,view:derived_table,mechanical,Low,ephemeral derived table: becomes an Omni sql view,views/email_contacts_dim.view.lkml,1,82b3ab594f0d8f518072f3e1cc4f4ce8ac1d576e
view,looker:analytics:view:email_lists_dim,email_lists_dim,,,view:sql_table_name_liquid,redesign,High,Liquid in sql_table_name,views/email_lists_dim.view.lkml,1,82b3ab594f0d8f518072f3e1cc4f4ce8ac1d576e
view,looker:analytics:view:email_send_outcomes_fact,email_send_outcomes_fact,,,view:sql_table_name_liquid,redesign,High,Liquid in sql_table_name,views/email_send_outcomes_fact.view.lkml,1,82b3ab594f0d8f518072f3e1cc4f4ce8ac1d576e
view,looker:analytics:view:email_sends_dim,email_sends_dim,,,view:sql_table_name_liquid,redesign,High,Liquid in sql_table_name,views/email_sends_dim.view.lkml,1,82b3ab594f0d8f518072f3e1cc4f4ce8ac1d576e
view,looker:analytics:view:employee_pto,employee_pto,,,view:table,mechanical,Low,sql_table_name `ra-development.analytics_seed.employee_pto`,views/employee_pto.view.lkml,1,82b3ab594f0d8f518072f3e1cc4f4ce8ac1d576e
view,looker:analytics:view:engagement_actions_fact,engagement_actions_fact,,,view:table,mechanical,Low,sql_table_name `ra-development.analytics.engagement_actions_fact`,views/engagement_actions_fact.view.lkml,9,82b3ab594f0d8f518072f3e1cc4f4ce8ac1d576e
view,looker:analytics:view:engagement_burn_up_fact,engagement_burn_up_fact,,,view:table,mechanical,Low,sql_table_name `ra-development.analytics.engagement_burn_up_fact`,views/engagement_burn_up_fact.view.lkml,9,82b3ab594f0d8f518072f3e1cc4f4ce8ac1d576e
view,looker:analytics:view:engagement_context_attribution,engagement_context_attribution,,,view:table,mechanical,Low,sql_table_name `ra-development.analytics.engagement_context_attribution`,views/engagement_context_attribution.view.lkml,11,82b3ab594f0d8f518072f3e1cc4f4ce8ac1d576e
view,looker:analytics:view:engagement_details,engagement_details,,,view:table,mechanical,Low,sql_table_name `ra-development.analytics_docai_europe_west2.engagement_details`,views/engagement_details.view.lkml,3,82b3ab594f0d8f518072f3e1cc4f4ce8ac1d576e
view,looker:analytics:view:engagement_details__deliverables,engagement_details__deliverables,,,view:no_table,mechanical,Low,no sql_table_name or derived_table: table name defaults to view name,views/engagement_details.view.lkml,83,82b3ab594f0d8f518072f3e1cc4f4ce8ac1d576e
view,looker:analytics:view:engagement_details__objectives,engagement_details__objectives,,,view:no_table,mechanical,Low,no sql_table_name or derived_table: table name defaults to view name,views/engagement_details.view.lkml,49,82b3ab594f0d8f518072f3e1cc4f4ce8ac1d576e
view,looker:analytics:view:engagement_health_fact,engagement_health_fact,,,view:table,mechanical,High,sql_table_name `ra-development.analytics.engagement_health_fact`,views/engagement_health_fact.view.lkml,9,82b3ab594f0d8f518072f3e1cc4f4ce8ac1d576e
view,looker:analytics:view:engagement_renewal_analysis,engagement_renewal_analysis,,,view:pdt,redesign,High,PDT (datagroup_trigger): plan rules dbt model or Omni query view,views/engagement_renewal_analysis.view.lkml,7,82b3ab594f0d8f518072f3e1cc4f4ce8ac1d576e
view,looker:analytics:view:engagement_sprint_burn_fact,engagement_sprint_burn_fact,,,view:table,mechanical,Medium,sql_table_name `ra-development.analytics.engagement_sprint_burn_fact`,views/engagement_sprint_burn_fact.view.lkml,9,82b3ab594f0d8f518072f3e1cc4f4ce8ac1d576e
view,looker:analytics:view:engagements,engagements,,,view:derived_table,mechanical,Low,ephemeral derived table: becomes an Omni sql view,views/engagements.view.lkml,1,82b3ab594f0d8f518072f3e1cc4f4ce8ac1d576e
view,looker:analytics:view:exchange_rates,exchange_rates,,,view:table,mechanical,Low,sql_table_name `ra-development.analytics_seed.exchange_rates`,views/exchange_rates.view.lkml,2,82b3ab594f0d8f518072f3e1cc4f4ce8ac1d576e
view,looker:analytics:view:fathom_meeting_actions,fathom_meeting_actions,,,view:derived_table,mechanical,Low,ephemeral derived table: becomes an Omni sql view,views/fathom_meeting_actions.view.lkml,1,82b3ab594f0d8f518072f3e1cc4f4ce8ac1d576e
view,looker:analytics:view:fathom_meetings,fathom_meetings,,,view:derived_table,mechanical,Low,ephemeral derived table: becomes an Omni sql view,views/fathom_meetings.view.lkml,1,82b3ab594f0d8f518072f3e1cc4f4ce8ac1d576e
view,looker:analytics:view:fct_boost_transactions,fct_boost_transactions,,,view:table,mechanical,High,sql_table_name booksy_analytics.fct_boost_transactions,views/booksy_demo.view.lkml,10,82b3ab594f0d8f518072f3e1cc4f4ce8ac1d576e
view,looker:analytics:view:ga_multi_cycle_multi_touch_attribution,ga_multi_cycle_multi_touch_attribution,,,view:pdt,redesign,High,PDT (persist_for): plan rules dbt model or Omni query view,views/ga_multi_cycle_multi_touch_attribution.view.lkml,1,82b3ab594f0d8f518072f3e1cc4f4ce8ac1d576e
view,looker:analytics:view:gcp_billing_fact,gcp_billing_fact,,,view:table,mechanical,Low,sql_table_name `ra-development.analytics.gcp_billing_fact`,views/gcp_billing_fact.view.lkml,1,82b3ab594f0d8f518072f3e1cc4f4ce8ac1d576e
view,looker:analytics:view:general_ledger_fact,general_ledger_fact,,,view:table,mechanical,Medium,sql_table_name `ra-development.analytics.general_ledger_fact`,views/general_ledger_fact.view.lkml,2,82b3ab594f0d8f518072f3e1cc4f4ce8ac1d576e
view,looker:analytics:view:has_viewed_pricing,has_viewed_pricing,,,view:derived_table,mechanical,Low,ephemeral derived table: becomes an Omni sql view,views/has_viewed_pricing.view.lkml,1,82b3ab594f0d8f518072f3e1cc4f4ce8ac1d576e
view,looker:analytics:view:hr_survey_results_fact,hr_survey_results_fact,,,view:derived_table,mechanical,Medium,ephemeral derived table: becomes an Omni sql view,views/hr_survey_results_fact.view.lkml,1,82b3ab594f0d8f518072f3e1cc4f4ce8ac1d576e
view,looker:analytics:view:icp_lookalike_audience_uk_ie_eu_only,icp_lookalike_audience_uk_ie_eu_only,,,view:table,mechanical,Low,sql_table_name `ra-development.analytics_seed.icp_lookalike_audience_uk_ie_eu_only`,views/icp_lookalike_audience_uk_ie_eu_only.view.lkml,1,82b3ab594f0d8f518072f3e1cc4f4ce8ac1d576e
view,looker:analytics:view:ideal_customer_2025,ideal_customer_2025,,,view:table,mechanical,Low,sql_table_name `ra-development.analytics_seed.ideal_customer_2025`,views/ideal_customer_2025.view.lkml,1,82b3ab594f0d8f518072f3e1cc4f4ce8ac1d576e
view,looker:analytics:view:ideal_customers,ideal_customers,,,view:table,mechanical,Low,sql_table_name `ra-development.analytics_seed.ideal_customers`,views/ideal_customers.view.lkml,1,82b3ab594f0d8f518072f3e1cc4f4ce8ac1d576e
view,looker:analytics:view:invoices_fact,invoices_fact,,,view:sql_table_name_liquid,redesign,High,Liquid in sql_table_name,views/invoices_fact.view.lkml,1,82b3ab594f0d8f518072f3e1cc4f4ce8ac1d576e
view,looker:analytics:view:ips_enriched,ips_enriched,,,view:table,mechanical,High,sql_table_name `ra-development.analytics_seed.ips_enriched`,views/ips_enriched.view.lkml,1,82b3ab594f0d8f518072f3e1cc4f4ce8ac1d576e
view,looker:analytics:view:is_conversion_session,is_conversion_session,,,view:derived_table,mechanical,Low,ephemeral derived table: becomes an Omni sql view,views/is_conversion_session.view.lkml,1,82b3ab594f0d8f518072f3e1cc4f4ce8ac1d576e
view,looker:analytics:view:journals_fact,journals_fact,,,view:table,mechanical,Low,sql_table_name `ra-development.analytics.journals_fact`,views/journals_fact.view.lkml,2,82b3ab594f0d8f518072f3e1cc4f4ce8ac1d576e
view,looker:analytics:view:keyword_page_report,keyword_page_report,,,view:derived_table,mechanical,Low,ephemeral derived table: becomes an Omni sql view,views/keyword_page_report.view.lkml,1,82b3ab594f0d8f518072f3e1cc4f4ce8ac1d576e
view,looker:analytics:view:kpi_scorecard,kpi_scorecard,,,view:table,mechanical,High,sql_table_name `ra-development.analytics.kpi_scorecard`,views/kpi_scorecard.view.lkml,6,82b3ab594f0d8f518072f3e1cc4f4ce8ac1d576e
view,looker:analytics:view:linkedin_company_pages,linkedin_company_pages,,,view:derived_table,mechanical,Low,ephemeral derived table: becomes an Omni sql view,views/linkedin_company_pages.view.lkml,2,82b3ab594f0d8f518072f3e1cc4f4ce8ac1d576e
view,looker:analytics:view:looker_usage_fact,looker_usage_fact,,,view:sql_table_name_liquid,redesign,High,Liquid in sql_table_name,views/looker_usage_fact.view.lkml,1,82b3ab594f0d8f518072f3e1cc4f4ce8ac1d576e
view,looker:analytics:view:looker_usage_stats,looker_usage_stats,,,view:derived_table,mechanical,Medium,ephemeral derived table: becomes an Omni sql view,views/looker_usage_stats.view.lkml,1,82b3ab594f0d8f518072f3e1cc4f4ce8ac1d576e
view,looker:analytics:view:marketing_content_dim,marketing_content_dim,,,view:table,mechanical,Low,sql_table_name `ra-development.analytics.marketing_content_dim`,views/marketing_content_dim.view.lkml,2,82b3ab594f0d8f518072f3e1cc4f4ce8ac1d576e
view,looker:analytics:view:marketing_interactions_fact,marketing_interactions_fact,,,view:table,mechanical,Low,sql_table_name `ra-development.analytics.marketing_interactions_fact`,views/marketing_interactions_fact.view.lkml,2,82b3ab594f0d8f518072f3e1cc4f4ce8ac1d576e
view,looker:analytics:view:meeting_contact_lines_fact,meeting_contact_lines_fact,,,view:table,mechanical,Low,sql_table_name `ra-development.analytics.meeting_contact_lines_fact`,views/meeting_contact_lines_fact.view.lkml,1,82b3ab594f0d8f518072f3e1cc4f4ce8ac1d576e
view,looker:analytics:view:messages_fact,messages_fact,,,view:table,mechanical,Low,sql_table_name `ra-development.analytics.messages_fact`,views/messages_fact.view.lkml,1,82b3ab594f0d8f518072f3e1cc4f4ce8ac1d576e
view,looker:analytics:view:monthly_performance_fact,monthly_performance_fact,,,view:table,mechanical,Low,sql_table_name `ra-development.analytics.monthly_performance_fact`,views/monthly_performance_fact.view.lkml,2,82b3ab594f0d8f518072f3e1cc4f4ce8ac1d576e
view,looker:analytics:view:monthly_resource_revenue_forecast_fact,monthly_resource_revenue_forecast_fact,,,view:derived_table,mechanical,High,ephemeral derived table: becomes an Omni sql view,views/monthly_resource_revenue_forecast_fact.view.lkml,1,82b3ab594f0d8f518072f3e1cc4f4ce8ac1d576e
view,looker:analytics:view:monzo_bank_transactions_enriched,monzo_bank_transactions_enriched,,,view:table,mechanical,Low,sql_table_name `ra-development.analytics_seed.monzo_bank_transactions_enriched`,views/monzo_bank_transactions_enriched.view.lkml,2,82b3ab594f0d8f518072f3e1cc4f4ce8ac1d576e
view,looker:analytics:view:nps_survey_results_fact,nps_survey_results_fact,,,view:table,mechanical,Medium,sql_table_name `ra-development.analytics.nps_survey_results_fact`,views/nps_survey_results_fact.view.lkml,2,82b3ab594f0d8f518072f3e1cc4f4ce8ac1d576e
view,looker:analytics:view:organic_post_performance_fact,organic_post_performance_fact,,,view:table,mechanical,Low,sql_table_name `ra-development.analytics.organic_post_performance_fact`,views/organic_post_performance_fact.view.lkml,2,82b3ab594f0d8f518072f3e1cc4f4ce8ac1d576e
view,looker:analytics:view:organic_posts_dim,organic_posts_dim,,,view:table,mechanical,Low,sql_table_name `ra-development.analytics.organic_posts_dim`,views/organic_posts_dim.view.lkml,2,82b3ab594f0d8f518072f3e1cc4f4ce8ac1d576e
view,looker:analytics:view:page_first_published,page_first_published,,,view:derived_table,mechanical,Medium,ephemeral derived table: becomes an Omni sql view,views/page_first_published.view.lkml,2,82b3ab594f0d8f518072f3e1cc4f4ce8ac1d576e
view,looker:analytics:view:page_keyword_performance,page_keyword_performance,,,view:pdt,redesign,High,PDT (persist_for): plan rules dbt model or Omni query view,views/page_keyword_performance.view.lkml,1,82b3ab594f0d8f518072f3e1cc4f4ce8ac1d576e
view,looker:analytics:view:page_report,page_report,,,view:table,mechanical,Low,sql_table_name `ra-development.fivetran_google_search_console.page_report`,views/page_report.view.lkml,1,82b3ab594f0d8f518072f3e1cc4f4ce8ac1d576e
view,looker:analytics:view:payments_fact,payments_fact,,,view:table,mechanical,Low,sql_table_name `ra-development.analytics.payments_fact`,views/payments_fact.view.lkml,2,82b3ab594f0d8f518072f3e1cc4f4ce8ac1d576e
view,looker:analytics:view:performance_narrative_fact,performance_narrative_fact,,,view:table,mechanical,High,sql_table_name `ra-development.analytics.performance_narrative_fact`,views/performance_narrative_fact.view.lkml,2,82b3ab594f0d8f518072f3e1cc4f4ce8ac1d576e
view,looker:analytics:view:persons_dim,persons_dim,,,view:table,mechanical,High,sql_table_name `ra-development.analytics.persons_dim`,views/persons_dim.view.lkml,5,82b3ab594f0d8f518072f3e1cc4f4ce8ac1d576e
view,looker:analytics:view:persons_dim__all_addresses,persons_dim__all_addresses,,,view:no_table,mechanical,Low,no sql_table_name or derived_table: table name defaults to view name,views/persons_dim.view.lkml,844,82b3ab594f0d8f518072f3e1cc4f4ce8ac1d576e
view,looker:analytics:view:persons_dim__all_emails,persons_dim__all_emails,,,view:no_table,mechanical,Low,no sql_table_name or derived_table: table name defaults to view name,views/persons_dim.view.lkml,828,82b3ab594f0d8f518072f3e1cc4f4ce8ac1d576e
view,looker:analytics:view:persons_dim__current_roles,persons_dim__current_roles,,,view:no_table,mechanical,Low,no sql_table_name or derived_table: table name defaults to view name,views/persons_dim.view.lkml,836,82b3ab594f0d8f518072f3e1cc4f4ce8ac1d576e
view,looker:analytics:view:pipeline_history,pipeline_history,,,view:derived_table,mechanical,Medium,ephemeral derived table: becomes an Omni sql view,views/pipeline_history.view.lkml,1,82b3ab594f0d8f518072f3e1cc4f4ce8ac1d576e
view,looker:analytics:view:pl_reports,pl_reports,,,view:table,mechanical,Low,sql_table_name `ra-development.analytics_finance_demo.pl_reports_filtered`,views/pl_reports.view.lkml,2,82b3ab594f0d8f518072f3e1cc4f4ce8ac1d576e
view,looker:analytics:view:podcast_transcriptions,podcast_transcriptions,,,view:table,mechanical,Low,sql_table_name `ra-development.analytics_seed.podcast_transcriptions`,views/podcast_transcriptions.view.lkml,2,82b3ab594f0d8f518072f3e1cc4f4ce8ac1d576e
view,looker:analytics:view:product_usage_fact,product_usage_fact,,,view:table,mechanical,High,sql_table_name `ra-development.analytics.product_usage_fact`,views/product_usage_fact.view.lkml,1,82b3ab594f0d8f518072f3e1cc4f4ce8ac1d576e
view,looker:analytics:view:products_dim,products_dim,,,view:table,mechanical,Low,sql_table_name `ra-development.analytics.products_dim`,views/products_dim.view.lkml,1,82b3ab594f0d8f518072f3e1cc4f4ce8ac1d576e
view,looker:analytics:view:profit_and_loss_demo_fact,profit_and_loss_demo_fact,,,view:table,mechanical,Medium,sql_table_name `ra-development.analytics.profit_and_loss_report_fact`,views/profit_and_loss_demo_fact.view.lkml,8,82b3ab594f0d8f518072f3e1cc4f4ce8ac1d576e
view,looker:analytics:view:profit_and_loss_report_account_group,profit_and_loss_report_account_group,,,view:table,mechanical,Low,sql_table_name `ra-development.analytics_finance_demo.profit_and_loss_report_account_group`,views/profit_and_loss_report_account_group.view.lkml,2,82b3ab594f0d8f518072f3e1cc4f4ce8ac1d576e
view,looker:analytics:view:profit_and_loss_report_fact,profit_and_loss_report_fact,,,view:table,mechanical,High,sql_table_name `ra-development.analytics.profit_and_loss_report_fact`,views/profit_and_loss_report_fact.view.lkml,1,82b3ab594f0d8f518072f3e1cc4f4ce8ac1d576e
view,looker:analytics:view:project_attribution,project_attribution,,,view:derived_table,mechanical,Low,ephemeral derived table: becomes an Omni sql view,views/project_attribution.view.lkml,1,82b3ab594f0d8f518072f3e1cc4f4ce8ac1d576e
view,looker:analytics:view:project_engagements,project_engagements,,,view:table,mechanical,Medium,sql_table_name ra-development.analytics.timesheet_project_engagements_monthly_revenue_fact,views/project_engagements_monthly_revenue.view.lkml,1,82b3ab594f0d8f518072f3e1cc4f4ce8ac1d576e
view,looker:analytics:view:project_metrics,project_metrics,,,view:derived_table,mechanical,Low,ephemeral derived table: becomes an Omni sql view,views/project_metrics.view.lkml,1,82b3ab594f0d8f518072f3e1cc4f4ce8ac1d576e
view,looker:analytics:view:projects_delivered_is_ontime,projects_delivered_is_ontime,,,view:derived_table,mechanical,Low,ephemeral derived table: becomes an Omni sql view,views/projects_delivered_is_ontime.view.lkml,1,82b3ab594f0d8f518072f3e1cc4f4ce8ac1d576e
view,looker:analytics:view:recognized_revenue_fact,recognized_revenue_fact,,,view:table,mechanical,Medium,sql_table_name `ra-development.analytics.recognized_revenue_fact`,views/recognized_revenue_fact.view.lkml,2,82b3ab594f0d8f518072f3e1cc4f4ce8ac1d576e
view,looker:analytics:view:recruiting_application_stages_dim,recruiting_application_stages_dim,,,view:table,mechanical,Low,sql_table_name `ra-development.analytics.recruiting_application_stages_dim`,views/recruiting_application_stages_dim.view.lkml,1,82b3ab594f0d8f518072f3e1cc4f4ce8ac1d576e
view,looker:analytics:view:recruiting_job_applications_fact,recruiting_job_applications_fact,,,view:table,mechanical,Low,sql_table_name `ra-development.analytics.recruiting_job_applications_fact`,views/recruiting_job_applications_fact.view.lkml,1,82b3ab594f0d8f518072f3e1cc4f4ce8ac1d576e
view,looker:analytics:view:recruiting_jobs_dim,recruiting_jobs_dim,,,view:table,mechanical,Low,sql_table_name `ra-development.analytics.recruiting_jobs_dim`,views/recruiting_jobs_dim.view.lkml,1,82b3ab594f0d8f518072f3e1cc4f4ce8ac1d576e
view,looker:analytics:view:revenue_and_forecast,revenue_and_forecast,,,view:derived_table,mechanical,Low,ephemeral derived table: becomes an Omni sql view,views/revenue_and_forecast.view.lkml,1,82b3ab594f0d8f518072f3e1cc4f4ce8ac1d576e
view,looker:analytics:view:revenue_attribution,revenue_attribution,,,view:derived_table,mechanical,Low,ephemeral derived table: becomes an Omni sql view,views/revenue_attribution.view.lkml,1,82b3ab594f0d8f518072f3e1cc4f4ce8ac1d576e
view,looker:analytics:view:rfm_model,rfm_model,,,view:native_derived_table,redesign,High,native derived table (explore_source): rebuild as Omni query view,views/rfm_model.view.lkml,1,82b3ab594f0d8f518072f3e1cc4f4ce8ac1d576e
view,looker:analytics:view:sales_funnel_xa,sales_funnel_xa,,,view:table,mechanical,Low,sql_table_name `ra-development.analytics.sales_funnel_xa`,views/sales_funnel_xa.view.lkml,2,82b3ab594f0d8f518072f3e1cc4f4ce8ac1d576e
view,looker:analytics:view:sales_targets,sales_targets,,,view:table,mechanical,Low,sql_table_name `ra-development.analytics_seed.sales_targets`,views/sales_targets.view.lkml,2,82b3ab594f0d8f518072f3e1cc4f4ce8ac1d576e
view,looker:analytics:view:site_report_by_page,site_report_by_page,,,view:table,mechanical,Low,sql_table_name `ra-development.fivetran_google_search_console.site_report_by_page`,views/site_report_by_page.view.lkml,1,82b3ab594f0d8f518072f3e1cc4f4ce8ac1d576e
view,looker:analytics:view:site_report_by_site,site_report_by_site,,,view:table,mechanical,Low,sql_table_name `ra-development.fivetran_google_search_console.site_report_by_site`,views/site_report_by_site.view.lkml,2,82b3ab594f0d8f518072f3e1cc4f4ce8ac1d576e
view,looker:analytics:view:src_control_commits_fact,src_control_commits_fact,,,view:table,mechanical,Low,sql_table_name `ra-development.analytics.src_control_commits_fact`,views/src_control_commits_fact.view.lkml,1,82b3ab594f0d8f518072f3e1cc4f4ce8ac1d576e
view,looker:analytics:view:src_control_daily_metrics_fact,src_control_daily_metrics_fact,,,view:table,mechanical,Medium,sql_table_name `ra-development.analytics.src_control_daily_metrics_fact`,views/src_control_daily_metrics_fact.view.lkml,1,82b3ab594f0d8f518072f3e1cc4f4ce8ac1d576e
view,looker:analytics:view:src_control_issues_fact,src_control_issues_fact,,,view:table,mechanical,Low,sql_table_name `ra-development.analytics.src_control_issues_fact`,views/src_control_issues_fact.view.lkml,1,82b3ab594f0d8f518072f3e1cc4f4ce8ac1d576e
view,looker:analytics:view:src_control_pull_requests_fact,src_control_pull_requests_fact,,,view:table,mechanical,Low,sql_table_name `ra-development.analytics.src_control_pull_requests_fact`,views/src_control_pull_requests_fact.view.lkml,1,82b3ab594f0d8f518072f3e1cc4f4ce8ac1d576e
view,looker:analytics:view:src_control_repos_dim,src_control_repos_dim,,,view:table,mechanical,Low,sql_table_name `ra-development.analytics.src_control_repos_dim`,views/src_control_repos_dim.view.lkml,2,82b3ab594f0d8f518072f3e1cc4f4ce8ac1d576e
view,looker:analytics:view:staff_daily_engagement_fact,staff_daily_engagement_fact,,,view:table,mechanical,High,sql_table_name `ra-development.analytics.staff_daily_engagement_fact`,views/staff_daily_engagement_fact.view.lkml,7,82b3ab594f0d8f518072f3e1cc4f4ce8ac1d576e
view,looker:analytics:view:staff_dim,staff_dim,,,view:derived_table,mechanical,Low,ephemeral derived table: becomes an Omni sql view,views/staff_dim.view.lkml,1,82b3ab594f0d8f518072f3e1cc4f4ce8ac1d576e
view,looker:analytics:view:staff_event_timeline_fact,staff_event_timeline_fact,,,view:table,mechanical,High,sql_table_name `ra-development.analytics.staff_event_timeline_fact`,views/staff_event_timeline_fact.view.lkml,7,82b3ab594f0d8f518072f3e1cc4f4ce8ac1d576e
view,looker:analytics:view:staff_weekly_engagement_fact,staff_weekly_engagement_fact,,,view:table,mechanical,High,sql_table_name `ra-development.analytics.staff_weekly_engagement_fact`,views/staff_weekly_engagement_fact.view.lkml,6,82b3ab594f0d8f518072f3e1cc4f4ce8ac1d576e
view,looker:analytics:view:targets,targets,,,view:table,mechanical,High,sql_table_name `ra-development.analytics_seed.targets`,views/targets.view.lkml,2,82b3ab594f0d8f518072f3e1cc4f4ce8ac1d576e
view,looker:analytics:view:team_revenue_targets,team_revenue_targets,,,view:table,mechanical,Medium,sql_table_name `ra-development.analytics_seed.consultant_targets_grades`,views/team_revenue_targets.view.lkml,1,82b3ab594f0d8f518072f3e1cc4f4ce8ac1d576e
view,looker:analytics:view:timesheet_project_costs_fact,timesheet_project_costs_fact,,,view:table,mechanical,Low,sql_table_name `ra-development.analytics.timesheet_project_costs_fact`,views/timesheet_project_costs_fact.view.lkml,2,82b3ab594f0d8f518072f3e1cc4f4ce8ac1d576e
view,looker:analytics:view:timesheet_project_engagement_progress_fact,timesheet_project_engagement_progress_fact,,,view:table,mechanical,Low,sql_table_name `ra-development.analytics.timesheet_project_engagement_progress_fact`,views/timesheet_project_engagement_progress_fact.view.lkml,3,82b3ab594f0d8f518072f3e1cc4f4ce8ac1d576e
view,looker:analytics:view:timesheet_project_engagement_progress_fact__deliverables,timesheet_project_engagement_progress_fact__deliverables,,,view:no_table,mechanical,Low,no sql_table_name or derived_table: table name defaults to view name,views/timesheet_project_engagement_progress_fact.view.lkml,97,82b3ab594f0d8f518072f3e1cc4f4ce8ac1d576e
view,looker:analytics:view:timesheet_project_engagement_progress_fact__objectives,timesheet_project_engagement_progress_fact__objectives,,,view:no_table,mechanical,Low,no sql_table_name or derived_table: table name defaults to view name,views/timesheet_project_engagement_progress_fact.view.lkml,42,82b3ab594f0d8f518072f3e1cc4f4ce8ac1d576e
view,looker:analytics:view:timesheet_project_engagement_rag_status_fact,timesheet_project_engagement_rag_status_fact,,,view:table,mechanical,High,sql_table_name `ra-development.analytics.timesheet_project_engagement_rag_status_fact`,views/timesheet_project_engagement_rag_status_fact.view.lkml,1,82b3ab594f0d8f518072f3e1cc4f4ce8ac1d576e
view,looker:analytics:view:timesheet_project_engagement_rag_status_fact__client_action_points,timesheet_project_engagement_rag_status_fact__client_action_points,,,view:no_table,mechanical,Low,no sql_table_name or derived_table: table name defaults to view name,views/timesheet_project_engagement_rag_status_fact.view.lkml,222,82b3ab594f0d8f518072f3e1cc4f4ce8ac1d576e
view,looker:analytics:view:timesheet_project_engagement_rag_status_fact__month_timeline_events,timesheet_project_engagement_rag_status_fact__month_timeline_events,,,view:no_table,mechanical,Low,no sql_table_name or derived_table: table name defaults to view name,views/timesheet_project_engagement_rag_status_fact.view.lkml,243,82b3ab594f0d8f518072f3e1cc4f4ce8ac1d576e
view,looker:analytics:view:timesheet_project_engagement_rag_status_fact__ra_action_points,timesheet_project_engagement_rag_status_fact__ra_action_points,,,view:no_table,mechanical,Low,no sql_table_name or derived_table: table name defaults to view name,views/timesheet_project_engagement_rag_status_fact.view.lkml,201,82b3ab594f0d8f518072f3e1cc4f4ce8ac1d576e
view,looker:analytics:view:timesheet_project_engagements_dim__projects,timesheet_project_engagements_dim__projects,,,view:no_table,mechanical,Low,no sql_table_name or derived_table: table name defaults to view name,views/engagements.view.lkml,283,82b3ab594f0d8f518072f3e1cc4f4ce8ac1d576e
view,looker:analytics:view:timesheet_project_monthly_forecast_billing_fact,timesheet_project_monthly_forecast_billing_fact,,,view:derived_table,mechanical,Low,ephemeral derived table: becomes an Omni sql view,views/timesheet_project_monthly_forecast_billing_fact.view.lkml,1,82b3ab594f0d8f518072f3e1cc4f4ce8ac1d576e
view,looker:analytics:view:timesheet_project_stakeholder_jtbd_fact,timesheet_project_stakeholder_jtbd_fact,,,view:table,mechanical,Low,sql_table_name `ra-development.analytics.timesheet_project_stakeholder_jtbd_fact`,views/timesheet_project_stakeholder_jtbd_fact.view.lkml,15,82b3ab594f0d8f518072f3e1cc4f4ce8ac1d576e
view,looker:analytics:view:timesheet_project_stakeholder_jtbd_fact__identified_jtbds,timesheet_project_stakeholder_jtbd_fact__identified_jtbds,,,view:no_table,mechanical,Low,no sql_table_name or derived_table: table name defaults to view name,views/timesheet_project_stakeholder_jtbd_fact.view.lkml,76,82b3ab594f0d8f518072f3e1cc4f4ce8ac1d576e
view,looker:analytics:view:timesheet_project_stakeholder_jtbd_fact__keywords,timesheet_project_stakeholder_jtbd_fact__keywords,,,view:no_table,mechanical,Low,no sql_table_name or derived_table: table name defaults to view name,views/timesheet_project_stakeholder_jtbd_fact.view.lkml,59,82b3ab594f0d8f518072f3e1cc4f4ce8ac1d576e
view,looker:analytics:view:timesheet_projects_dim,timesheet_projects_dim,,,view:sql_table_name_liquid,redesign,High,Liquid in sql_table_name,views/timesheet_projects_dim.view.lkml,1,82b3ab594f0d8f518072f3e1cc4f4ce8ac1d576e
view,looker:analytics:view:timesheet_tasks_dim,timesheet_tasks_dim,,,view:sql_table_name_liquid,redesign,High,Liquid in sql_table_name,views/timesheet_tasks_dim.view.lkml,1,82b3ab594f0d8f518072f3e1cc4f4ce8ac1d576e
view,looker:analytics:view:timesheets_fact,timesheets_fact,,,view:sql_table_name_liquid,redesign,High,Liquid in sql_table_name,views/timesheets_fact.view.lkml,1,82b3ab594f0d8f518072f3e1cc4f4ce8ac1d576e
view,looker:analytics:view:timesheets_forecast_fact,timesheets_forecast_fact,,,view:table,mechanical,Low,sql_table_name `ra-development.analytics.timesheets_forecast_fact`,views/timesheets_forecast_fact.view.lkml,2,82b3ab594f0d8f518072f3e1cc4f4ce8ac1d576e
view,looker:analytics:view:transactions_fact,transactions_fact,,,view:sql_table_name_liquid,redesign,High,Liquid in sql_table_name,views/transactions_fact.view.lkml,1,82b3ab594f0d8f518072f3e1cc4f4ce8ac1d576e
view,looker:analytics:view:users_dim,users_dim,,,view:sql_table_name_liquid,redesign,High,Liquid in sql_table_name,views/users_dim.view.lkml,1,82b3ab594f0d8f518072f3e1cc4f4ce8ac1d576e
view,looker:analytics:view:web_events_fact,web_events_fact,,,view:derived_table,mechanical,High,ephemeral derived table: becomes an Omni sql view,views/web_events_fact.view.lkml,1,82b3ab594f0d8f518072f3e1cc4f4ce8ac1d576e
view,looker:analytics:view:web_sessions_fact,web_sessions_fact,,,view:sql_table_name_liquid,redesign,High,Liquid in sql_table_name,views/web_sessions_fact.view.lkml,1,82b3ab594f0d8f518072f3e1cc4f4ce8ac1d576e
view,looker:analytics:view:website_leads,website_leads,,,view:derived_table,mechanical,Medium,ephemeral derived table: becomes an Omni sql view,views/website_leads.view.lkml,1,82b3ab594f0d8f518072f3e1cc4f4ce8ac1d576e
view,looker:analytics:view:wh_sessions_attribution,wh_sessions_attribution,,,view:derived_table,mechanical,Low,ephemeral derived table: becomes an Omni sql view,views/wh_sessions_attribution.view.lkml,2,82b3ab594f0d8f518072f3e1cc4f4ce8ac1d576e
view,looker:analytics:view:workstations_dim,workstations_dim,,,view:table,mechanical,Low,sql_table_name `ra-development.analytics.workstations_dim`,views/workstations_dim.view.lkml,1,82b3ab594f0d8f518072f3e1cc4f4ce8ac1d576e
explore,looker:analytics:explore:ad_campaign_performance_fact,ad_campaign_performance_fact,ad_campaign_performance_fact,,explore,mechanical,Low,hidden: yes,models/analytics.model.lkml,34,82b3ab594f0d8f518072f3e1cc4f4ce8ac1d576e
explore,looker:analytics:explore:chart_of_accounts_dim,chart_of_accounts_dim,chart_of_accounts_dim,,explore,mechanical,Low,,models/analytics.model.lkml,1003,82b3ab594f0d8f518072f3e1cc4f4ce8ac1d576e
explore,looker:analytics:explore:coding_agent_prompts_fact,coding_agent_prompts_fact,coding_agent_prompts_fact,,explore,mechanical,Low,,models/analytics.model.lkml,1040,82b3ab594f0d8f518072f3e1cc4f4ce8ac1d576e
explore,looker:analytics:explore:companies_dim,companies_dim,companies_dim,,explore,mechanical,Low,,models/analytics.model.lkml,531,82b3ab594f0d8f518072f3e1cc4f4ce8ac1d576e
explore,looker:analytics:explore:company_comparison,company_comparison,company_comparison,,explore,mechanical,Low,hidden: yes,models/analytics.model.lkml,415,82b3ab594f0d8f518072f3e1cc4f4ce8ac1d576e
explore,looker:analytics:explore:contact_utilization_fact,contact_utilization_fact,contact_utilization_fact,,explore,mechanical,Low,hidden: yes,models/analytics.model.lkml,468,82b3ab594f0d8f518072f3e1cc4f4ce8ac1d576e
explore,looker:analytics:explore:contacts,contacts_dim,contacts,,explore,assisted,Medium,sql_always_where: confirm references resolve on the topic (always_where_sql); hidden: yes,models/analytics.model.lkml,157,82b3ab594f0d8f518072f3e1cc4f4ce8ac1d576e
explore,looker:analytics:explore:cumulative_churned_clients,cumulative_churned_clients,cumulative_churned_clients,,explore,mechanical,Low,hidden: yes,models/analytics.model.lkml,128,82b3ab594f0d8f518072f3e1cc4f4ce8ac1d576e
explore,looker:analytics:explore:dbt_slack,dbt_slack,dbt_slack,,explore,mechanical,Low,hidden: yes,views/dbt_slack.view.lkml,2,82b3ab594f0d8f518072f3e1cc4f4ce8ac1d576e
explore,looker:analytics:explore:engagement_actions_fact,engagement_actions_fact,engagement_actions_fact,,explore,assisted,Medium,always_filter: becomes default_filters; date expressions are never mechanical,models/analytics.model.lkml,1102,82b3ab594f0d8f518072f3e1cc4f4ce8ac1d576e
explore,looker:analytics:explore:engagement_burn_up_fact,engagement_burn_up_fact,engagement_burn_up_fact,,explore,mechanical,Low,,models/analytics.model.lkml,1094,82b3ab594f0d8f518072f3e1cc4f4ce8ac1d576e
explore,looker:analytics:explore:engagement_context_attribution,engagement_context_attribution,engagement_context_attribution,,explore,assisted,Medium,always_filter: becomes default_filters; date expressions are never mechanical,models/analytics.model.lkml,1114,82b3ab594f0d8f518072f3e1cc4f4ce8ac1d576e
explore,looker:analytics:explore:engagement_health_fact,engagement_health_fact,engagement_health_fact,,explore,assisted,Medium,always_filter: becomes default_filters; date expressions are never mechanical,models/analytics.model.lkml,1070,82b3ab594f0d8f518072f3e1cc4f4ce8ac1d576e
explore,looker:analytics:explore:engagement_renewal_analysis,engagement_renewal_analysis,engagement_renewal_analysis,,explore,mechanical,Low,,models/analytics.model.lkml,120,82b3ab594f0d8f518072f3e1cc4f4ce8ac1d576e
explore,looker:analytics:explore:engagement_sprint_burn_fact,engagement_sprint_burn_fact,engagement_sprint_burn_fact,,explore,assisted,Medium,always_filter: becomes default_filters; date expressions are never mechanical,models/analytics.model.lkml,1082,82b3ab594f0d8f518072f3e1cc4f4ce8ac1d576e
explore,looker:analytics:explore:fathom_meetings,fathom_meetings,fathom_meetings,,explore,mechanical,Low,hidden: yes,models/analytics.model.lkml,274,82b3ab594f0d8f518072f3e1cc4f4ce8ac1d576e
explore,looker:analytics:explore:icp_lookalike_audience_uk_ie_eu_only,icp_lookalike_audience_uk_ie_eu_only,icp_lookalike_audience_uk_ie_eu_only,,explore,mechanical,Low,hidden: yes,models/analytics.model.lkml,256,82b3ab594f0d8f518072f3e1cc4f4ce8ac1d576e
explore,looker:analytics:explore:kpi_scorecard,kpi_scorecard,kpi_scorecard,,explore,mechanical,Low,,models/analytics.model.lkml,21,82b3ab594f0d8f518072f3e1cc4f4ce8ac1d576e
explore,looker:analytics:explore:looker_usage_stats,looker_usage_stats,looker_usage_stats,,explore,mechanical,Low,hidden: yes,models/analytics.model.lkml,270,82b3ab594f0d8f518072f3e1cc4f4ce8ac1d576e
explore,looker:analytics:explore:marketing_email_sends,email_sends_dim,marketing_email_sends,,explore,mechanical,Low,hidden: yes,models/analytics.model.lkml,136,82b3ab594f0d8f518072f3e1cc4f4ce8ac1d576e
explore,looker:analytics:explore:monthly_resource_revenue_forecast_fact,monthly_resource_revenue_forecast_fact,monthly_resource_revenue_forecast_fact,,explore,mechanical,Low,hidden: yes,models/analytics.model.lkml,261,82b3ab594f0d8f518072f3e1cc4f4ce8ac1d576e
explore,looker:analytics:explore:monzo_bank_transactions_enriched,monzo_bank_transactions_enriched,monzo_bank_transactions_enriched,,explore,mechanical,Low,hidden: yes,models/analytics.model.lkml,250,82b3ab594f0d8f518072f3e1cc4f4ce8ac1d576e
explore,looker:analytics:explore:nps_survey_results_fact,nps_survey_results_fact,nps_survey_results_fact,,explore,mechanical,Low,hidden: yes,models/analytics.model.lkml,426,82b3ab594f0d8f518072f3e1cc4f4ce8ac1d576e
explore,looker:analytics:explore:organic_posts_dim,organic_posts_dim,organic_posts_dim,,explore,mechanical,Low,,models/analytics.model.lkml,23,82b3ab594f0d8f518072f3e1cc4f4ce8ac1d576e
explore,looker:analytics:explore:page_keyword_performance,page_keyword_performance,page_keyword_performance,,explore,mechanical,Low,hidden: yes,models/analytics.model.lkml,148,82b3ab594f0d8f518072f3e1cc4f4ce8ac1d576e
explore,looker:analytics:explore:page_report,page_report,page_report,,explore,mechanical,Low,,models/analytics.model.lkml,80,82b3ab594f0d8f518072f3e1cc4f4ce8ac1d576e
explore,looker:analytics:explore:people,contacts_dim,people,,explore,mechanical,Low,hidden: yes,models/analytics.model.lkml,285,82b3ab594f0d8f518072f3e1cc4f4ce8ac1d576e
explore,looker:analytics:explore:persons_dim,persons_dim,persons_dim,,explore,mechanical,Low,hidden: yes,models/analytics.model.lkml,1127,82b3ab594f0d8f518072f3e1cc4f4ce8ac1d576e
explore,looker:analytics:explore:project_attribution,project_attribution,project_attribution,,explore,mechanical,Low,,models/analytics.model.lkml,965,82b3ab594f0d8f518072f3e1cc4f4ce8ac1d576e
explore,looker:analytics:explore:project_engagements,project_engagements,project_engagements,,explore,mechanical,Low,hidden: yes,models/analytics.model.lkml,152,82b3ab594f0d8f518072f3e1cc4f4ce8ac1d576e
explore,looker:analytics:explore:revenue_and_forecast,revenue_and_forecast,revenue_and_forecast,,explore,mechanical,Low,hidden: yes,models/analytics.model.lkml,419,82b3ab594f0d8f518072f3e1cc4f4ce8ac1d576e
explore,looker:analytics:explore:site_report_by_site,site_report_by_site,site_report_by_site,,explore,mechanical,Low,hidden: yes,models/analytics.model.lkml,49,82b3ab594f0d8f518072f3e1cc4f4ce8ac1d576e
explore,looker:analytics:explore:src_control_repos_dim,src_control_repos_dim,src_control_repos_dim,,explore,mechanical,Low,,models/analytics.model.lkml,82,82b3ab594f0d8f518072f3e1cc4f4ce8ac1d576e
explore,looker:analytics:explore:staff_weekly_engagement_fact,staff_weekly_engagement_fact,staff_weekly_engagement_fact,,explore,mechanical,Low,,models/analytics.model.lkml,53,82b3ab594f0d8f518072f3e1cc4f4ce8ac1d576e
explore,looker:analytics:explore:targets,targets,targets,,explore,mechanical,Low,,models/analytics.model.lkml,456,82b3ab594f0d8f518072f3e1cc4f4ce8ac1d576e
explore,looker:analytics:explore:timesheet_project_monthly_forecast_billing_fact,timesheet_project_monthly_forecast_billing_fact,timesheet_project_monthly_forecast_billing_fact,,explore,mechanical,Low,hidden: yes,models/analytics.model.lkml,266,82b3ab594f0d8f518072f3e1cc4f4ce8ac1d576e
explore,looker:analytics:explore:timesheet_project_stakeholder_jtbd_fact,timesheet_project_stakeholder_jtbd_fact,timesheet_project_stakeholder_jtbd_fact,,explore,mechanical,Low,hidden: yes,views/timesheet_project_stakeholder_jtbd_fact.view.lkml,2,82b3ab594f0d8f518072f3e1cc4f4ce8ac1d576e
explore,looker:analytics:explore:web_sessions_fact,web_sessions_fact,web_sessions_fact,,explore,mechanical,Low,,models/analytics.model.lkml,482,82b3ab594f0d8f518072f3e1cc4f4ce8ac1d576e
explore,looker:analytics:explore:website_leads,website_leads,website_leads,,explore,mechanical,Low,,models/analytics.model.lkml,451,82b3ab594f0d8f518072f3e1cc4f4ce8ac1d576e
join,looker:analytics:join:ad_campaign_performance_fact:ad_campaigns_dim,ad_campaigns_dim,ad_campaign_performance_fact,ad_campaigns_dim,join:many_to_one:left_outer,mechanical,Low,,models/analytics.model.lkml,41,82b3ab594f0d8f518072f3e1cc4f4ce8ac1d576e
join,looker:analytics:join:chart_of_accounts_dim:bank_account_details,bank_account_details,chart_of_accounts_dim,bank_account_details,join:many_to_one:inner,assisted,Medium,type: inner,models/analytics.model.lkml,1026,82b3ab594f0d8f518072f3e1cc4f4ce8ac1d576e
join,looker:analytics:join:chart_of_accounts_dim:bank_transactions_fact,bank_transactions_fact,chart_of_accounts_dim,bank_transactions_fact,join:one_to_many:left_outer,assisted,Medium,"relationship one_to_many: fan-out join, joined view needs primary_key",models/analytics.model.lkml,1020,82b3ab594f0d8f518072f3e1cc4f4ce8ac1d576e
join,looker:analytics:join:chart_of_accounts_dim:general_ledger_fact,general_ledger_fact,chart_of_accounts_dim,general_ledger_fact,join:one_to_many:left_outer,assisted,Medium,"relationship one_to_many: fan-out join, joined view needs primary_key",models/analytics.model.lkml,1008,82b3ab594f0d8f518072f3e1cc4f4ce8ac1d576e
join,looker:analytics:join:chart_of_accounts_dim:profit_and_loss_report_fact,profit_and_loss_report_fact,chart_of_accounts_dim,profit_and_loss_report_fact,join:one_to_many:left_outer,assisted,Medium,"relationship one_to_many: fan-out join, joined view needs primary_key",models/analytics.model.lkml,1014,82b3ab594f0d8f518072f3e1cc4f4ce8ac1d576e
join,looker:analytics:join:coding_agent_prompts_fact:coding_agent_commands_dim,coding_agent_commands_dim,coding_agent_prompts_fact,coding_agent_commands_dim,join:many_to_one:left_outer,mechanical,Low,,models/analytics.model.lkml,1046,82b3ab594f0d8f518072f3e1cc4f4ce8ac1d576e
join,looker:analytics:join:coding_agent_prompts_fact:persons_dim,persons_dim,coding_agent_prompts_fact,persons_dim,join:many_to_one:left_outer,mechanical,Low,,models/analytics.model.lkml,1061,82b3ab594f0d8f518072f3e1cc4f4ce8ac1d576e
join,looker:analytics:join:coding_agent_prompts_fact:workstations_dim,workstations_dim,coding_agent_prompts_fact,workstations_dim,join:many_to_one:left_outer,mechanical,Low,,models/analytics.model.lkml,1053,82b3ab594f0d8f518072f3e1cc4f4ce8ac1d576e
join,looker:analytics:join:companies_dim:client_prospect_status_dim,client_prospect_status_dim,companies_dim,client_prospect_status_dim,join:one_to_one:left_outer,mechanical,Low,,models/analytics.model.lkml,748,82b3ab594f0d8f518072f3e1cc4f4ce8ac1d576e
join,looker:analytics:join:companies_dim:companies_dim__all_company_ids,companies_dim__all_company_ids,companies_dim,companies_dim__all_company_ids,join:one_to_many:left_outer,redesign,High,"join without sql_on (custom sql join, e.g. LEFT JOIN UNNEST): no Omni relationship form",models/analytics.model.lkml,737,82b3ab594f0d8f518072f3e1cc4f4ce8ac1d576e
join,looker:analytics:join:companies_dim:company_converted_projects,company_converted_projects,companies_dim,company_converted_projects,join:one_to_one:inner,assisted,Medium,type: inner,models/analytics.model.lkml,538,82b3ab594f0d8f518072f3e1cc4f4ce8ac1d576e
join,looker:analytics:join:companies_dim:company_deal_value_attribute,company_deal_value_attribute,companies_dim,company_deal_value_attribute,join:one_to_one:left_outer,mechanical,Low,,models/analytics.model.lkml,766,82b3ab594f0d8f518072f3e1cc4f4ce8ac1d576e
join,looker:analytics:join:companies_dim:contact_companies_fact,contact_companies_fact,companies_dim,contact_companies_fact,join:one_to_many:left_outer,assisted,Medium,"relationship one_to_many: fan-out join, joined view needs primary_key",models/analytics.model.lkml,924,82b3ab594f0d8f518072f3e1cc4f4ce8ac1d576e
join,looker:analytics:join:companies_dim:contact_meetings_fact,contact_meetings_fact,companies_dim,contact_meetings_fact,join:one_to_many:left_outer,assisted,Medium,"relationship one_to_many: fan-out join, joined view needs primary_key",models/analytics.model.lkml,930,82b3ab594f0d8f518072f3e1cc4f4ce8ac1d576e
join,looker:analytics:join:companies_dim:contacts,contacts_dim,companies_dim,contacts,join:many_to_one:left_outer,assisted,Medium,aliased join (from: contacts_dim): join_to_view_as,models/analytics.model.lkml,937,82b3ab594f0d8f518072f3e1cc4f4ce8ac1d576e
join,looker:analytics:join:companies_dim:customer_meeting_attendees,contacts_dim,companies_dim,customer_meeting_attendees,join:many_to_one:left_outer,assisted,Medium,aliased join (from: contacts_dim): join_to_view_as,models/analytics.model.lkml,657,82b3ab594f0d8f518072f3e1cc4f4ce8ac1d576e
join,looker:analytics:join:companies_dim:message_contacts,contacts_dim,companies_dim,message_contacts,join:many_to_one:left_outer,assisted,Medium,aliased join (from: contacts_dim): join_to_view_as,models/analytics.model.lkml,681,82b3ab594f0d8f518072f3e1cc4f4ce8ac1d576e
join,looker:analytics:join:companies_dim:project_invoice_timesheet_users,contacts_dim,companies_dim,project_invoice_timesheet_users,join:many_to_one:left_outer,assisted,Medium,aliased join (from: contacts_dim): join_to_view_as,models/analytics.model.lkml,828,82b3ab594f0d8f518072f3e1cc4f4ce8ac1d576e
join,looker:analytics:join:companies_dim:project_timesheet_users,contacts_dim,companies_dim,project_timesheet_users,join:one_to_many:left_outer,assisted,Medium,"relationship one_to_many: fan-out join, joined view needs primary_key; aliased join (from: contacts_dim): join_to_view_as",models/analytics.model.lkml,848,82b3ab594f0d8f518072f3e1cc4f4ce8ac1d576e
join,looker:analytics:join:companies_dim:recognized_revenue_contact,contacts_dim,companies_dim,recognized_revenue_contact,join:many_to_one:left_outer,assisted,Medium,aliased join (from: contacts_dim): join_to_view_as,models/analytics.model.lkml,806,82b3ab594f0d8f518072f3e1cc4f4ce8ac1d576e
join,looker:analytics:join:companies_dim:team_dim,contacts_dim,companies_dim,team_dim,join:many_to_one:left_outer,assisted,Medium,aliased join (from: contacts_dim): join_to_view_as,models/analytics.model.lkml,916,82b3ab594f0d8f518072f3e1cc4f4ce8ac1d576e
join,looker:analytics:join:companies_dim:timesheet_project_engagement_timesheet_users,contacts_dim,companies_dim,timesheet_project_engagement_timesheet_users,join:one_to_many:left_outer,assisted,Medium,"relationship one_to_many: fan-out join, joined view needs primary_key; aliased join (from: contacts_dim): join_to_view_as",models/analytics.model.lkml,713,82b3ab594f0d8f518072f3e1cc4f4ce8ac1d576e
join,looker:analytics:join:companies_dim:contracts_fact,contracts_fact,companies_dim,contracts_fact,join:one_to_many:inner,assisted,Medium,"relationship one_to_many: fan-out join, joined view needs primary_key; type: inner",models/analytics.model.lkml,944,82b3ab594f0d8f518072f3e1cc4f4ce8ac1d576e
join,looker:analytics:join:companies_dim:customer_first_deal_cohorts,customer_first_deal_cohorts,companies_dim,customer_first_deal_cohorts,join:one_to_one:inner,assisted,Medium,type: inner,models/analytics.model.lkml,884,82b3ab594f0d8f518072f3e1cc4f4ce8ac1d576e
join,looker:analytics:join:companies_dim:customer_first_order_segments,customer_first_order_segments,companies_dim,customer_first_order_segments,join:one_to_one:left_outer,mechanical,Low,,models/analytics.model.lkml,754,82b3ab594f0d8f518072f3e1cc4f4ce8ac1d576e
join,looker:analytics:join:companies_dim:customer_meetings,customer_meetings,companies_dim,customer_meetings,join:one_to_many:inner,assisted,Medium,"relationship one_to_many: fan-out join, joined view needs primary_key; type: inner",models/analytics.model.lkml,645,82b3ab594f0d8f518072f3e1cc4f4ce8ac1d576e
join,looker:analytics:join:companies_dim:deal_pipeline_history,deal_pipeline_history,companies_dim,deal_pipeline_history,join:one_to_many:inner,assisted,Medium,"relationship one_to_many: fan-out join, joined view needs primary_key; type: inner",models/analytics.model.lkml,878,82b3ab594f0d8f518072f3e1cc4f4ce8ac1d576e
join,looker:analytics:join:companies_dim:deals_fact,deals_fact,companies_dim,deals_fact,join:one_to_many:left_outer,assisted,Medium,"relationship one_to_many: fan-out join, joined view needs primary_key",models/analytics.model.lkml,864,82b3ab594f0d8f518072f3e1cc4f4ce8ac1d576e
join,looker:analytics:join:companies_dim:delivery_project_docs_dim,delivery_project_docs_dim,companies_dim,delivery_project_docs_dim,join:many_to_one:inner,assisted,Medium,type: inner,models/analytics.model.lkml,612,82b3ab594f0d8f518072f3e1cc4f4ce8ac1d576e
join,looker:analytics:join:companies_dim:projects_managed,delivery_projects_dim,companies_dim,projects_managed,join:one_to_many:left_outer,assisted,Medium,"relationship one_to_many: fan-out join, joined view needs primary_key; aliased join (from: delivery_projects_dim): join_to_view_as",models/analytics.model.lkml,890,82b3ab594f0d8f518072f3e1cc4f4ce8ac1d576e
join,looker:analytics:join:companies_dim:delivery_task_history,delivery_task_history,companies_dim,delivery_task_history,join:one_to_one:left_outer,mechanical,Low,,models/analytics.model.lkml,903,82b3ab594f0d8f518072f3e1cc4f4ce8ac1d576e
join,looker:analytics:join:companies_dim:delivery_tasks_fact,delivery_tasks_fact,companies_dim,delivery_tasks_fact,join:one_to_many:left_outer,assisted,Medium,"relationship one_to_many: fan-out join, joined view needs primary_key",models/analytics.model.lkml,897,82b3ab594f0d8f518072f3e1cc4f4ce8ac1d576e
join,looker:analytics:join:companies_dim:engagement_details,engagement_details,companies_dim,engagement_details,join:one_to_one:left_outer,mechanical,Low,,models/analytics.model.lkml,596,82b3ab594f0d8f518072f3e1cc4f4ce8ac1d576e
join,looker:analytics:join:companies_dim:engagement_details__deliverables,engagement_details__deliverables,companies_dim,engagement_details__deliverables,join:one_to_many:left_outer,redesign,High,"join without sql_on (custom sql join, e.g. LEFT JOIN UNNEST): no Omni relationship form",models/analytics.model.lkml,607,82b3ab594f0d8f518072f3e1cc4f4ce8ac1d576e
join,looker:analytics:join:companies_dim:engagement_details__objectives,engagement_details__objectives,companies_dim,engagement_details__objectives,join:one_to_many:left_outer,redesign,High,"join without sql_on (custom sql join, e.g. LEFT JOIN UNNEST): no Omni relationship form",models/analytics.model.lkml,602,82b3ab594f0d8f518072f3e1cc4f4ce8ac1d576e
join,looker:analytics:join:companies_dim:engagements,engagements,companies_dim,engagements,join:one_to_many:left_outer,assisted,Medium,"relationship one_to_many: fan-out join, joined view needs primary_key",models/analytics.model.lkml,569,82b3ab594f0d8f518072f3e1cc4f4ce8ac1d576e
join,looker:analytics:join:companies_dim:exchange_rates,exchange_rates,companies_dim,exchange_rates,join:many_to_one:left_outer,mechanical,Low,,models/analytics.model.lkml,786,82b3ab594f0d8f518072f3e1cc4f4ce8ac1d576e
join,looker:analytics:join:companies_dim:expenses_exchange_rates,exchange_rates,companies_dim,expenses_exchange_rates,join:many_to_one:left_outer,assisted,Medium,aliased join (from: exchange_rates): join_to_view_as,models/analytics.model.lkml,957,82b3ab594f0d8f518072f3e1cc4f4ce8ac1d576e
join,looker:analytics:join:companies_dim:projects_invoiced,invoices_fact,companies_dim,projects_invoiced,join:one_to_many:left_outer,assisted,Medium,"relationship one_to_many: fan-out join, joined view needs primary_key; aliased join (from: invoices_fact): join_to_view_as",models/analytics.model.lkml,772,82b3ab594f0d8f518072f3e1cc4f4ce8ac1d576e
join,looker:analytics:join:companies_dim:timesheet_project_engagements_projects_invoiced,invoices_fact,companies_dim,timesheet_project_engagements_projects_invoiced,join:one_to_many:left_outer,assisted,Medium,"relationship one_to_many: fan-out join, joined view needs primary_key; aliased join (from: invoices_fact): join_to_view_as",models/analytics.model.lkml,688,82b3ab594f0d8f518072f3e1cc4f4ce8ac1d576e
join,looker:analytics:join:companies_dim:messages_fact,messages_fact,companies_dim,messages_fact,join:one_to_many:inner,assisted,Medium,"relationship one_to_many: fan-out join, joined view needs primary_key; type: inner",models/analytics.model.lkml,675,82b3ab594f0d8f518072f3e1cc4f4ce8ac1d576e
join,looker:analytics:join:companies_dim:nps_survey_results_fact,nps_survey_results_fact,companies_dim,nps_survey_results_fact,join:one_to_many:left_outer,assisted,Medium,"relationship one_to_many: fan-out join, joined view needs primary_key",models/analytics.model.lkml,742,82b3ab594f0d8f518072f3e1cc4f4ce8ac1d576e
join,looker:analytics:join:companies_dim:payments_fact,payments_fact,companies_dim,payments_fact,join:one_to_many:left_outer,assisted,Medium,"relationship one_to_many: fan-out join, joined view needs primary_key",models/analytics.model.lkml,910,82b3ab594f0d8f518072f3e1cc4f4ce8ac1d576e
join,looker:analytics:join:companies_dim:persons_dim,persons_dim,companies_dim,persons_dim,join:one_to_one:left_outer,mechanical,Low,,models/analytics.model.lkml,562,82b3ab594f0d8f518072f3e1cc4f4ce8ac1d576e
join,looker:analytics:join:companies_dim:project_engagements,project_engagements,companies_dim,project_engagements,join:one_to_many:left_outer,assisted,Medium,"relationship one_to_many: fan-out join, joined view needs primary_key",models/analytics.model.lkml,639,82b3ab594f0d8f518072f3e1cc4f4ce8ac1d576e
join,looker:analytics:join:companies_dim:projects_delivered_is_ontime,projects_delivered_is_ontime,companies_dim,projects_delivered_is_ontime,join:one_to_one:left_outer,mechanical,Low,,models/analytics.model.lkml,842,82b3ab594f0d8f518072f3e1cc4f4ce8ac1d576e
join,looker:analytics:join:companies_dim:timesheet_project_engagements_dim__projects_is_ontime,projects_delivered_is_ontime,companies_dim,timesheet_project_engagements_dim__projects_is_ontime,join:one_to_one:left_outer,assisted,Medium,aliased join (from: projects_delivered_is_ontime): join_to_view_as,models/analytics.model.lkml,580,82b3ab594f0d8f518072f3e1cc4f4ce8ac1d576e
join,looker:analytics:join:companies_dim:recognized_project_revenue,recognized_revenue_fact,companies_dim,recognized_project_revenue,join:one_to_many:left_outer,assisted,Medium,"relationship one_to_many: fan-out join, joined view needs primary_key; aliased join (from: recognized_revenue_fact): join_to_view_as",models/analytics.model.lkml,791,82b3ab594f0d8f518072f3e1cc4f4ce8ac1d576e
join,looker:analytics:join:companies_dim:timesheet_project_engagement_recognized_revenue,recognized_revenue_fact,companies_dim,timesheet_project_engagement_recognized_revenue,join:one_to_many:left_outer,assisted,Medium,"relationship one_to_many: fan-out join, joined view needs primary_key; aliased join (from: recognized_revenue_fact): join_to_view_as",models/analytics.model.lkml,704,82b3ab594f0d8f518072f3e1cc4f4ce8ac1d576e
join,looker:analytics:join:companies_dim:rfm_model,rfm_model,companies_dim,rfm_model,join:one_to_one:left_outer,mechanical,Low,,models/analytics.model.lkml,760,82b3ab594f0d8f518072f3e1cc4f4ce8ac1d576e
join,looker:analytics:join:companies_dim:src_control_daily_metrics_fact,src_control_daily_metrics_fact,companies_dim,src_control_daily_metrics_fact,join:one_to_many:left_outer,assisted,Medium,"relationship one_to_many: fan-out join, joined view needs primary_key",models/analytics.model.lkml,550,82b3ab594f0d8f518072f3e1cc4f4ce8ac1d576e
join,looker:analytics:join:companies_dim:src_control_pull_requests_fact,src_control_pull_requests_fact,companies_dim,src_control_pull_requests_fact,join:one_to_many:left_outer,assisted,Medium,"relationship one_to_many: fan-out join, joined view needs primary_key",models/analytics.model.lkml,556,82b3ab594f0d8f518072f3e1cc4f4ce8ac1d576e
join,looker:analytics:join:companies_dim:src_control_repos_dim,src_control_repos_dim,companies_dim,src_control_repos_dim,join:one_to_many:left_outer,assisted,Medium,"relationship one_to_many: fan-out join, joined view needs primary_key",models/analytics.model.lkml,544,82b3ab594f0d8f518072f3e1cc4f4ce8ac1d576e
join,looker:analytics:join:companies_dim:deal_targets,targets,companies_dim,deal_targets,join:many_to_one:left_outer,assisted,Medium,aliased join (from: targets): join_to_view_as,models/analytics.model.lkml,870,82b3ab594f0d8f518072f3e1cc4f4ce8ac1d576e
join,looker:analytics:join:companies_dim:revenue_target,targets,companies_dim,revenue_target,join:one_to_many:left_outer,assisted,Medium,"relationship one_to_many: fan-out join, joined view needs primary_key; aliased join (from: targets): join_to_view_as",models/analytics.model.lkml,798,82b3ab594f0d8f518072f3e1cc4f4ce8ac1d576e
join,looker:analytics:join:companies_dim:team_revenue_targets,team_revenue_targets,companies_dim,team_revenue_targets,join:one_to_many:left_outer,assisted,Medium,"relationship one_to_many: fan-out join, joined view needs primary_key",models/analytics.model.lkml,814,82b3ab594f0d8f518072f3e1cc4f4ce8ac1d576e
join,looker:analytics:join:companies_dim:timesheet_project_costs_fact,timesheet_project_costs_fact,companies_dim,timesheet_project_costs_fact,join:many_to_one:left_outer,mechanical,Low,,models/analytics.model.lkml,950,82b3ab594f0d8f518072f3e1cc4f4ce8ac1d576e
join,looker:analytics:join:companies_dim:timesheet_project_engagement_project_costs_fact,timesheet_project_costs_fact,companies_dim,timesheet_project_engagement_project_costs_fact,join:one_to_many:left_outer,assisted,Medium,"relationship one_to_many: fan-out join, joined view needs primary_key; aliased join (from: timesheet_project_costs_fact): join_to_view_as",models/analytics.model.lkml,588,82b3ab594f0d8f518072f3e1cc4f4ce8ac1d576e
join,looker:analytics:join:companies_dim:timesheet_project_engagement_rag_status_fact,timesheet_project_engagement_rag_status_fact,companies_dim,timesheet_project_engagement_rag_status_fact,join:one_to_many:left_outer,assisted,Medium,"relationship one_to_many: fan-out join, joined view needs primary_key",models/analytics.model.lkml,618,82b3ab594f0d8f518072f3e1cc4f4ce8ac1d576e
join,looker:analytics:join:companies_dim:timesheet_project_engagement_rag_status_fact__client_action_points,timesheet_project_engagement_rag_status_fact__client_action_points,companies_dim,timesheet_project_engagement_rag_status_fact__client_action_points,join:one_to_many:left_outer,redesign,High,"join without sql_on (custom sql join, e.g. LEFT JOIN UNNEST): no Omni relationship form",models/analytics.model.lkml,634,82b3ab594f0d8f518072f3e1cc4f4ce8ac1d576e
join,looker:analytics:join:companies_dim:timesheet_project_engagement_rag_status_fact__month_timeline_events,timesheet_project_engagement_rag_status_fact__month_timeline_events,companies_dim,timesheet_project_engagement_rag_status_fact__month_timeline_events,join:one_to_many:left_outer,redesign,High,"join without sql_on (custom sql join, e.g. LEFT JOIN UNNEST): no Omni relationship form",models/analytics.model.lkml,624,82b3ab594f0d8f518072f3e1cc4f4ce8ac1d576e
join,looker:analytics:join:companies_dim:timesheet_project_engagement_rag_status_fact__ra_action_points,timesheet_project_engagement_rag_status_fact__ra_action_points,companies_dim,timesheet_project_engagement_rag_status_fact__ra_action_points,join:one_to_many:left_outer,redesign,High,"join without sql_on (custom sql join, e.g. LEFT JOIN UNNEST): no Omni relationship form",models/analytics.model.lkml,629,82b3ab594f0d8f518072f3e1cc4f4ce8ac1d576e
join,looker:analytics:join:companies_dim:timesheet_project_engagements_dim__projects,timesheet_project_engagements_dim__projects,companies_dim,timesheet_project_engagements_dim__projects,join:one_to_many:left_outer,redesign,High,"join without sql_on (custom sql join, e.g. LEFT JOIN UNNEST): no Omni relationship form",models/analytics.model.lkml,575,82b3ab594f0d8f518072f3e1cc4f4ce8ac1d576e
join,looker:analytics:join:companies_dim:timesheet_project_stakeholder_jtbd_fact,timesheet_project_stakeholder_jtbd_fact,companies_dim,timesheet_project_stakeholder_jtbd_fact,join:one_to_one:left_outer,mechanical,Low,,models/analytics.model.lkml,651,82b3ab594f0d8f518072f3e1cc4f4ce8ac1d576e
join,looker:analytics:join:companies_dim:timesheet_project_stakeholder_jtbd_fact__identified_jtbds,timesheet_project_stakeholder_jtbd_fact__identified_jtbds,companies_dim,timesheet_project_stakeholder_jtbd_fact__identified_jtbds,join:one_to_many:left_outer,redesign,High,"join without sql_on (custom sql join, e.g. LEFT JOIN UNNEST): no Omni relationship form",models/analytics.model.lkml,670,82b3ab594f0d8f518072f3e1cc4f4ce8ac1d576e
join,looker:analytics:join:companies_dim:timesheet_project_stakeholder_jtbd_fact__keywords,timesheet_project_stakeholder_jtbd_fact__keywords,companies_dim,timesheet_project_stakeholder_jtbd_fact__keywords,join:one_to_many:left_outer,redesign,High,"join without sql_on (custom sql join, e.g. LEFT JOIN UNNEST): no Omni relationship form",models/analytics.model.lkml,665,82b3ab594f0d8f518072f3e1cc4f4ce8ac1d576e
join,looker:analytics:join:companies_dim:projects_delivered,timesheet_projects_dim,companies_dim,projects_delivered,join:one_to_many:left_outer,assisted,Medium,"relationship one_to_many: fan-out join, joined view needs primary_key; aliased join (from: timesheet_projects_dim): join_to_view_as",models/analytics.model.lkml,779,82b3ab594f0d8f518072f3e1cc4f4ce8ac1d576e
join,looker:analytics:join:companies_dim:timesheet_project_engagement_timesheets_projects_dim,timesheet_projects_dim,companies_dim,timesheet_project_engagement_timesheets_projects_dim,join:many_to_one:left_outer,assisted,Medium,aliased join (from: timesheet_projects_dim): join_to_view_as,models/analytics.model.lkml,729,82b3ab594f0d8f518072f3e1cc4f4ce8ac1d576e
join,looker:analytics:join:companies_dim:project_timesheet_tasks,timesheet_tasks_dim,companies_dim,project_timesheet_tasks,join:one_to_many:left_outer,assisted,Medium,"relationship one_to_many: fan-out join, joined view needs primary_key; aliased join (from: timesheet_tasks_dim): join_to_view_as",models/analytics.model.lkml,856,82b3ab594f0d8f518072f3e1cc4f4ce8ac1d576e
join,looker:analytics:join:companies_dim:timesheet_project_engagement_timesheet_tasks,timesheet_tasks_dim,companies_dim,timesheet_project_engagement_timesheet_tasks,join:one_to_many:left_outer,assisted,Medium,"relationship one_to_many: fan-out join, joined view needs primary_key; aliased join (from: timesheet_tasks_dim): join_to_view_as",models/analytics.model.lkml,721,82b3ab594f0d8f518072f3e1cc4f4ce8ac1d576e
join,looker:analytics:join:companies_dim:project_invoice_timesheets,timesheets_fact,companies_dim,project_invoice_timesheets,join:one_to_many:left_outer,assisted,Medium,"relationship one_to_many: fan-out join, joined view needs primary_key; aliased join (from: timesheets_fact): join_to_view_as",models/analytics.model.lkml,821,82b3ab594f0d8f518072f3e1cc4f4ce8ac1d576e
join,looker:analytics:join:companies_dim:project_timesheets,timesheets_fact,companies_dim,project_timesheets,join:one_to_many:left_outer,assisted,Medium,"relationship one_to_many: fan-out join, joined view needs primary_key; aliased join (from: timesheets_fact): join_to_view_as",models/analytics.model.lkml,835,82b3ab594f0d8f518072f3e1cc4f4ce8ac1d576e
join,looker:analytics:join:companies_dim:timesheet_project_engagement_timesheets,timesheets_fact,companies_dim,timesheet_project_engagement_timesheets,join:one_to_many:left_outer,assisted,Medium,"relationship one_to_many: fan-out join, joined view needs primary_key; aliased join (from: timesheets_fact): join_to_view_as",models/analytics.model.lkml,696,82b3ab594f0d8f518072f3e1cc4f4ce8ac1d576e
join,looker:analytics:join:contact_utilization_fact:staff_dim,staff_dim,contact_utilization_fact,staff_dim,join:many_to_one:left_outer,mechanical,Low,,models/analytics.model.lkml,474,82b3ab594f0d8f518072f3e1cc4f4ce8ac1d576e
join,looker:analytics:join:contacts:delivered_companies_dim,companies_dim,contacts,delivered_companies_dim,join:one_to_many:inner,assisted,Medium,"relationship one_to_many: fan-out join, joined view needs primary_key; type: inner; aliased join (from: companies_dim): join_to_view_as",models/analytics.model.lkml,234,82b3ab594f0d8f518072f3e1cc4f4ce8ac1d576e
join,looker:analytics:join:contacts:projects_delivered_clients,companies_dim,contacts,projects_delivered_clients,join:one_to_many:inner,assisted,Medium,"relationship one_to_many: fan-out join, joined view needs primary_key; type: inner; aliased join (from: companies_dim): join_to_view_as",models/analytics.model.lkml,195,82b3ab594f0d8f518072f3e1cc4f4ce8ac1d576e
join,looker:analytics:join:contacts:customer_meetings,customer_meetings,contacts,customer_meetings,join:one_to_many:left_outer,assisted,Medium,"relationship one_to_many: fan-out join, joined view needs primary_key",models/analytics.model.lkml,176,82b3ab594f0d8f518072f3e1cc4f4ce8ac1d576e
join,looker:analytics:join:contacts:projects_managed,delivery_projects_dim,contacts,projects_managed,join:one_to_many:left_outer,assisted,Medium,"relationship one_to_many: fan-out join, joined view needs primary_key; aliased join (from: delivery_projects_dim): join_to_view_as",models/analytics.model.lkml,227,82b3ab594f0d8f518072f3e1cc4f4ce8ac1d576e
join,looker:analytics:join:contacts:delivery_tasks_fact,delivery_tasks_fact,contacts,delivery_tasks_fact,join:one_to_many:left_outer,assisted,Medium,"relationship one_to_many: fan-out join, joined view needs primary_key",models/analytics.model.lkml,221,82b3ab594f0d8f518072f3e1cc4f4ce8ac1d576e
join,looker:analytics:join:contacts:exchange_rates,exchange_rates,contacts,exchange_rates,join:many_to_one:left_outer,mechanical,Low,,models/analytics.model.lkml,216,82b3ab594f0d8f518072f3e1cc4f4ce8ac1d576e
join,looker:analytics:join:contacts:projects_invoiced,invoices_fact,contacts,projects_invoiced,join:one_to_many:left_outer,assisted,Medium,"relationship one_to_many: fan-out join, joined view needs primary_key; aliased join (from: invoices_fact): join_to_view_as",models/analytics.model.lkml,209,82b3ab594f0d8f518072f3e1cc4f4ce8ac1d576e
join,looker:analytics:join:contacts:meeting_contact_lines_fact,meeting_contact_lines_fact,contacts,meeting_contact_lines_fact,join:one_to_many:left_outer,assisted,Medium,"relationship one_to_many: fan-out join, joined view needs primary_key",models/analytics.model.lkml,182,82b3ab594f0d8f518072f3e1cc4f4ce8ac1d576e
join,looker:analytics:join:contacts:messages_fact,messages_fact,contacts,messages_fact,join:one_to_many:left_outer,assisted,Medium,"relationship one_to_many: fan-out join, joined view needs primary_key",models/analytics.model.lkml,170,82b3ab594f0d8f518072f3e1cc4f4ce8ac1d576e
join,looker:analytics:join:contacts:payments_fact,payments_fact,contacts,payments_fact,join:one_to_many:left_outer,assisted,Medium,"relationship one_to_many: fan-out join, joined view needs primary_key",models/analytics.model.lkml,242,82b3ab594f0d8f518072f3e1cc4f4ce8ac1d576e
join,looker:analytics:join:contacts:projects_delivered,timesheet_projects_dim,contacts,projects_delivered,join:one_to_many:left_outer,assisted,Medium,"relationship one_to_many: fan-out join, joined view needs primary_key; aliased join (from: timesheet_projects_dim): join_to_view_as",models/analytics.model.lkml,188,82b3ab594f0d8f518072f3e1cc4f4ce8ac1d576e
join,looker:analytics:join:contacts:timesheet_tasks_dim,timesheet_tasks_dim,contacts,timesheet_tasks_dim,join:many_to_one:inner,assisted,Medium,type: inner,models/analytics.model.lkml,203,82b3ab594f0d8f518072f3e1cc4f4ce8ac1d576e
join,looker:analytics:join:contacts:timesheets_fact,timesheets_fact,contacts,timesheets_fact,join:one_to_many:left_outer,assisted,Medium,"relationship one_to_many: fan-out join, joined view needs primary_key",models/analytics.model.lkml,164,82b3ab594f0d8f518072f3e1cc4f4ce8ac1d576e
join,looker:analytics:join:dbt_slack:dbt_slack__slack_channels,dbt_slack__slack_channels,dbt_slack,dbt_slack__slack_channels,join:one_to_many:left_outer,redesign,High,"join without sql_on (custom sql join, e.g. LEFT JOIN UNNEST): no Omni relationship form",views/dbt_slack.view.lkml,5,82b3ab594f0d8f518072f3e1cc4f4ce8ac1d576e
join,looker:analytics:join:fathom_meetings:fathom_meeting_actions,fathom_meeting_actions,fathom_meetings,fathom_meeting_actions,join:one_to_many:left_outer,assisted,Medium,"relationship one_to_many: fan-out join, joined view needs primary_key",models/analytics.model.lkml,277,82b3ab594f0d8f518072f3e1cc4f4ce8ac1d576e
join,looker:analytics:join:marketing_email_sends:email_send_outcomes_fact,email_send_outcomes_fact,marketing_email_sends,email_send_outcomes_fact,join:one_to_many:left_outer,assisted,Medium,"relationship one_to_many: fan-out join, joined view needs primary_key",models/analytics.model.lkml,140,82b3ab594f0d8f518072f3e1cc4f4ce8ac1d576e
join,looker:analytics:join:nps_survey_results_fact:companies_dim,companies_dim,nps_survey_results_fact,companies_dim,join:many_to_one:left_outer,mechanical,Low,,models/analytics.model.lkml,437,82b3ab594f0d8f518072f3e1cc4f4ce8ac1d576e
join,looker:analytics:join:nps_survey_results_fact:contacts_dim,contacts_dim,nps_survey_results_fact,contacts_dim,join:many_to_one:left_outer,mechanical,Low,,models/analytics.model.lkml,431,82b3ab594f0d8f518072f3e1cc4f4ce8ac1d576e
join,looker:analytics:join:nps_survey_results_fact:engagements,engagements,nps_survey_results_fact,engagements,join:one_to_many:inner,assisted,Medium,"relationship one_to_many: fan-out join, joined view needs primary_key; type: inner",models/analytics.model.lkml,443,82b3ab594f0d8f518072f3e1cc4f4ce8ac1d576e
join,looker:analytics:join:organic_posts_dim:organic_post_performance_fact,organic_post_performance_fact,organic_posts_dim,organic_post_performance_fact,join:one_to_many:inner,assisted,Medium,"relationship one_to_many: fan-out join, joined view needs primary_key; type: inner",models/analytics.model.lkml,26,82b3ab594f0d8f518072f3e1cc4f4ce8ac1d576e
join,looker:analytics:join:people:contact_bio,contact_bio,people,contact_bio,join:one_to_one:left_outer,mechanical,Low,,models/analytics.model.lkml,322,82b3ab594f0d8f518072f3e1cc4f4ce8ac1d576e
join,looker:analytics:join:people:contact_deals_fact,contact_deals_fact,people,contact_deals_fact,join:one_to_many:left_outer,assisted,Medium,"relationship one_to_many: fan-out join, joined view needs primary_key",models/analytics.model.lkml,359,82b3ab594f0d8f518072f3e1cc4f4ce8ac1d576e
join,looker:analytics:join:people:contact_engagements_fact,contact_engagements_fact,people,contact_engagements_fact,join:many_to_one:left_outer,mechanical,Low,,models/analytics.model.lkml,309,82b3ab594f0d8f518072f3e1cc4f4ce8ac1d576e
join,looker:analytics:join:people:contact_meetings_fact,contact_meetings_fact,people,contact_meetings_fact,join:one_to_many:left_outer,assisted,Medium,"relationship one_to_many: fan-out join, joined view needs primary_key",models/analytics.model.lkml,328,82b3ab594f0d8f518072f3e1cc4f4ce8ac1d576e
join,looker:analytics:join:people:contact_meetings_fact__all_attendee_person_pk,contact_meetings_fact__all_attendee_person_pk,people,contact_meetings_fact__all_attendee_person_pk,join:one_to_many:left_outer,redesign,High,"join without sql_on (custom sql join, e.g. LEFT JOIN UNNEST): no Omni relationship form",models/analytics.model.lkml,334,82b3ab594f0d8f518072f3e1cc4f4ce8ac1d576e
join,looker:analytics:join:people:contact_nps_survey_fact,contact_nps_survey_fact,people,contact_nps_survey_fact,join:one_to_many:inner,assisted,Medium,"relationship one_to_many: fan-out join, joined view needs primary_key; type: inner",models/analytics.model.lkml,407,82b3ab594f0d8f518072f3e1cc4f4ce8ac1d576e
join,looker:analytics:join:people:contacts_attended_dim,contacts_dim,people,contacts_attended_dim,join:many_to_one:inner,assisted,Medium,type: inner; aliased join (from: contacts_dim): join_to_view_as,models/analytics.model.lkml,339,82b3ab594f0d8f518072f3e1cc4f4ce8ac1d576e
join,looker:analytics:join:people:contacts_engaged_dim,contacts_dim,people,contacts_engaged_dim,join:many_to_one:left_outer,assisted,Medium,aliased join (from: contacts_dim): join_to_view_as,models/analytics.model.lkml,346,82b3ab594f0d8f518072f3e1cc4f4ce8ac1d576e
join,looker:analytics:join:people:contacts_influencer_list_xa,contacts_influencer_list_xa,people,contacts_influencer_list_xa,join:one_to_one:left_outer,mechanical,Low,,models/analytics.model.lkml,370,82b3ab594f0d8f518072f3e1cc4f4ce8ac1d576e
join,looker:analytics:join:people:contacts_web_event_history_xa,contacts_web_event_history_xa,people,contacts_web_event_history_xa,join:one_to_many:inner,assisted,Medium,"relationship one_to_many: fan-out join, joined view needs primary_key; type: inner",models/analytics.model.lkml,376,82b3ab594f0d8f518072f3e1cc4f4ce8ac1d576e
join,looker:analytics:join:people:contacts_web_interests_xa,contacts_web_interests_xa,people,contacts_web_interests_xa,join:one_to_many:left_outer,assisted,Medium,"relationship one_to_many: fan-out join, joined view needs primary_key",models/analytics.model.lkml,382,82b3ab594f0d8f518072f3e1cc4f4ce8ac1d576e
join,looker:analytics:join:people:contact_contracts,contracts_fact,people,contact_contracts,join:one_to_many:inner,assisted,Medium,"relationship one_to_many: fan-out join, joined view needs primary_key; type: inner; aliased join (from: contracts_fact): join_to_view_as",models/analytics.model.lkml,400,82b3ab594f0d8f518072f3e1cc4f4ce8ac1d576e
join,looker:analytics:join:people:contact_engagement_deal_fact,deals_fact,people,contact_engagement_deal_fact,join:many_to_one:left_outer,assisted,Medium,aliased join (from: deals_fact): join_to_view_as,models/analytics.model.lkml,315,82b3ab594f0d8f518072f3e1cc4f4ce8ac1d576e
join,looker:analytics:join:people:deals_fact,deals_fact,people,deals_fact,join:many_to_one:left_outer,mechanical,Low,,models/analytics.model.lkml,364,82b3ab594f0d8f518072f3e1cc4f4ce8ac1d576e
join,looker:analytics:join:people:looker_usage_fact,looker_usage_fact,people,looker_usage_fact,join:one_to_many:left_outer,assisted,Medium,"relationship one_to_many: fan-out join, joined view needs primary_key",models/analytics.model.lkml,353,82b3ab594f0d8f518072f3e1cc4f4ce8ac1d576e
join,looker:analytics:join:people:marketing_content_dim,marketing_content_dim,people,marketing_content_dim,join:many_to_one:left_outer,mechanical,Low,,models/analytics.model.lkml,394,82b3ab594f0d8f518072f3e1cc4f4ce8ac1d576e
join,looker:analytics:join:people:marketing_interactions_fact,marketing_interactions_fact,people,marketing_interactions_fact,join:one_to_many:left_outer,assisted,Medium,"relationship one_to_many: fan-out join, joined view needs primary_key",models/analytics.model.lkml,388,82b3ab594f0d8f518072f3e1cc4f4ce8ac1d576e
join,looker:analytics:join:people:recruiting_application_stages_dim,recruiting_application_stages_dim,people,recruiting_application_stages_dim,join:many_to_one:inner,assisted,Medium,type: inner,models/analytics.model.lkml,303,82b3ab594f0d8f518072f3e1cc4f4ce8ac1d576e
join,looker:analytics:join:people:recruiting_job_applications_fact,recruiting_job_applications_fact,people,recruiting_job_applications_fact,join:many_to_one:inner,assisted,Medium,type: inner,models/analytics.model.lkml,291,82b3ab594f0d8f518072f3e1cc4f4ce8ac1d576e
join,looker:analytics:join:people:recruiting_jobs_dim,recruiting_jobs_dim,people,recruiting_jobs_dim,join:many_to_one:inner,assisted,Medium,type: inner,models/analytics.model.lkml,297,82b3ab594f0d8f518072f3e1cc4f4ce8ac1d576e
join,looker:analytics:join:persons_dim:person_deals_bridge,contact_deals_fact,persons_dim,person_deals_bridge,join:one_to_many:left_outer,assisted,Medium,"relationship one_to_many: fan-out join, joined view needs primary_key; aliased join (from: contact_deals_fact): join_to_view_as",models/analytics.model.lkml,1169,82b3ab594f0d8f518072f3e1cc4f4ce8ac1d576e
join,looker:analytics:join:persons_dim:person_engagements,contact_engagements_fact,persons_dim,person_engagements,join:one_to_many:left_outer,assisted,Medium,"relationship one_to_many: fan-out join, joined view needs primary_key; aliased join (from: contact_engagements_fact): join_to_view_as",models/analytics.model.lkml,1190,82b3ab594f0d8f518072f3e1cc4f4ce8ac1d576e
join,looker:analytics:join:persons_dim:person_meetings,contact_meetings_fact,persons_dim,person_meetings,join:one_to_many:left_outer,assisted,Medium,"relationship one_to_many: fan-out join, joined view needs primary_key; aliased join (from: contact_meetings_fact): join_to_view_as",models/analytics.model.lkml,1183,82b3ab594f0d8f518072f3e1cc4f4ce8ac1d576e
join,looker:analytics:join:persons_dim:person_nps_surveys,contact_nps_survey_fact,persons_dim,person_nps_surveys,join:one_to_many:left_outer,assisted,Medium,"relationship one_to_many: fan-out join, joined view needs primary_key; aliased join (from: contact_nps_survey_fact): join_to_view_as",models/analytics.model.lkml,1232,82b3ab594f0d8f518072f3e1cc4f4ce8ac1d576e
join,looker:analytics:join:persons_dim:person_contracts,contracts_fact,persons_dim,person_contracts,join:one_to_many:left_outer,assisted,Medium,"relationship one_to_many: fan-out join, joined view needs primary_key; aliased join (from: contracts_fact): join_to_view_as",models/analytics.model.lkml,1253,82b3ab594f0d8f518072f3e1cc4f4ce8ac1d576e
join,looker:analytics:join:persons_dim:person_customer_meetings,customer_meetings,persons_dim,person_customer_meetings,join:one_to_many:left_outer,assisted,Medium,"relationship one_to_many: fan-out join, joined view needs primary_key; aliased join (from: customer_meetings): join_to_view_as",models/analytics.model.lkml,1260,82b3ab594f0d8f518072f3e1cc4f4ce8ac1d576e
join,looker:analytics:join:persons_dim:person_deals,deals_fact,persons_dim,person_deals,join:many_to_one:left_outer,assisted,Medium,aliased join (from: deals_fact): join_to_view_as,models/analytics.model.lkml,1176,82b3ab594f0d8f518072f3e1cc4f4ce8ac1d576e
join,looker:analytics:join:persons_dim:person_delivery_projects,delivery_projects_dim,persons_dim,person_delivery_projects,join:many_to_one:left_outer,assisted,Medium,aliased join (from: delivery_projects_dim): join_to_view_as,models/analytics.model.lkml,1162,82b3ab594f0d8f518072f3e1cc4f4ce8ac1d576e
join,looker:analytics:join:persons_dim:person_delivery_tasks,delivery_tasks_fact,persons_dim,person_delivery_tasks,join:one_to_many:left_outer,assisted,Medium,"relationship one_to_many: fan-out join, joined view needs primary_key; aliased join (from: delivery_tasks_fact): join_to_view_as",models/analytics.model.lkml,1155,82b3ab594f0d8f518072f3e1cc4f4ce8ac1d576e
join,looker:analytics:join:persons_dim:person_looker_usage,looker_usage_fact,persons_dim,person_looker_usage,join:one_to_many:left_outer,assisted,Medium,"relationship one_to_many: fan-out join, joined view needs primary_key; aliased join (from: looker_usage_fact): join_to_view_as",models/analytics.model.lkml,1239,82b3ab594f0d8f518072f3e1cc4f4ce8ac1d576e
join,looker:analytics:join:persons_dim:person_marketing_content,marketing_content_dim,persons_dim,person_marketing_content,join:many_to_one:left_outer,assisted,Medium,aliased join (from: marketing_content_dim): join_to_view_as,models/analytics.model.lkml,1225,82b3ab594f0d8f518072f3e1cc4f4ce8ac1d576e
join,looker:analytics:join:persons_dim:person_marketing_interactions,marketing_interactions_fact,persons_dim,person_marketing_interactions,join:one_to_many:left_outer,assisted,Medium,"relationship one_to_many: fan-out join, joined view needs primary_key; aliased join (from: marketing_interactions_fact): join_to_view_as",models/analytics.model.lkml,1218,82b3ab594f0d8f518072f3e1cc4f4ce8ac1d576e
join,looker:analytics:join:persons_dim:person_messages,messages_fact,persons_dim,person_messages,join:one_to_many:left_outer,assisted,Medium,"relationship one_to_many: fan-out join, joined view needs primary_key; aliased join (from: messages_fact): join_to_view_as",models/analytics.model.lkml,1246,82b3ab594f0d8f518072f3e1cc4f4ce8ac1d576e
join,looker:analytics:join:persons_dim:person_manager,persons_dim,persons_dim,person_manager,join:many_to_one:left_outer,assisted,Medium,aliased join (from: persons_dim): join_to_view_as,models/analytics.model.lkml,1267,82b3ab594f0d8f518072f3e1cc4f4ce8ac1d576e
join,looker:analytics:join:persons_dim:person_application_stages,recruiting_application_stages_dim,persons_dim,person_application_stages,join:many_to_one:left_outer,assisted,Medium,aliased join (from: recruiting_application_stages_dim): join_to_view_as,models/analytics.model.lkml,1211,82b3ab594f0d8f518072f3e1cc4f4ce8ac1d576e
join,looker:analytics:join:persons_dim:person_job_applications,recruiting_job_applications_fact,persons_dim,person_job_applications,join:one_to_many:left_outer,assisted,Medium,"relationship one_to_many: fan-out join, joined view needs primary_key; aliased join (from: recruiting_job_applications_fact): join_to_view_as",models/analytics.model.lkml,1197,82b3ab594f0d8f518072f3e1cc4f4ce8ac1d576e
join,looker:analytics:join:persons_dim:person_applied_jobs,recruiting_jobs_dim,persons_dim,person_applied_jobs,join:many_to_one:left_outer,assisted,Medium,aliased join (from: recruiting_jobs_dim): join_to_view_as,models/analytics.model.lkml,1204,82b3ab594f0d8f518072f3e1cc4f4ce8ac1d576e
join,looker:analytics:join:persons_dim:person_timesheet_projects,timesheet_projects_dim,persons_dim,person_timesheet_projects,join:many_to_one:left_outer,assisted,Medium,aliased join (from: timesheet_projects_dim): join_to_view_as,models/analytics.model.lkml,1141,82b3ab594f0d8f518072f3e1cc4f4ce8ac1d576e
join,looker:analytics:join:persons_dim:person_timesheet_tasks,timesheet_tasks_dim,persons_dim,person_timesheet_tasks,join:many_to_one:left_outer,assisted,Medium,aliased join (from: timesheet_tasks_dim): join_to_view_as,models/analytics.model.lkml,1148,82b3ab594f0d8f518072f3e1cc4f4ce8ac1d576e
join,looker:analytics:join:persons_dim:person_timesheets,timesheets_fact,persons_dim,person_timesheets,join:one_to_many:left_outer,assisted,Medium,"relationship one_to_many: fan-out join, joined view needs primary_key; aliased join (from: timesheets_fact): join_to_view_as",models/analytics.model.lkml,1134,82b3ab594f0d8f518072f3e1cc4f4ce8ac1d576e
join,looker:analytics:join:project_attribution:exchange_rates,exchange_rates,project_attribution,exchange_rates,join:many_to_one:left_outer,mechanical,Low,,models/analytics.model.lkml,996,82b3ab594f0d8f518072f3e1cc4f4ce8ac1d576e
join,looker:analytics:join:project_attribution:projects_invoiced,invoices_fact,project_attribution,projects_invoiced,join:one_to_many:left_outer,assisted,Medium,"relationship one_to_many: fan-out join, joined view needs primary_key; aliased join (from: invoices_fact): join_to_view_as",models/analytics.model.lkml,983,82b3ab594f0d8f518072f3e1cc4f4ce8ac1d576e
join,looker:analytics:join:project_attribution:payments_fact,payments_fact,project_attribution,payments_fact,join:one_to_many:left_outer,assisted,Medium,"relationship one_to_many: fan-out join, joined view needs primary_key",models/analytics.model.lkml,990,82b3ab594f0d8f518072f3e1cc4f4ce8ac1d576e
join,looker:analytics:join:project_attribution:staff_dim,staff_dim,project_attribution,staff_dim,join:many_to_one:inner,assisted,Medium,type: inner,models/analytics.model.lkml,971,82b3ab594f0d8f518072f3e1cc4f4ce8ac1d576e
join,looker:analytics:join:project_attribution:timesheet_projects_dim,timesheet_projects_dim,project_attribution,timesheet_projects_dim,join:many_to_one:inner,assisted,Medium,type: inner,models/analytics.model.lkml,977,82b3ab594f0d8f518072f3e1cc4f4ce8ac1d576e
join,looker:analytics:join:src_control_repos_dim:organisation,companies_dim,src_control_repos_dim,organisation,join:many_to_one:left_outer,assisted,Medium,aliased join (from: companies_dim): join_to_view_as,models/analytics.model.lkml,111,82b3ab594f0d8f518072f3e1cc4f4ce8ac1d576e
join,looker:analytics:join:src_control_repos_dim:persons_dim,persons_dim,src_control_repos_dim,persons_dim,join:one_to_one:left_outer,mechanical,Low,,models/analytics.model.lkml,97,82b3ab594f0d8f518072f3e1cc4f4ce8ac1d576e
join,looker:analytics:join:src_control_repos_dim:reviewer_persons_dim,persons_dim,src_control_repos_dim,reviewer_persons_dim,join:one_to_one:left_outer,assisted,Medium,aliased join (from: persons_dim): join_to_view_as,models/analytics.model.lkml,104,82b3ab594f0d8f518072f3e1cc4f4ce8ac1d576e
join,looker:analytics:join:src_control_repos_dim:src_control_daily_metrics_fact,src_control_daily_metrics_fact,src_control_repos_dim,src_control_daily_metrics_fact,join:one_to_many:left_outer,assisted,Medium,"relationship one_to_many: fan-out join, joined view needs primary_key",models/analytics.model.lkml,85,82b3ab594f0d8f518072f3e1cc4f4ce8ac1d576e
join,looker:analytics:join:src_control_repos_dim:src_control_pull_requests_fact,src_control_pull_requests_fact,src_control_repos_dim,src_control_pull_requests_fact,join:one_to_many:left_outer,assisted,Medium,"relationship one_to_many: fan-out join, joined view needs primary_key",models/analytics.model.lkml,91,82b3ab594f0d8f518072f3e1cc4f4ce8ac1d576e
join,looker:analytics:join:staff_weekly_engagement_fact:staff_daily_engagement_fact,staff_daily_engagement_fact,staff_weekly_engagement_fact,staff_daily_engagement_fact,join:one_to_many:left_outer,assisted,Medium,"relationship one_to_many: fan-out join, joined view needs primary_key",models/analytics.model.lkml,59,82b3ab594f0d8f518072f3e1cc4f4ce8ac1d576e
join,looker:analytics:join:staff_weekly_engagement_fact:staff_event_timeline_fact,staff_event_timeline_fact,staff_weekly_engagement_fact,staff_event_timeline_fact,join:one_to_many:left_outer,assisted,Medium,"relationship one_to_many: fan-out join, joined view needs primary_key",models/analytics.model.lkml,69,82b3ab594f0d8f518072f3e1cc4f4ce8ac1d576e
join,looker:analytics:join:targets:sales_targets,sales_targets,targets,sales_targets,join:one_to_one:left_outer,mechanical,Low,,models/analytics.model.lkml,460,82b3ab594f0d8f518072f3e1cc4f4ce8ac1d576e
join,looker:analytics:join:timesheet_project_stakeholder_jtbd_fact:timesheet_project_stakeholder_jtbd_fact__identified_jtbds,timesheet_project_stakeholder_jtbd_fact__identified_jtbds,timesheet_project_stakeholder_jtbd_fact,timesheet_project_stakeholder_jtbd_fact__identified_jtbds,join:one_to_many:left_outer,redesign,High,"join without sql_on (custom sql join, e.g. LEFT JOIN UNNEST): no Omni relationship form",views/timesheet_project_stakeholder_jtbd_fact.view.lkml,9,82b3ab594f0d8f518072f3e1cc4f4ce8ac1d576e
join,looker:analytics:join:timesheet_project_stakeholder_jtbd_fact:timesheet_project_stakeholder_jtbd_fact__keywords,timesheet_project_stakeholder_jtbd_fact__keywords,timesheet_project_stakeholder_jtbd_fact,timesheet_project_stakeholder_jtbd_fact__keywords,join:one_to_many:left_outer,redesign,High,"join without sql_on (custom sql join, e.g. LEFT JOIN UNNEST): no Omni relationship form",views/timesheet_project_stakeholder_jtbd_fact.view.lkml,4,82b3ab594f0d8f518072f3e1cc4f4ce8ac1d576e
join,looker:analytics:join:web_sessions_fact:has_viewed_pricing,has_viewed_pricing,web_sessions_fact,has_viewed_pricing,join:one_to_one:inner,assisted,Medium,type: inner,models/analytics.model.lkml,512,82b3ab594f0d8f518072f3e1cc4f4ce8ac1d576e
join,looker:analytics:join:web_sessions_fact:ips_enriched,ips_enriched,web_sessions_fact,ips_enriched,join:many_to_one:left_outer,mechanical,Low,,models/analytics.model.lkml,506,82b3ab594f0d8f518072f3e1cc4f4ce8ac1d576e
join,looker:analytics:join:web_sessions_fact:is_conversion_session,is_conversion_session,web_sessions_fact,is_conversion_session,join:one_to_one:left_outer,mechanical,Low,,models/analytics.model.lkml,518,82b3ab594f0d8f518072f3e1cc4f4ce8ac1d576e
join,looker:analytics:join:web_sessions_fact:page_first_published,page_first_published,web_sessions_fact,page_first_published,join:one_to_one:left_outer,mechanical,Low,,models/analytics.model.lkml,494,82b3ab594f0d8f518072f3e1cc4f4ce8ac1d576e
join,looker:analytics:join:web_sessions_fact:web_events_fact,web_events_fact,web_sessions_fact,web_events_fact,join:one_to_many:left_outer,assisted,Medium,"relationship one_to_many: fan-out join, joined view needs primary_key",models/analytics.model.lkml,500,82b3ab594f0d8f518072f3e1cc4f4ce8ac1d576e
join,looker:analytics:join:web_sessions_fact:wh_sessions_attribution,wh_sessions_attribution,web_sessions_fact,wh_sessions_attribution,join:one_to_one:left_outer,mechanical,Low,,models/analytics.model.lkml,487,82b3ab594f0d8f518072f3e1cc4f4ce8ac1d576e
dimension,looker:analytics:field:ad_campaign_performance_fact:ad_campaign_fk,ad_campaign_performance_fact,,ad_campaign_fk,dimension:column,mechanical,Low,,views/ad_campaign_performance_fact.view.lkml,12,82b3ab594f0d8f518072f3e1cc4f4ce8ac1d576e
dimension,looker:analytics:field:ad_campaigns_dim:ad_campaign_id,ad_campaigns_dim,,ad_campaign_id,dimension:column,mechanical,Low,,views/ad_campaigns_dim.view.lkml,19,82b3ab594f0d8f518072f3e1cc4f4ce8ac1d576e
dimension,looker:analytics:field:ad_campaigns_dim:ad_campaign_name,ad_campaigns_dim,,ad_campaign_name,dimension:column,mechanical,Low,,views/ad_campaigns_dim.view.lkml,24,82b3ab594f0d8f518072f3e1cc4f4ce8ac1d576e
dimension,looker:analytics:field:ad_campaigns_dim:ad_campaign_pk,ad_campaigns_dim,,ad_campaign_pk,dimension:column,mechanical,Low,,views/ad_campaigns_dim.view.lkml,29,82b3ab594f0d8f518072f3e1cc4f4ce8ac1d576e
dimension,looker:analytics:field:ad_campaigns_dim:ad_campaign_status,ad_campaigns_dim,,ad_campaign_status,dimension:column,mechanical,Low,,views/ad_campaigns_dim.view.lkml,48,82b3ab594f0d8f518072f3e1cc4f4ce8ac1d576e
dimension,looker:analytics:field:ad_campaigns_dim:ad_network,ad_campaigns_dim,,ad_network,dimension:column,mechanical,Low,,views/ad_campaigns_dim.view.lkml,53,82b3ab594f0d8f518072f3e1cc4f4ce8ac1d576e
dimension,looker:analytics:field:ad_campaigns_dim:campaign_buying_type,ad_campaigns_dim,,campaign_buying_type,dimension:column,mechanical,Low,,views/ad_campaigns_dim.view.lkml,58,82b3ab594f0d8f518072f3e1cc4f4ce8ac1d576e
dimension,looker:analytics:field:ad_campaigns_dim:utm_campaign,ad_campaigns_dim,,utm_campaign,dimension:column,mechanical,Low,,views/ad_campaigns_dim.view.lkml,63,82b3ab594f0d8f518072f3e1cc4f4ce8ac1d576e
dimension,looker:analytics:field:ad_campaigns_dim:utm_medium,ad_campaigns_dim,,utm_medium,dimension:column,mechanical,Low,,views/ad_campaigns_dim.view.lkml,68,82b3ab594f0d8f518072f3e1cc4f4ce8ac1d576e
dimension,looker:analytics:field:ad_campaigns_dim:utm_source,ad_campaigns_dim,,utm_source,dimension:column,mechanical,Low,,views/ad_campaigns_dim.view.lkml,73,82b3ab594f0d8f518072f3e1cc4f4ce8ac1d576e
dimension,looker:analytics:field:ad_performance_snapshot_fact:account_id,ad_performance_snapshot_fact,,account_id,dimension:column,mechanical,Low,,views/ad_performance_snapshot_fact.view.lkml,5,82b3ab594f0d8f518072f3e1cc4f4ce8ac1d576e
dimension,looker:analytics:field:ad_performance_snapshot_fact:ad_action_type,ad_performance_snapshot_fact,,ad_action_type,dimension:column,mechanical,Low,,views/ad_performance_snapshot_fact.view.lkml,10,82b3ab594f0d8f518072f3e1cc4f4ce8ac1d576e
dimension,looker:analytics:field:ad_performance_snapshot_fact:ad_action_value,ad_performance_snapshot_fact,,ad_action_value,dimension:column,mechanical,Low,,views/ad_performance_snapshot_fact.view.lkml,15,82b3ab594f0d8f518072f3e1cc4f4ce8ac1d576e
dimension,looker:analytics:field:ad_performance_snapshot_fact:ad_performance_snapshot_pk,ad_performance_snapshot_fact,,ad_performance_snapshot_pk,dimension:column,mechanical,Low,,views/ad_performance_snapshot_fact.view.lkml,20,82b3ab594f0d8f518072f3e1cc4f4ce8ac1d576e
dimension,looker:analytics:field:ad_performance_snapshot_fact:ad_pk,ad_performance_snapshot_fact,,ad_pk,dimension:column,mechanical,Low,,views/ad_performance_snapshot_fact.view.lkml,25,82b3ab594f0d8f518072f3e1cc4f4ce8ac1d576e
dimension,looker:analytics:field:ad_performance_snapshot_fact:ad_total_1d_clicks,ad_performance_snapshot_fact,,ad_total_1d_clicks,dimension:column,mechanical,Low,,views/ad_performance_snapshot_fact.view.lkml,44,82b3ab594f0d8f518072f3e1cc4f4ce8ac1d576e
dimension,looker:analytics:field:ad_performance_snapshot_fact:ad_total_28d_clicks,ad_performance_snapshot_fact,,ad_total_28d_clicks,dimension:column,mechanical,Low,,views/ad_performance_snapshot_fact.view.lkml,49,82b3ab594f0d8f518072f3e1cc4f4ce8ac1d576e
dimension,looker:analytics:field:ad_performance_snapshot_fact:ad_total_7d_clicks,ad_performance_snapshot_fact,,ad_total_7d_clicks,dimension:column,mechanical,Low,,views/ad_performance_snapshot_fact.view.lkml,54,82b3ab594f0d8f518072f3e1cc4f4ce8ac1d576e
dimension,looker:analytics:field:ad_performance_snapshot_fact:adset_pk,ad_performance_snapshot_fact,,adset_pk,dimension:column,mechanical,Low,,views/ad_performance_snapshot_fact.view.lkml,59,82b3ab594f0d8f518072f3e1cc4f4ce8ac1d576e
dimension,looker:analytics:field:ad_performance_snapshot_fact:campaign_pk,ad_performance_snapshot_fact,,campaign_pk,dimension:column,mechanical,Low,,views/ad_performance_snapshot_fact.view.lkml,64,82b3ab594f0d8f518072f3e1cc4f4ce8ac1d576e
dimension,looker:analytics:field:ad_roi_summary_fact:actual_cpc,ad_roi_summary_fact,,actual_cpc,dimension:column,mechanical,Low,,views/ad_roi_summary_fact.view.lkml,5,82b3ab594f0d8f518072f3e1cc4f4ce8ac1d576e
dimension,looker:analytics:field:ad_roi_summary_fact:actual_ctr,ad_roi_summary_fact,,actual_ctr,dimension:column,mechanical,Low,,views/ad_roi_summary_fact.view.lkml,288,82b3ab594f0d8f518072f3e1cc4f4ce8ac1d576e
dimension,looker:analytics:field:ad_roi_summary_fact:actual_vs_reported_clicks_pct,ad_roi_summary_fact,,actual_vs_reported_clicks_pct,dimension:column,mechanical,Low,,views/ad_roi_summary_fact.view.lkml,303,82b3ab594f0d8f518072f3e1cc4f4ce8ac1d576e
dimension,looker:analytics:field:ad_roi_summary_fact:ad_campaign_id,ad_roi_summary_fact,,ad_campaign_id,dimension:column,mechanical,Low,,views/ad_roi_summary_fact.view.lkml,318,82b3ab594f0d8f518072f3e1cc4f4ce8ac1d576e
dimension,looker:analytics:field:ad_roi_summary_fact:ad_campaign_pk,ad_roi_summary_fact,,ad_campaign_pk,dimension:column,mechanical,Low,,views/ad_roi_summary_fact.view.lkml,324,82b3ab594f0d8f518072f3e1cc4f4ce8ac1d576e
dimension,looker:analytics:field:ad_roi_summary_fact:dim_avg_reported_bounce_rate,ad_roi_summary_fact,,dim_avg_reported_bounce_rate,dimension:column,mechanical,Low,,views/ad_roi_summary_fact.view.lkml,330,82b3ab594f0d8f518072f3e1cc4f4ce8ac1d576e
dimension,looker:analytics:field:ad_roi_summary_fact:dim_avg_reported_time_on_site,ad_roi_summary_fact,,dim_avg_reported_time_on_site,dimension:column,mechanical,Low,,views/ad_roi_summary_fact.view.lkml,345,82b3ab594f0d8f518072f3e1cc4f4ce8ac1d576e
dimension,looker:analytics:field:ad_roi_summary_fact:dim_total_clicks,ad_roi_summary_fact,,dim_total_clicks,dimension:column,mechanical,Low,,views/ad_roi_summary_fact.view.lkml,424,82b3ab594f0d8f518072f3e1cc4f4ce8ac1d576e
dimension,looker:analytics:field:ad_roi_summary_fact:dim_total_reported_clicks,ad_roi_summary_fact,,dim_total_reported_clicks,dimension:column,mechanical,Low,,views/ad_roi_summary_fact.view.lkml,439,82b3ab594f0d8f518072f3e1cc4f4ce8ac1d576e
dimension,looker:analytics:field:ad_roi_summary_fact:dim_total_reported_cost,ad_roi_summary_fact,,dim_total_reported_cost,dimension:column,mechanical,Low,,views/ad_roi_summary_fact.view.lkml,454,82b3ab594f0d8f518072f3e1cc4f4ce8ac1d576e
dimension,looker:analytics:field:ad_roi_summary_fact:dim_total_reported_impressions,ad_roi_summary_fact,,dim_total_reported_impressions,dimension:column,mechanical,Low,,views/ad_roi_summary_fact.view.lkml,469,82b3ab594f0d8f518072f3e1cc4f4ce8ac1d576e
dimension,looker:analytics:field:ad_roi_summary_fact:dim_total_reported_invalid_clicks,ad_roi_summary_fact,,dim_total_reported_invalid_clicks,dimension:column,mechanical,Low,,views/ad_roi_summary_fact.view.lkml,484,82b3ab594f0d8f518072f3e1cc4f4ce8ac1d576e
dimension,looker:analytics:field:ad_roi_summary_fact:group_a_yesno,ad_roi_summary_fact,,group_a_yesno,dimension:liquid,redesign,High,Liquid in sql or label: templated filter or dashboard control,views/ad_roi_summary_fact.view.lkml,662,82b3ab594f0d8f518072f3e1cc4f4ce8ac1d576e
dimension,looker:analytics:field:ad_roi_summary_fact:group_b_yesno,ad_roi_summary_fact,,group_b_yesno,dimension:liquid,redesign,High,Liquid in sql or label: templated filter or dashboard control,views/ad_roi_summary_fact.view.lkml,688,82b3ab594f0d8f518072f3e1cc4f4ce8ac1d576e
dimension,looker:analytics:field:ad_roi_summary_fact:is_in_time_a_or_b,ad_roi_summary_fact,,is_in_time_a_or_b,dimension:derived,mechanical,Low,,views/ad_roi_summary_fact.view.lkml,700,82b3ab594f0d8f518072f3e1cc4f4ce8ac1d576e
dimension,looker:analytics:field:ad_roi_summary_fact:reported_cpc,ad_roi_summary_fact,,reported_cpc,dimension:column,mechanical,Low,,views/ad_roi_summary_fact.view.lkml,387,82b3ab594f0d8f518072f3e1cc4f4ce8ac1d576e
dimension,looker:analytics:field:ad_roi_summary_fact:reported_ctr,ad_roi_summary_fact,,reported_ctr,dimension:column,mechanical,Low,,views/ad_roi_summary_fact.view.lkml,409,82b3ab594f0d8f518072f3e1cc4f4ce8ac1d576e
dimension,looker:analytics:field:ad_roi_summary_fact:timeframe_duration,ad_roi_summary_fact,,timeframe_duration,dimension:liquid,redesign,High,Liquid in sql or label: templated filter or dashboard control,views/ad_roi_summary_fact.view.lkml,677,82b3ab594f0d8f518072f3e1cc4f4ce8ac1d576e
dimension,looker:analytics:field:ad_roi_summary_fact:weeks_since_campaign_start,ad_roi_summary_fact,,weeks_since_campaign_start,dimension:column,mechanical,Low,,views/ad_roi_summary_fact.view.lkml,499,82b3ab594f0d8f518072f3e1cc4f4ce8ac1d576e
dimension,looker:analytics:field:ads_dim:account_id,ads_dim,,account_id,dimension:column,mechanical,Low,,views/ads_dim.view.lkml,5,82b3ab594f0d8f518072f3e1cc4f4ce8ac1d576e
dimension,looker:analytics:field:ads_dim:ad_bid_type,ads_dim,,ad_bid_type,dimension:column,mechanical,Low,,views/ads_dim.view.lkml,10,82b3ab594f0d8f518072f3e1cc4f4ce8ac1d576e
dimension,looker:analytics:field:ads_dim:ad_conversion_specs,ads_dim,,ad_conversion_specs,dimension:column,mechanical,Low,,views/ads_dim.view.lkml,15,82b3ab594f0d8f518072f3e1cc4f4ce8ac1d576e
dimension,looker:analytics:field:ads_dim:ad_creative,ads_dim,,ad_creative,dimension:column,mechanical,Low,,views/ads_dim.view.lkml,34,82b3ab594f0d8f518072f3e1cc4f4ce8ac1d576e
dimension,looker:analytics:field:ads_dim:ad_effective_status,ads_dim,,ad_effective_status,dimension:column,mechanical,Low,,views/ads_dim.view.lkml,39,82b3ab594f0d8f518072f3e1cc4f4ce8ac1d576e
dimension,looker:analytics:field:ads_dim:ad_id,ads_dim,,ad_id,dimension:column,mechanical,Low,,views/ads_dim.view.lkml,44,82b3ab594f0d8f518072f3e1cc4f4ce8ac1d576e
dimension,looker:analytics:field:ads_dim:ad_last_updated_by_app_id,ads_dim,,ad_last_updated_by_app_id,dimension:column,mechanical,Low,,views/ads_dim.view.lkml,63,82b3ab594f0d8f518072f3e1cc4f4ce8ac1d576e
dimension,looker:analytics:field:ads_dim:ad_name,ads_dim,,ad_name,dimension:column,mechanical,Low,,views/ads_dim.view.lkml,68,82b3ab594f0d8f518072f3e1cc4f4ce8ac1d576e
dimension,looker:analytics:field:ads_dim:ad_pk,ads_dim,,ad_pk,dimension:column,mechanical,Low,,views/ads_dim.view.lkml,73,82b3ab594f0d8f518072f3e1cc4f4ce8ac1d576e
dimension,looker:analytics:field:ads_dim:ad_recommendations,ads_dim,,ad_recommendations,dimension:column,mechanical,Low,,views/ads_dim.view.lkml,78,82b3ab594f0d8f518072f3e1cc4f4ce8ac1d576e
dimension,looker:analytics:field:ads_dim:ad_status,ads_dim,,ad_status,dimension:column,mechanical,Low,,views/ads_dim.view.lkml,83,82b3ab594f0d8f518072f3e1cc4f4ce8ac1d576e
dimension,looker:analytics:field:ads_dim:ad_targeting,ads_dim,,ad_targeting,dimension:column,mechanical,Low,,views/ads_dim.view.lkml,88,82b3ab594f0d8f518072f3e1cc4f4ce8ac1d576e
dimension,looker:analytics:field:ads_dim:ad_tracking_specs,ads_dim,,ad_tracking_specs,dimension:column,mechanical,Low,,views/ads_dim.view.lkml,93,82b3ab594f0d8f518072f3e1cc4f4ce8ac1d576e
dimension,looker:analytics:field:ads_dim:adset_id,ads_dim,,adset_id,dimension:column,mechanical,Low,,views/ads_dim.view.lkml,98,82b3ab594f0d8f518072f3e1cc4f4ce8ac1d576e
dimension,looker:analytics:field:ads_dim:campaign_id,ads_dim,,campaign_id,dimension:column,mechanical,Low,,views/ads_dim.view.lkml,103,82b3ab594f0d8f518072f3e1cc4f4ce8ac1d576e
dimension,looker:analytics:field:ads_dim:source_ad_id,ads_dim,,source_ad_id,dimension:column,mechanical,Low,,views/ads_dim.view.lkml,108,82b3ab594f0d8f518072f3e1cc4f4ce8ac1d576e
dimension,looker:analytics:field:ads_dim__ad_conversion_specs:action_type,ads_dim__ad_conversion_specs,,action_type,dimension:column,mechanical,Low,,views/ads_dim.view.lkml,179,82b3ab594f0d8f518072f3e1cc4f4ce8ac1d576e
dimension,looker:analytics:field:ads_dim__ad_creative:id,ads_dim__ad_creative,,id,dimension:column,mechanical,Low,,views/ads_dim.view.lkml,188,82b3ab594f0d8f518072f3e1cc4f4ce8ac1d576e
dimension,looker:analytics:field:ads_dim__ad_recommendations:blame_field,ads_dim__ad_recommendations,,blame_field,dimension:column,mechanical,Low,,views/ads_dim.view.lkml,120,82b3ab594f0d8f518072f3e1cc4f4ce8ac1d576e
dimension,looker:analytics:field:ads_dim__ad_recommendations:code,ads_dim__ad_recommendations,,code,dimension:column,mechanical,Low,,views/ads_dim.view.lkml,125,82b3ab594f0d8f518072f3e1cc4f4ce8ac1d576e
dimension,looker:analytics:field:ads_dim__ad_recommendations:confidence,ads_dim__ad_recommendations,,confidence,dimension:column,mechanical,Low,,views/ads_dim.view.lkml,130,82b3ab594f0d8f518072f3e1cc4f4ce8ac1d576e
dimension,looker:analytics:field:ads_dim__ad_recommendations:importance,ads_dim__ad_recommendations,,importance,dimension:column,mechanical,Low,,views/ads_dim.view.lkml,135,82b3ab594f0d8f518072f3e1cc4f4ce8ac1d576e
dimension,looker:analytics:field:ads_dim__ad_recommendations:message,ads_dim__ad_recommendations,,message,dimension:column,mechanical,Low,,views/ads_dim.view.lkml,140,82b3ab594f0d8f518072f3e1cc4f4ce8ac1d576e
dimension,looker:analytics:field:ads_dim__ad_recommendations:title,ads_dim__ad_recommendations,,title,dimension:column,mechanical,Low,,views/ads_dim.view.lkml,145,82b3ab594f0d8f518072f3e1cc4f4ce8ac1d576e
dimension,looker:analytics:field:ads_dim__ad_targeting:age_max,ads_dim__ad_targeting,,age_max,dimension:column,mechanical,Low,,views/ads_dim.view.lkml,196,82b3ab594f0d8f518072f3e1cc4f4ce8ac1d576e
dimension,looker:analytics:field:ads_dim__ad_targeting:age_min,ads_dim__ad_targeting,,age_min,dimension:column,mechanical,Low,,views/ads_dim.view.lkml,201,82b3ab594f0d8f518072f3e1cc4f4ce8ac1d576e
dimension,looker:analytics:field:ads_dim__ad_targeting:device_platforms,ads_dim__ad_targeting,,device_platforms,dimension:column,mechanical,Low,,views/ads_dim.view.lkml,206,82b3ab594f0d8f518072f3e1cc4f4ce8ac1d576e
dimension,looker:analytics:field:ads_dim__ad_targeting:facebook_positions,ads_dim__ad_targeting,,facebook_positions,dimension:column,mechanical,Low,,views/ads_dim.view.lkml,211,82b3ab594f0d8f518072f3e1cc4f4ce8ac1d576e
dimension,looker:analytics:field:ads_dim__ad_targeting:geo_locations,ads_dim__ad_targeting,,geo_locations,dimension:column,mechanical,Low,,views/ads_dim.view.lkml,216,82b3ab594f0d8f518072f3e1cc4f4ce8ac1d576e
dimension,looker:analytics:field:ads_dim__ad_targeting:messenger_positions,ads_dim__ad_targeting,,messenger_positions,dimension:column,mechanical,Low,,views/ads_dim.view.lkml,221,82b3ab594f0d8f518072f3e1cc4f4ce8ac1d576e
dimension,looker:analytics:field:ads_dim__ad_targeting:publisher_platforms,ads_dim__ad_targeting,,publisher_platforms,dimension:column,mechanical,Low,,views/ads_dim.view.lkml,226,82b3ab594f0d8f518072f3e1cc4f4ce8ac1d576e
dimension,looker:analytics:field:ads_dim__ad_targeting__geo_locations:cities,ads_dim__ad_targeting__geo_locations,,cities,dimension:column,mechanical,Low,,views/ads_dim.view.lkml,289,82b3ab594f0d8f518072f3e1cc4f4ce8ac1d576e
dimension,looker:analytics:field:ads_dim__ad_targeting__geo_locations:location_types,ads_dim__ad_targeting__geo_locations,,location_types,dimension:column,mechanical,Low,,views/ads_dim.view.lkml,294,82b3ab594f0d8f518072f3e1cc4f4ce8ac1d576e
dimension,looker:analytics:field:ads_dim__ad_targeting__geo_locations:regions,ads_dim__ad_targeting__geo_locations,,regions,dimension:column,mechanical,Low,,views/ads_dim.view.lkml,299,82b3ab594f0d8f518072f3e1cc4f4ce8ac1d576e
dimension,looker:analytics:field:ads_dim__ad_targeting__geo_locations__cities:country,ads_dim__ad_targeting__geo_locations__cities,,country,dimension:column,mechanical,Low,,views/ads_dim.view.lkml,251,82b3ab594f0d8f518072f3e1cc4f4ce8ac1d576e
dimension,looker:analytics:field:ads_dim__ad_targeting__geo_locations__cities:distance_unit,ads_dim__ad_targeting__geo_locations__cities,,distance_unit,dimension:column,mechanical,Low,,views/ads_dim.view.lkml,257,82b3ab594f0d8f518072f3e1cc4f4ce8ac1d576e
dimension,looker:analytics:field:ads_dim__ad_targeting__geo_locations__cities:key,ads_dim__ad_targeting__geo_locations__cities,,key,dimension:column,mechanical,Low,,views/ads_dim.view.lkml,262,82b3ab594f0d8f518072f3e1cc4f4ce8ac1d576e
dimension,looker:analytics:field:ads_dim__ad_targeting__geo_locations__cities:name,ads_dim__ad_targeting__geo_locations__cities,,name,dimension:column,mechanical,Low,,views/ads_dim.view.lkml,267,82b3ab594f0d8f518072f3e1cc4f4ce8ac1d576e
dimension,looker:analytics:field:ads_dim__ad_targeting__geo_locations__cities:radius,ads_dim__ad_targeting__geo_locations__cities,,radius,dimension:column,mechanical,Low,,views/ads_dim.view.lkml,272,82b3ab594f0d8f518072f3e1cc4f4ce8ac1d576e
dimension,looker:analytics:field:ads_dim__ad_targeting__geo_locations__cities:region,ads_dim__ad_targeting__geo_locations__cities,,region,dimension:column,mechanical,Low,,views/ads_dim.view.lkml,277,82b3ab594f0d8f518072f3e1cc4f4ce8ac1d576e
dimension,looker:analytics:field:ads_dim__ad_targeting__geo_locations__cities:region_id,ads_dim__ad_targeting__geo_locations__cities,,region_id,dimension:column,mechanical,Low,,views/ads_dim.view.lkml,282,82b3ab594f0d8f518072f3e1cc4f4ce8ac1d576e
dimension,looker:analytics:field:ads_dim__ad_targeting__geo_locations__regions:country,ads_dim__ad_targeting__geo_locations__regions,,country,dimension:column,mechanical,Low,,views/ads_dim.view.lkml,233,82b3ab594f0d8f518072f3e1cc4f4ce8ac1d576e
dimension,looker:analytics:field:ads_dim__ad_targeting__geo_locations__regions:key,ads_dim__ad_targeting__geo_locations__regions,,key,dimension:column,mechanical,Low,,views/ads_dim.view.lkml,239,82b3ab594f0d8f518072f3e1cc4f4ce8ac1d576e
dimension,looker:analytics:field:ads_dim__ad_targeting__geo_locations__regions:name,ads_dim__ad_targeting__geo_locations__regions,,name,dimension:column,mechanical,Low,,views/ads_dim.view.lkml,244,82b3ab594f0d8f518072f3e1cc4f4ce8ac1d576e
dimension,looker:analytics:field:ads_dim__ad_tracking_specs:action_type,ads_dim__ad_tracking_specs,,action_type,dimension:column,mechanical,Low,,views/ads_dim.view.lkml,152,82b3ab594f0d8f518072f3e1cc4f4ce8ac1d576e
dimension,looker:analytics:field:ads_dim__ad_tracking_specs:fb_pixel,ads_dim__ad_tracking_specs,,fb_pixel,dimension:column,mechanical,Low,,views/ads_dim.view.lkml,157,82b3ab594f0d8f518072f3e1cc4f4ce8ac1d576e
dimension,looker:analytics:field:ads_dim__ad_tracking_specs:page,ads_dim__ad_tracking_specs,,page,dimension:column,mechanical,Low,,views/ads_dim.view.lkml,162,82b3ab594f0d8f518072f3e1cc4f4ce8ac1d576e
dimension,looker:analytics:field:ads_dim__ad_tracking_specs:post,ads_dim__ad_tracking_specs,,post,dimension:column,mechanical,Low,,views/ads_dim.view.lkml,167,82b3ab594f0d8f518072f3e1cc4f4ce8ac1d576e
dimension,looker:analytics:field:ads_dim__ad_tracking_specs:post_wall,ads_dim__ad_tracking_specs,,post_wall,dimension:column,mechanical,Low,,views/ads_dim.view.lkml,172,82b3ab594f0d8f518072f3e1cc4f4ce8ac1d576e
dimension,looker:analytics:field:adsets_dim:account_id,adsets_dim,,account_id,dimension:column,mechanical,Low,,views/adsets_dim.view.lkml,5,82b3ab594f0d8f518072f3e1cc4f4ce8ac1d576e
dimension,looker:analytics:field:adsets_dim:adset_budget_remaining,adsets_dim,,adset_budget_remaining,dimension:column,mechanical,Low,,views/adsets_dim.view.lkml,10,82b3ab594f0d8f518072f3e1cc4f4ce8ac1d576e
dimension,looker:analytics:field:adsets_dim:adset_effective_status,adsets_dim,,adset_effective_status,dimension:column,mechanical,Low,,views/adsets_dim.view.lkml,29,82b3ab594f0d8f518072f3e1cc4f4ce8ac1d576e
dimension,looker:analytics:field:adsets_dim:adset_id,adsets_dim,,adset_id,dimension:column,mechanical,Low,,views/adsets_dim.view.lkml,48,82b3ab594f0d8f518072f3e1cc4f4ce8ac1d576e
dimension,looker:analytics:field:adsets_dim:adset_name,adsets_dim,,adset_name,dimension:column,mechanical,Low,,views/adsets_dim.view.lkml,67,82b3ab594f0d8f518072f3e1cc4f4ce8ac1d576e
dimension,looker:analytics:field:adsets_dim:adset_pk,adsets_dim,,adset_pk,dimension:column,mechanical,Low,,views/adsets_dim.view.lkml,72,82b3ab594f0d8f518072f3e1cc4f4ce8ac1d576e
dimension,looker:analytics:field:adsets_dim:adset_targeting,adsets_dim,,adset_targeting,dimension:column,mechanical,Low,,views/adsets_dim.view.lkml,91,82b3ab594f0d8f518072f3e1cc4f4ce8ac1d576e
dimension,looker:analytics:field:adsets_dim:campaign_id,adsets_dim,,campaign_id,dimension:column,mechanical,Low,,views/adsets_dim.view.lkml,96,82b3ab594f0d8f518072f3e1cc4f4ce8ac1d576e
dimension,looker:analytics:field:adsets_dim__adset_targeting:age_max,adsets_dim__adset_targeting,,age_max,dimension:column,mechanical,Low,,views/adsets_dim.view.lkml,108,82b3ab594f0d8f518072f3e1cc4f4ce8ac1d576e
dimension,looker:analytics:field:adsets_dim__adset_targeting:age_min,adsets_dim__adset_targeting,,age_min,dimension:column,mechanical,Low,,views/adsets_dim.view.lkml,113,82b3ab594f0d8f518072f3e1cc4f4ce8ac1d576e
dimension,looker:analytics:field:adsets_dim__adset_targeting:device_platforms,adsets_dim__adset_targeting,,device_platforms,dimension:column,mechanical,Low,,views/adsets_dim.view.lkml,118,82b3ab594f0d8f518072f3e1cc4f4ce8ac1d576e
dimension,looker:analytics:field:adsets_dim__adset_targeting:facebook_positions,adsets_dim__adset_targeting,,facebook_positions,dimension:column,mechanical,Low,,views/adsets_dim.view.lkml,123,82b3ab594f0d8f518072f3e1cc4f4ce8ac1d576e
dimension,looker:analytics:field:adsets_dim__adset_targeting:geo_locations,adsets_dim__adset_targeting,,geo_locations,dimension:column,mechanical,Low,,views/adsets_dim.view.lkml,128,82b3ab594f0d8f518072f3e1cc4f4ce8ac1d576e
dimension,looker:analytics:field:adsets_dim__adset_targeting:messenger_positions,adsets_dim__adset_targeting,,messenger_positions,dimension:column,mechanical,Low,,views/adsets_dim.view.lkml,133,82b3ab594f0d8f518072f3e1cc4f4ce8ac1d576e
dimension,looker:analytics:field:adsets_dim__adset_targeting:publisher_platforms,adsets_dim__adset_targeting,,publisher_platforms,dimension:column,mechanical,Low,,views/adsets_dim.view.lkml,138,82b3ab594f0d8f518072f3e1cc4f4ce8ac1d576e
dimension,looker:analytics:field:adsets_dim__adset_targeting__geo_locations:cities,adsets_dim__adset_targeting__geo_locations,,cities,dimension:column,mechanical,Low,,views/adsets_dim.view.lkml,201,82b3ab594f0d8f518072f3e1cc4f4ce8ac1d576e
dimension,looker:analytics:field:adsets_dim__adset_targeting__geo_locations:location_types,adsets_dim__adset_targeting__geo_locations,,location_types,dimension:column,mechanical,Low,,views/adsets_dim.view.lkml,206,82b3ab594f0d8f518072f3e1cc4f4ce8ac1d576e
dimension,looker:analytics:field:adsets_dim__adset_targeting__geo_locations:regions,adsets_dim__adset_targeting__geo_locations,,regions,dimension:column,mechanical,Low,,views/adsets_dim.view.lkml,211,82b3ab594f0d8f518072f3e1cc4f4ce8ac1d576e
dimension,looker:analytics:field:adsets_dim__adset_targeting__geo_locations__cities:country,adsets_dim__adset_targeting__geo_locations__cities,,country,dimension:column,mechanical,Low,,views/adsets_dim.view.lkml,163,82b3ab594f0d8f518072f3e1cc4f4ce8ac1d576e
dimension,looker:analytics:field:adsets_dim__adset_targeting__geo_locations__cities:distance_unit,adsets_dim__adset_targeting__geo_locations__cities,,distance_unit,dimension:column,mechanical,Low,,views/adsets_dim.view.lkml,169,82b3ab594f0d8f518072f3e1cc4f4ce8ac1d576e
dimension,looker:analytics:field:adsets_dim__adset_targeting__geo_locations__cities:key,adsets_dim__adset_targeting__geo_locations__cities,,key,dimension:column,mechanical,Low,,views/adsets_dim.view.lkml,174,82b3ab594f0d8f518072f3e1cc4f4ce8ac1d576e
dimension,looker:analytics:field:adsets_dim__adset_targeting__geo_locations__cities:name,adsets_dim__adset_targeting__geo_locations__cities,,name,dimension:column,mechanical,Low,,views/adsets_dim.view.lkml,179,82b3ab594f0d8f518072f3e1cc4f4ce8ac1d576e
dimension,looker:analytics:field:adsets_dim__adset_targeting__geo_locations__cities:radius,adsets_dim__adset_targeting__geo_locations__cities,,radius,dimension:column,mechanical,Low,,views/adsets_dim.view.lkml,184,82b3ab594f0d8f518072f3e1cc4f4ce8ac1d576e
dimension,looker:analytics:field:adsets_dim__adset_targeting__geo_locations__cities:region,adsets_dim__adset_targeting__geo_locations__cities,,region,dimension:column,mechanical,Low,,views/adsets_dim.view.lkml,189,82b3ab594f0d8f518072f3e1cc4f4ce8ac1d576e
dimension,looker:analytics:field:adsets_dim__adset_targeting__geo_locations__cities:region_id,adsets_dim__adset_targeting__geo_locations__cities,,region_id,dimension:column,mechanical,Low,,views/adsets_dim.view.lkml,194,82b3ab594f0d8f518072f3e1cc4f4ce8ac1d576e
dimension,looker:analytics:field:adsets_dim__adset_targeting__geo_locations__regions:country,adsets_dim__adset_targeting__geo_locations__regions,,country,dimension:column,mechanical,Low,,views/adsets_dim.view.lkml,145,82b3ab594f0d8f518072f3e1cc4f4ce8ac1d576e
dimension,looker:analytics:field:adsets_dim__adset_targeting__geo_locations__regions:key,adsets_dim__adset_targeting__geo_locations__regions,,key,dimension:column,mechanical,Low,,views/adsets_dim.view.lkml,151,82b3ab594f0d8f518072f3e1cc4f4ce8ac1d576e
dimension,looker:analytics:field:adsets_dim__adset_targeting__geo_locations__regions:name,adsets_dim__adset_targeting__geo_locations__regions,,name,dimension:column,mechanical,Low,,views/adsets_dim.view.lkml,156,82b3ab594f0d8f518072f3e1cc4f4ce8ac1d576e
dimension,looker:analytics:field:anomaly_detection:is_metric_anomalous,anomaly_detection,,is_metric_anomalous,dimension:liquid,redesign,High,Liquid in sql or label: templated filter or dashboard control,views/anomaly_detection.view.lkml,261,82b3ab594f0d8f518072f3e1cc4f4ce8ac1d576e
dimension,looker:analytics:field:anomaly_detection:pk,anomaly_detection,,pk,dimension:derived,mechanical,Low,,views/anomaly_detection.view.lkml,272,82b3ab594f0d8f518072f3e1cc4f4ce8ac1d576e
dimension,looker:analytics:field:attribution_fact:account_opening_session,attribution_fact,,account_opening_session,dimension:column,mechanical,Low,,views/attribution_fact.view.lkml,5,82b3ab594f0d8f518072f3e1cc4f4ce8ac1d576e
dimension,looker:analytics:field:attribution_fact:blended_user_id,attribution_fact,,blended_user_id,dimension:column,mechanical,Low,,views/attribution_fact.view.lkml,10,82b3ab594f0d8f518072f3e1cc4f4ce8ac1d576e
dimension,looker:analytics:field:attribution_fact:channel,attribution_fact,,channel,dimension:column,mechanical,Low,,views/attribution_fact.view.lkml,15,82b3ab594f0d8f518072f3e1cc4f4ce8ac1d576e
dimension,looker:analytics:field:attribution_fact:conversion_session,attribution_fact,,conversion_session,dimension:column,mechanical,Low,,views/attribution_fact.view.lkml,20,82b3ab594f0d8f518072f3e1cc4f4ce8ac1d576e
dimension,looker:analytics:field:attribution_fact:count_conversions,attribution_fact,,count_conversions,dimension:column,mechanical,Low,,views/attribution_fact.view.lkml,39,82b3ab594f0d8f518072f3e1cc4f4ce8ac1d576e
dimension,looker:analytics:field:attribution_fact:even_click_attrib_conversions,attribution_fact,,even_click_attrib_conversions,dimension:column,mechanical,Low,,views/attribution_fact.view.lkml,58,82b3ab594f0d8f518072f3e1cc4f4ce8ac1d576e
dimension,looker:analytics:field:attribution_fact:even_click_attrib_pct,attribution_fact,,even_click_attrib_pct,dimension:column,mechanical,Low,,views/attribution_fact.view.lkml,63,82b3ab594f0d8f518072f3e1cc4f4ce8ac1d576e
dimension,looker:analytics:field:attribution_fact:event,attribution_fact,,event,dimension:column,mechanical,Low,,views/attribution_fact.view.lkml,68,82b3ab594f0d8f518072f3e1cc4f4ce8ac1d576e
dimension,looker:analytics:field:attribution_fact:events,attribution_fact,,events,dimension:column,mechanical,Low,,views/attribution_fact.view.lkml,73,82b3ab594f0d8f518072f3e1cc4f4ce8ac1d576e
dimension,looker:analytics:field:attribution_fact:first_click_attrib_conversions,attribution_fact,,first_click_attrib_conversions,dimension:column,mechanical,Low,,views/attribution_fact.view.lkml,78,82b3ab594f0d8f518072f3e1cc4f4ce8ac1d576e
dimension,looker:analytics:field:attribution_fact:first_click_attrib_pct,attribution_fact,,first_click_attrib_pct,dimension:column,mechanical,Low,,views/attribution_fact.view.lkml,83,82b3ab594f0d8f518072f3e1cc4f4ce8ac1d576e
dimension,looker:analytics:field:attribution_fact:last_click_attrib_conversions,attribution_fact,,last_click_attrib_conversions,dimension:column,mechanical,Low,,views/attribution_fact.view.lkml,88,82b3ab594f0d8f518072f3e1cc4f4ce8ac1d576e
dimension,looker:analytics:field:attribution_fact:last_click_attrib_pct,attribution_fact,,last_click_attrib_pct,dimension:column,mechanical,Low,,views/attribution_fact.view.lkml,93,82b3ab594f0d8f518072f3e1cc4f4ce8ac1d576e
dimension,looker:analytics:field:attribution_fact:referrer_domain,attribution_fact,,referrer_domain,dimension:column,mechanical,Low,,views/attribution_fact.view.lkml,98,82b3ab594f0d8f518072f3e1cc4f4ce8ac1d576e
dimension,looker:analytics:field:attribution_fact:referrer_host,attribution_fact,,referrer_host,dimension:column,mechanical,Low,,views/attribution_fact.view.lkml,103,82b3ab594f0d8f518072f3e1cc4f4ce8ac1d576e
dimension,looker:analytics:field:attribution_fact:session_id,attribution_fact,,session_id,dimension:column,mechanical,Low,,views/attribution_fact.view.lkml,122,82b3ab594f0d8f518072f3e1cc4f4ce8ac1d576e
dimension,looker:analytics:field:attribution_fact:session_seq,attribution_fact,,session_seq,dimension:column,mechanical,Low,,views/attribution_fact.view.lkml,127,82b3ab594f0d8f518072f3e1cc4f4ce8ac1d576e
dimension,looker:analytics:field:attribution_fact:time_decay_attrib_conversions,attribution_fact,,time_decay_attrib_conversions,dimension:column,mechanical,Low,,views/attribution_fact.view.lkml,146,82b3ab594f0d8f518072f3e1cc4f4ce8ac1d576e
dimension,looker:analytics:field:attribution_fact:time_decay_attrib_pct,attribution_fact,,time_decay_attrib_pct,dimension:column,mechanical,Low,,views/attribution_fact.view.lkml,151,82b3ab594f0d8f518072f3e1cc4f4ce8ac1d576e
dimension,looker:analytics:field:attribution_fact:trialing_session,attribution_fact,,trialing_session,dimension:column,mechanical,Low,,views/attribution_fact.view.lkml,156,82b3ab594f0d8f518072f3e1cc4f4ce8ac1d576e
dimension,looker:analytics:field:attribution_fact:utm_campaign,attribution_fact,,utm_campaign,dimension:column,mechanical,Low,,views/attribution_fact.view.lkml,161,82b3ab594f0d8f518072f3e1cc4f4ce8ac1d576e
dimension,looker:analytics:field:attribution_fact:utm_content,attribution_fact,,utm_content,dimension:column,mechanical,Low,,views/attribution_fact.view.lkml,166,82b3ab594f0d8f518072f3e1cc4f4ce8ac1d576e
dimension,looker:analytics:field:attribution_fact:utm_medium,attribution_fact,,utm_medium,dimension:column,mechanical,Low,,views/attribution_fact.view.lkml,171,82b3ab594f0d8f518072f3e1cc4f4ce8ac1d576e
dimension,looker:analytics:field:attribution_fact:utm_source,attribution_fact,,utm_source,dimension:column,mechanical,Low,,views/attribution_fact.view.lkml,176,82b3ab594f0d8f518072f3e1cc4f4ce8ac1d576e
dimension,looker:analytics:field:bank_account_details:account_currency_code,bank_account_details,,account_currency_code,dimension:column,mechanical,Low,,views/bank_account_details.view.lkml,35,82b3ab594f0d8f518072f3e1cc4f4ce8ac1d576e
dimension,looker:analytics:field:bank_account_details:account_name,bank_account_details,,account_name,dimension:column,mechanical,Low,,views/bank_account_details.view.lkml,29,82b3ab594f0d8f518072f3e1cc4f4ce8ac1d576e
dimension,looker:analytics:field:bank_account_details:account_status,bank_account_details,,account_status,dimension:column,mechanical,Low,,views/bank_account_details.view.lkml,42,82b3ab594f0d8f518072f3e1cc4f4ce8ac1d576e
dimension,looker:analytics:field:bank_account_details:bank_account_id,bank_account_details,,bank_account_id,dimension:column,mechanical,Low,,views/bank_account_details.view.lkml,23,82b3ab594f0d8f518072f3e1cc4f4ce8ac1d576e
dimension,looker:analytics:field:bank_transactions_fact:account_code,bank_transactions_fact,,account_code,dimension:column,mechanical,Low,,views/bank_transactions_fact.view.lkml,14,82b3ab594f0d8f518072f3e1cc4f4ce8ac1d576e
dimension,looker:analytics:field:bank_transactions_fact:account_id,bank_transactions_fact,,account_id,dimension:column,mechanical,Low,,views/bank_transactions_fact.view.lkml,20,82b3ab594f0d8f518072f3e1cc4f4ce8ac1d576e
dimension,looker:analytics:field:bank_transactions_fact:bank_account_id,bank_transactions_fact,,bank_account_id,dimension:column,mechanical,Low,,views/bank_transactions_fact.view.lkml,27,82b3ab594f0d8f518072f3e1cc4f4ce8ac1d576e
dimension,looker:analytics:field:bank_transactions_fact:bank_transaction_id,bank_transactions_fact,,bank_transaction_id,dimension:column,mechanical,Low,,views/bank_transactions_fact.view.lkml,32,82b3ab594f0d8f518072f3e1cc4f4ce8ac1d576e
dimension,looker:analytics:field:bank_transactions_fact:bank_transaction_pk,bank_transactions_fact,,bank_transaction_pk,dimension:derived,mechanical,Low,,views/bank_transactions_fact.view.lkml,37,82b3ab594f0d8f518072f3e1cc4f4ce8ac1d576e
dimension,looker:analytics:field:bank_transactions_fact:contact_id,bank_transactions_fact,,contact_id,dimension:column,mechanical,Low,,views/bank_transactions_fact.view.lkml,44,82b3ab594f0d8f518072f3e1cc4f4ce8ac1d576e
dimension,looker:analytics:field:bank_transactions_fact:currency_code,bank_transactions_fact,,currency_code,dimension:column,mechanical,Low,,views/bank_transactions_fact.view.lkml,51,82b3ab594f0d8f518072f3e1cc4f4ce8ac1d576e
dimension,looker:analytics:field:bank_transactions_fact:currency_rate,bank_transactions_fact,,currency_rate,dimension:column,mechanical,Low,,views/bank_transactions_fact.view.lkml,56,82b3ab594f0d8f518072f3e1cc4f4ce8ac1d576e
dimension,looker:analytics:field:bank_transactions_fact:description,bank_transactions_fact,,description,dimension:column,mechanical,Low,,views/bank_transactions_fact.view.lkml,61,82b3ab594f0d8f518072f3e1cc4f4ce8ac1d576e
dimension,looker:analytics:field:bank_transactions_fact:is_reconciled,bank_transactions_fact,,is_reconciled,dimension:column,mechanical,Low,,views/bank_transactions_fact.view.lkml,66,82b3ab594f0d8f518072f3e1cc4f4ce8ac1d576e
dimension,looker:analytics:field:bank_transactions_fact:item_code,bank_transactions_fact,,item_code,dimension:column,mechanical,Low,,views/bank_transactions_fact.view.lkml,71,82b3ab594f0d8f518072f3e1cc4f4ce8ac1d576e
dimension,looker:analytics:field:bank_transactions_fact:line_amount_types,bank_transactions_fact,,line_amount_types,dimension:column,mechanical,Low,,views/bank_transactions_fact.view.lkml,85,82b3ab594f0d8f518072f3e1cc4f4ce8ac1d576e
dimension,looker:analytics:field:bank_transactions_fact:line_item_id,bank_transactions_fact,,line_item_id,dimension:column,mechanical,Low,,views/bank_transactions_fact.view.lkml,90,82b3ab594f0d8f518072f3e1cc4f4ce8ac1d576e
dimension,looker:analytics:field:bank_transactions_fact:quantity,bank_transactions_fact,,quantity,dimension:column,mechanical,Low,,views/bank_transactions_fact.view.lkml,95,82b3ab594f0d8f518072f3e1cc4f4ce8ac1d576e
dimension,looker:analytics:field:bank_transactions_fact:reference,bank_transactions_fact,,reference,dimension:column,mechanical,Low,,views/bank_transactions_fact.view.lkml,100,82b3ab594f0d8f518072f3e1cc4f4ce8ac1d576e
dimension,looker:analytics:field:bank_transactions_fact:source,bank_transactions_fact,,source,dimension:column,mechanical,Low,,views/bank_transactions_fact.view.lkml,105,82b3ab594f0d8f518072f3e1cc4f4ce8ac1d576e
dimension,looker:analytics:field:bank_transactions_fact:status,bank_transactions_fact,,status,dimension:column,mechanical,Low,,views/bank_transactions_fact.view.lkml,115,82b3ab594f0d8f518072f3e1cc4f4ce8ac1d576e
dimension,looker:analytics:field:bank_transactions_fact:tax_type,bank_transactions_fact,,tax_type,dimension:column,mechanical,Low,,views/bank_transactions_fact.view.lkml,110,82b3ab594f0d8f518072f3e1cc4f4ce8ac1d576e
dimension,looker:analytics:field:bank_transactions_fact:type,bank_transactions_fact,,type,dimension:column,mechanical,Low,,views/bank_transactions_fact.view.lkml,166,82b3ab594f0d8f518072f3e1cc4f4ce8ac1d576e
dimension,looker:analytics:field:bank_transactions_fact:unit_amount,bank_transactions_fact,,unit_amount,dimension:column,mechanical,Low,,views/bank_transactions_fact.view.lkml,171,82b3ab594f0d8f518072f3e1cc4f4ce8ac1d576e
dimension,looker:analytics:field:certification_progress:month,certification_progress,,month,dimension:column,mechanical,Low,,views/certification_progress.view.lkml,14,82b3ab594f0d8f518072f3e1cc4f4ce8ac1d576e
dimension,looker:analytics:field:certification_progress:score,certification_progress,,score,dimension:column,mechanical,Low,,views/certification_progress.view.lkml,29,82b3ab594f0d8f518072f3e1cc4f4ce8ac1d576e
dimension,looker:analytics:field:certification_progress:target,certification_progress,,target,dimension:column,mechanical,Low,,views/certification_progress.view.lkml,48,82b3ab594f0d8f518072f3e1cc4f4ce8ac1d576e
dimension,looker:analytics:field:chart_of_accounts_dim:account_bank_account_number,chart_of_accounts_dim,,account_bank_account_number,dimension:column,mechanical,Low,,views/chart_of_accounts_dim.view.lkml,14,82b3ab594f0d8f518072f3e1cc4f4ce8ac1d576e
dimension,looker:analytics:field:chart_of_accounts_dim:account_bank_account_type,chart_of_accounts_dim,,account_bank_account_type,dimension:column,mechanical,Low,,views/chart_of_accounts_dim.view.lkml,20,82b3ab594f0d8f518072f3e1cc4f4ce8ac1d576e
dimension,looker:analytics:field:chart_of_accounts_dim:account_class,chart_of_accounts_dim,,account_class,dimension:column,mechanical,Low,,views/chart_of_accounts_dim.view.lkml,27,82b3ab594f0d8f518072f3e1cc4f4ce8ac1d576e
dimension,looker:analytics:field:chart_of_accounts_dim:account_code,chart_of_accounts_dim,,account_code,dimension:column,mechanical,Low,,views/chart_of_accounts_dim.view.lkml,34,82b3ab594f0d8f518072f3e1cc4f4ce8ac1d576e
dimension,looker:analytics:field:chart_of_accounts_dim:account_currency_code,chart_of_accounts_dim,,account_currency_code,dimension:column,mechanical,Low,,views/chart_of_accounts_dim.view.lkml,43,82b3ab594f0d8f518072f3e1cc4f4ce8ac1d576e
dimension,looker:analytics:field:chart_of_accounts_dim:account_description,chart_of_accounts_dim,,account_description,dimension:column,mechanical,Low,,views/chart_of_accounts_dim.view.lkml,50,82b3ab594f0d8f518072f3e1cc4f4ce8ac1d576e
dimension,looker:analytics:field:chart_of_accounts_dim:account_enable_payments_to_account,chart_of_accounts_dim,,account_enable_payments_to_account,dimension:column,mechanical,Low,,views/chart_of_accounts_dim.view.lkml,58,82b3ab594f0d8f518072f3e1cc4f4ce8ac1d576e
dimension,looker:analytics:field:chart_of_accounts_dim:account_id,chart_of_accounts_dim,,account_id,dimension:column,mechanical,Low,,views/chart_of_accounts_dim.view.lkml,64,82b3ab594f0d8f518072f3e1cc4f4ce8ac1d576e
dimension,looker:analytics:field:chart_of_accounts_dim:account_is_system_account,chart_of_accounts_dim,,account_is_system_account,dimension:column,mechanical,Low,,views/chart_of_accounts_dim.view.lkml,72,82b3ab594f0d8f518072f3e1cc4f4ce8ac1d576e
dimension,looker:analytics:field:chart_of_accounts_dim:account_name,chart_of_accounts_dim,,account_name,dimension:column,mechanical,Low,,views/chart_of_accounts_dim.view.lkml,79,82b3ab594f0d8f518072f3e1cc4f4ce8ac1d576e
dimension,looker:analytics:field:chart_of_accounts_dim:account_pk,chart_of_accounts_dim,,account_pk,dimension:column,mechanical,Low,,views/chart_of_accounts_dim.view.lkml,87,82b3ab594f0d8f518072f3e1cc4f4ce8ac1d576e
dimension,looker:analytics:field:chart_of_accounts_dim:account_report_category,chart_of_accounts_dim,,account_report_category,dimension:column,mechanical,Low,,views/chart_of_accounts_dim.view.lkml,93,82b3ab594f0d8f518072f3e1cc4f4ce8ac1d576e
dimension,looker:analytics:field:chart_of_accounts_dim:account_report_category_order,chart_of_accounts_dim,,account_report_category_order,dimension:column,mechanical,Low,,views/chart_of_accounts_dim.view.lkml,101,82b3ab594f0d8f518072f3e1cc4f4ce8ac1d576e
dimension,looker:analytics:field:chart_of_accounts_dim:account_report_group,chart_of_accounts_dim,,account_report_group,dimension:column,mechanical,Low,,views/chart_of_accounts_dim.view.lkml,108,82b3ab594f0d8f518072f3e1cc4f4ce8ac1d576e
dimension,looker:analytics:field:chart_of_accounts_dim:account_report_order,chart_of_accounts_dim,,account_report_order,dimension:column,mechanical,Low,,views/chart_of_accounts_dim.view.lkml,115,82b3ab594f0d8f518072f3e1cc4f4ce8ac1d576e
dimension,looker:analytics:field:chart_of_accounts_dim:account_report_sub_category,chart_of_accounts_dim,,account_report_sub_category,dimension:column,mechanical,Low,,views/chart_of_accounts_dim.view.lkml,121,82b3ab594f0d8f518072f3e1cc4f4ce8ac1d576e
dimension,looker:analytics:field:chart_of_accounts_dim:account_report_sub_category_order,chart_of_accounts_dim,,account_report_sub_category_order,dimension:column,mechanical,Low,,views/chart_of_accounts_dim.view.lkml,128,82b3ab594f0d8f518072f3e1cc4f4ce8ac1d576e
dimension,looker:analytics:field:chart_of_accounts_dim:account_reporting_code,chart_of_accounts_dim,,account_reporting_code,dimension:column,mechanical,Low,,views/chart_of_accounts_dim.view.lkml,135,82b3ab594f0d8f518072f3e1cc4f4ce8ac1d576e
dimension,looker:analytics:field:chart_of_accounts_dim:account_reporting_code_name,chart_of_accounts_dim,,account_reporting_code_name,dimension:column,mechanical,Low,,views/chart_of_accounts_dim.view.lkml,142,82b3ab594f0d8f518072f3e1cc4f4ce8ac1d576e
dimension,looker:analytics:field:chart_of_accounts_dim:account_show_in_expense_claims,chart_of_accounts_dim,,account_show_in_expense_claims,dimension:column,mechanical,Low,,views/chart_of_accounts_dim.view.lkml,149,82b3ab594f0d8f518072f3e1cc4f4ce8ac1d576e
dimension,looker:analytics:field:chart_of_accounts_dim:account_status,chart_of_accounts_dim,,account_status,dimension:column,mechanical,Low,,views/chart_of_accounts_dim.view.lkml,156,82b3ab594f0d8f518072f3e1cc4f4ce8ac1d576e
dimension,looker:analytics:field:chart_of_accounts_dim:account_tax_type,chart_of_accounts_dim,,account_tax_type,dimension:column,mechanical,Low,,views/chart_of_accounts_dim.view.lkml,163,82b3ab594f0d8f518072f3e1cc4f4ce8ac1d576e
dimension,looker:analytics:field:chart_of_accounts_dim:account_type,chart_of_accounts_dim,,account_type,dimension:column,mechanical,Low,,views/chart_of_accounts_dim.view.lkml,170,82b3ab594f0d8f518072f3e1cc4f4ce8ac1d576e
dimension,looker:analytics:field:chart_of_accounts_dim:source,chart_of_accounts_dim,,source,dimension:column,mechanical,Low,,views/chart_of_accounts_dim.view.lkml,177,82b3ab594f0d8f518072f3e1cc4f4ce8ac1d576e
dimension,looker:analytics:field:client_prospect_status_dim:client_name,client_prospect_status_dim,,client_name,dimension:derived,mechanical,Low,,views/client_prospect_status_dim.view.lkml,61,82b3ab594f0d8f518072f3e1cc4f4ce8ac1d576e
dimension,looker:analytics:field:client_prospect_status_dim:client_status,client_prospect_status_dim,,client_status,dimension:column,mechanical,Low,,views/client_prospect_status_dim.view.lkml,38,82b3ab594f0d8f518072f3e1cc4f4ce8ac1d576e
dimension,looker:analytics:field:client_prospect_status_dim:company_pk,client_prospect_status_dim,,company_pk,dimension:column,mechanical,Low,,views/client_prospect_status_dim.view.lkml,32,82b3ab594f0d8f518072f3e1cc4f4ce8ac1d576e
dimension,looker:analytics:field:client_prospect_status_dim:is_client,client_prospect_status_dim,,is_client,dimension:derived,mechanical,Low,,views/client_prospect_status_dim.view.lkml,45,82b3ab594f0d8f518072f3e1cc4f4ce8ac1d576e
dimension,looker:analytics:field:client_prospect_status_dim:is_prospect,client_prospect_status_dim,,is_prospect,dimension:derived,mechanical,Low,,views/client_prospect_status_dim.view.lkml,53,82b3ab594f0d8f518072f3e1cc4f4ce8ac1d576e
dimension,looker:analytics:field:client_prospect_status_dim:prospect_name,client_prospect_status_dim,,prospect_name,dimension:derived,mechanical,Low,,views/client_prospect_status_dim.view.lkml,67,82b3ab594f0d8f518072f3e1cc4f4ce8ac1d576e
dimension,looker:analytics:field:coding_agent_commands_dim:coding_agent_command_pk,coding_agent_commands_dim,,coding_agent_command_pk,dimension:column,mechanical,Low,,views/coding_agent_commands_dim.view.lkml,4,82b3ab594f0d8f518072f3e1cc4f4ce8ac1d576e
dimension,looker:analytics:field:coding_agent_commands_dim:command_name,coding_agent_commands_dim,,command_name,dimension:column,mechanical,Low,,views/coding_agent_commands_dim.view.lkml,24,82b3ab594f0d8f518072f3e1cc4f4ce8ac1d576e
dimension,looker:analytics:field:coding_agent_commands_dim:command_raw,coding_agent_commands_dim,,command_raw,dimension:column,mechanical,Low,,views/coding_agent_commands_dim.view.lkml,11,82b3ab594f0d8f518072f3e1cc4f4ce8ac1d576e
dimension,looker:analytics:field:coding_agent_commands_dim:distinct_active_days,coding_agent_commands_dim,,distinct_active_days,dimension:column,mechanical,Low,,views/coding_agent_commands_dim.view.lkml,71,82b3ab594f0d8f518072f3e1cc4f4ce8ac1d576e
dimension,looker:analytics:field:coding_agent_commands_dim:distinct_users,coding_agent_commands_dim,,distinct_users,dimension:column,mechanical,Low,,views/coding_agent_commands_dim.view.lkml,65,82b3ab594f0d8f518072f3e1cc4f4ce8ac1d576e
dimension,looker:analytics:field:coding_agent_commands_dim:is_agentic_framework_command,coding_agent_commands_dim,,is_agentic_framework_command,dimension:column,mechanical,Low,,views/coding_agent_commands_dim.view.lkml,31,82b3ab594f0d8f518072f3e1cc4f4ce8ac1d576e
dimension,looker:analytics:field:coding_agent_commands_dim:is_builtin,coding_agent_commands_dim,,is_builtin,dimension:column,mechanical,Low,,views/coding_agent_commands_dim.view.lkml,37,82b3ab594f0d8f518072f3e1cc4f4ce8ac1d576e
dimension,looker:analytics:field:coding_agent_commands_dim:namespace,coding_agent_commands_dim,,namespace,dimension:column,mechanical,Low,,views/coding_agent_commands_dim.view.lkml,17,82b3ab594f0d8f518072f3e1cc4f4ce8ac1d576e
dimension,looker:analytics:field:coding_agent_commands_dim:total_invocations,coding_agent_commands_dim,,total_invocations,dimension:column,mechanical,Low,,views/coding_agent_commands_dim.view.lkml,59,82b3ab594f0d8f518072f3e1cc4f4ce8ac1d576e
dimension,looker:analytics:field:coding_agent_prompts_fact:coding_agent_command_fk,coding_agent_prompts_fact,,coding_agent_command_fk,dimension:column,mechanical,Low,,views/coding_agent_prompts_fact.view.lkml,18,82b3ab594f0d8f518072f3e1cc4f4ce8ac1d576e
dimension,looker:analytics:field:coding_agent_prompts_fact:coding_agent_prompt_pk,coding_agent_prompts_fact,,coding_agent_prompt_pk,dimension:column,mechanical,Low,,views/coding_agent_prompts_fact.view.lkml,4,82b3ab594f0d8f518072f3e1cc4f4ce8ac1d576e
dimension,looker:analytics:field:coding_agent_prompts_fact:coding_agent_session_fk,coding_agent_prompts_fact,,coding_agent_session_fk,dimension:column,mechanical,Low,,views/coding_agent_prompts_fact.view.lkml,30,82b3ab594f0d8f518072f3e1cc4f4ce8ac1d576e
dimension,looker:analytics:field:coding_agent_prompts_fact:consultant_fk,coding_agent_prompts_fact,,consultant_fk,dimension:column,mechanical,Low,,views/coding_agent_prompts_fact.view.lkml,12,82b3ab594f0d8f518072f3e1cc4f4ce8ac1d576e
dimension,looker:analytics:field:coding_agent_prompts_fact:consultant_name,coding_agent_prompts_fact,,consultant_name,dimension:column,mechanical,Low,,views/coding_agent_prompts_fact.view.lkml,50,82b3ab594f0d8f518072f3e1cc4f4ce8ac1d576e
dimension,looker:analytics:field:coding_agent_prompts_fact:event_date_fk,coding_agent_prompts_fact,,event_date_fk,dimension:column,mechanical,Low,,views/coding_agent_prompts_fact.view.lkml,36,82b3ab594f0d8f518072f3e1cc4f4ce8ac1d576e
dimension,looker:analytics:field:coding_agent_prompts_fact:git_repo_canonical,coding_agent_prompts_fact,,git_repo_canonical,dimension:column,mechanical,Low,,views/coding_agent_prompts_fact.view.lkml,154,82b3ab594f0d8f518072f3e1cc4f4ce8ac1d576e
dimension,looker:analytics:field:coding_agent_prompts_fact:hostname,coding_agent_prompts_fact,,hostname,dimension:column,mechanical,Low,,views/coding_agent_prompts_fact.view.lkml,72,82b3ab594f0d8f518072f3e1cc4f4ce8ac1d576e
dimension,looker:analytics:field:coding_agent_prompts_fact:is_agentic_framework_slash_command,coding_agent_prompts_fact,,is_agentic_framework_slash_command,dimension:derived,mechanical,Low,,views/coding_agent_prompts_fact.view.lkml,130,82b3ab594f0d8f518072f3e1cc4f4ce8ac1d576e
dimension,looker:analytics:field:coding_agent_prompts_fact:is_internal_user,coding_agent_prompts_fact,,is_internal_user,dimension:column,mechanical,Low,,views/coding_agent_prompts_fact.view.lkml,64,82b3ab594f0d8f518072f3e1cc4f4ce8ac1d576e
dimension,looker:analytics:field:coding_agent_prompts_fact:is_known_consultant,coding_agent_prompts_fact,,is_known_consultant,dimension:column,mechanical,Low,,views/coding_agent_prompts_fact.view.lkml,57,82b3ab594f0d8f518072f3e1cc4f4ce8ac1d576e
dimension,looker:analytics:field:coding_agent_prompts_fact:is_slash_command,coding_agent_prompts_fact,,is_slash_command,dimension:column,mechanical,Low,,views/coding_agent_prompts_fact.view.lkml,102,82b3ab594f0d8f518072f3e1cc4f4ce8ac1d576e
dimension,looker:analytics:field:coding_agent_prompts_fact:line_no,coding_agent_prompts_fact,,line_no,dimension:column,mechanical,Low,,views/coding_agent_prompts_fact.view.lkml,198,82b3ab594f0d8f518072f3e1cc4f4ce8ac1d576e
dimension,looker:analytics:field:coding_agent_prompts_fact:project_dir,coding_agent_prompts_fact,,project_dir,dimension:column,mechanical,Low,,views/coding_agent_prompts_fact.view.lkml,140,82b3ab594f0d8f518072f3e1cc4f4ce8ac1d576e
dimension,looker:analytics:field:coding_agent_prompts_fact:project_dir_basename,coding_agent_prompts_fact,,project_dir_basename,dimension:column,mechanical,Low,,views/coding_agent_prompts_fact.view.lkml,147,82b3ab594f0d8f518072f3e1cc4f4ce8ac1d576e
dimension,looker:analytics:field:coding_agent_prompts_fact:prompt_char_length,coding_agent_prompts_fact,,prompt_char_length,dimension:column,mechanical,Low,,views/coding_agent_prompts_fact.view.lkml,87,82b3ab594f0d8f518072f3e1cc4f4ce8ac1d576e
dimension,looker:analytics:field:coding_agent_prompts_fact:prompt_sequence_in_session,coding_agent_prompts_fact,,prompt_sequence_in_session,dimension:column,mechanical,Low,,views/coding_agent_prompts_fact.view.lkml,169,82b3ab594f0d8f518072f3e1cc4f4ce8ac1d576e
dimension,looker:analytics:field:coding_agent_prompts_fact:prompt_word_count,coding_agent_prompts_fact,,prompt_word_count,dimension:column,mechanical,Low,,views/coding_agent_prompts_fact.view.lkml,94,82b3ab594f0d8f518072f3e1cc4f4ce8ac1d576e
dimension,looker:analytics:field:coding_agent_prompts_fact:repo_resolution_method,coding_agent_prompts_fact,,repo_resolution_method,dimension:column,mechanical,Low,,views/coding_agent_prompts_fact.view.lkml,161,82b3ab594f0d8f518072f3e1cc4f4ce8ac1d576e
dimension,looker:analytics:field:coding_agent_prompts_fact:seconds_since_prev_prompt_in_session,coding_agent_prompts_fact,,seconds_since_prev_prompt_in_session,dimension:column,mechanical,Low,,views/coding_agent_prompts_fact.view.lkml,176,82b3ab594f0d8f518072f3e1cc4f4ce8ac1d576e
dimension,looker:analytics:field:coding_agent_prompts_fact:slash_command_name,coding_agent_prompts_fact,,slash_command_name,dimension:column,mechanical,Low,,views/coding_agent_prompts_fact.view.lkml,123,82b3ab594f0d8f518072f3e1cc4f4ce8ac1d576e
dimension,looker:analytics:field:coding_agent_prompts_fact:slash_command_namespace,coding_agent_prompts_fact,,slash_command_namespace,dimension:column,mechanical,Low,,views/coding_agent_prompts_fact.view.lkml,116,82b3ab594f0d8f518072f3e1cc4f4ce8ac1d576e
dimension,looker:analytics:field:coding_agent_prompts_fact:slash_command_raw,coding_agent_prompts_fact,,slash_command_raw,dimension:column,mechanical,Low,,views/coding_agent_prompts_fact.view.lkml,109,82b3ab594f0d8f518072f3e1cc4f4ce8ac1d576e
dimension,looker:analytics:field:coding_agent_prompts_fact:src_control_repo_fk,coding_agent_prompts_fact,,src_control_repo_fk,dimension:column,mechanical,Low,,views/coding_agent_prompts_fact.view.lkml,24,82b3ab594f0d8f518072f3e1cc4f4ce8ac1d576e
dimension,looker:analytics:field:coding_agent_prompts_fact:truncated_display,coding_agent_prompts_fact,,truncated_display,dimension:column,mechanical,Low,,views/coding_agent_prompts_fact.view.lkml,80,82b3ab594f0d8f518072f3e1cc4f4ce8ac1d576e
dimension,looker:analytics:field:coding_agent_prompts_fact:user_email,coding_agent_prompts_fact,,user_email,dimension:column,mechanical,Low,,views/coding_agent_prompts_fact.view.lkml,43,82b3ab594f0d8f518072f3e1cc4f4ce8ac1d576e
dimension,looker:analytics:field:coding_agent_prompts_fact:week_commencing,coding_agent_prompts_fact,,week_commencing,dimension:column,mechanical,Low,,views/coding_agent_prompts_fact.view.lkml,192,82b3ab594f0d8f518072f3e1cc4f4ce8ac1d576e
dimension,looker:analytics:field:companies_dim:all_company_addresses,companies_dim,,all_company_addresses,dimension:column,mechanical,Low,,views/companies_dim.view.lkml,30,82b3ab594f0d8f518072f3e1cc4f4ce8ac1d576e
dimension,looker:analytics:field:companies_dim:all_company_ids,companies_dim,,all_company_ids,dimension:derived,mechanical,Low,,views/companies_dim.view.lkml,131,82b3ab594f0d8f518072f3e1cc4f4ce8ac1d576e
dimension,looker:analytics:field:companies_dim:company_currency_code,companies_dim,,company_currency_code,dimension:column,mechanical,Low,,views/companies_dim.view.lkml,14,82b3ab594f0d8f518072f3e1cc4f4ce8ac1d576e
dimension,looker:analytics:field:companies_dim:company_description,companies_dim,,company_description,dimension:column,mechanical,Low,,views/companies_dim.view.lkml,21,82b3ab594f0d8f518072f3e1cc4f4ce8ac1d576e
dimension,looker:analytics:field:companies_dim:company_finance_status,companies_dim,,company_finance_status,dimension:column,mechanical,Low,,views/companies_dim.view.lkml,36,82b3ab594f0d8f518072f3e1cc4f4ce8ac1d576e
dimension,looker:analytics:field:companies_dim:company_industry,companies_dim,,company_industry,dimension:column,mechanical,Low,,views/companies_dim.view.lkml,43,82b3ab594f0d8f518072f3e1cc4f4ce8ac1d576e
dimension,looker:analytics:field:companies_dim:company_linkedin_company_page,companies_dim,,company_linkedin_company_page,dimension:column,mechanical,Low,,views/companies_dim.view.lkml,60,82b3ab594f0d8f518072f3e1cc4f4ce8ac1d576e
dimension,looker:analytics:field:companies_dim:company_name,companies_dim,,company_name,dimension:column,mechanical,Low,,views/companies_dim.view.lkml,69,82b3ab594f0d8f518072f3e1cc4f4ce8ac1d576e
dimension,looker:analytics:field:companies_dim:company_phone,companies_dim,,company_phone,dimension:column,mechanical,Low,,views/companies_dim.view.lkml,77,82b3ab594f0d8f518072f3e1cc4f4ce8ac1d576e
dimension,looker:analytics:field:companies_dim:company_pk,companies_dim,,company_pk,dimension:column,mechanical,Low,,views/companies_dim.view.lkml,84,82b3ab594f0d8f518072f3e1cc4f4ce8ac1d576e
dimension,looker:analytics:field:companies_dim:company_twitterhandle,companies_dim,,company_twitterhandle,dimension:column,mechanical,Low,,views/companies_dim.view.lkml,93,82b3ab594f0d8f518072f3e1cc4f4ce8ac1d576e
dimension,looker:analytics:field:companies_dim:company_website,companies_dim,,company_website,dimension:column,mechanical,Low,,views/companies_dim.view.lkml,102,82b3ab594f0d8f518072f3e1cc4f4ce8ac1d576e
dimension,looker:analytics:field:companies_dim:hubspot_company_id,companies_dim,,hubspot_company_id,dimension:derived,mechanical,Low,,views/companies_dim.view.lkml,125,82b3ab594f0d8f518072f3e1cc4f4ce8ac1d576e
dimension,looker:analytics:field:companies_dim__all_company_addresses:company_address,companies_dim__all_company_addresses,,company_address,dimension:column,mechanical,Low,,views/companies_dim.view.lkml,156,82b3ab594f0d8f518072f3e1cc4f4ce8ac1d576e
dimension,looker:analytics:field:companies_dim__all_company_addresses:company_address2,companies_dim__all_company_addresses,,company_address2,dimension:column,mechanical,Low,,views/companies_dim.view.lkml,163,82b3ab594f0d8f518072f3e1cc4f4ce8ac1d576e
dimension,looker:analytics:field:companies_dim__all_company_addresses:company_city,companies_dim__all_company_addresses,,company_city,dimension:column,mechanical,Low,,views/companies_dim.view.lkml,170,82b3ab594f0d8f518072f3e1cc4f4ce8ac1d576e
dimension,looker:analytics:field:companies_dim__all_company_addresses:company_country,companies_dim__all_company_addresses,,company_country,dimension:column,mechanical,Low,,views/companies_dim.view.lkml,177,82b3ab594f0d8f518072f3e1cc4f4ce8ac1d576e
dimension,looker:analytics:field:companies_dim__all_company_addresses:company_state,companies_dim__all_company_addresses,,company_state,dimension:column,mechanical,Low,,views/companies_dim.view.lkml,185,82b3ab594f0d8f518072f3e1cc4f4ce8ac1d576e
dimension,looker:analytics:field:companies_dim__all_company_addresses:company_zip,companies_dim__all_company_addresses,,company_zip,dimension:column,mechanical,Low,,views/companies_dim.view.lkml,192,82b3ab594f0d8f518072f3e1cc4f4ce8ac1d576e
dimension,looker:analytics:field:companies_dim__all_company_ids:companies_dim__all_company_ids,companies_dim__all_company_ids,,companies_dim__all_company_ids,dimension:column,mechanical,Low,,views/companies_dim.view.lkml,147,82b3ab594f0d8f518072f3e1cc4f4ce8ac1d576e
dimension,looker:analytics:field:companies_dim_ideal_customer:company_pk,companies_dim_ideal_customer,,company_pk,dimension:column,mechanical,Low,,views/companies_dim_ideal_customer.view.lkml,7,82b3ab594f0d8f518072f3e1cc4f4ce8ac1d576e
dimension,looker:analytics:field:companies_dim_ideal_customer:company_size,companies_dim_ideal_customer,,company_size,dimension:column,mechanical,Low,,views/companies_dim_ideal_customer.view.lkml,190,82b3ab594f0d8f518072f3e1cc4f4ce8ac1d576e
dimension,looker:analytics:field:companies_dim_ideal_customer:ideal_customer_churn_reason,companies_dim_ideal_customer,,ideal_customer_churn_reason,dimension:column,mechanical,Low,,views/companies_dim_ideal_customer.view.lkml,266,82b3ab594f0d8f518072f3e1cc4f4ce8ac1d576e
dimension,looker:analytics:field:companies_dim_ideal_customer:ideal_customer_churned_year,companies_dim_ideal_customer,,ideal_customer_churned_year,dimension:column,mechanical,Low,,views/companies_dim_ideal_customer.view.lkml,252,82b3ab594f0d8f518072f3e1cc4f4ce8ac1d576e
dimension,looker:analytics:field:companies_dim_ideal_customer:ideal_customer_cohort,companies_dim_ideal_customer,,ideal_customer_cohort,dimension:derived,mechanical,Low,,views/companies_dim_ideal_customer.view.lkml,245,82b3ab594f0d8f518072f3e1cc4f4ce8ac1d576e
dimension,looker:analytics:field:companies_dim_ideal_customer:ideal_customer_group,companies_dim_ideal_customer,,ideal_customer_group,dimension:column,mechanical,Low,,views/companies_dim_ideal_customer.view.lkml,140,82b3ab594f0d8f518072f3e1cc4f4ce8ac1d576e
dimension,looker:analytics:field:companies_dim_ideal_customer:ideal_customer_group_natural_key,companies_dim_ideal_customer,,ideal_customer_group_natural_key,dimension:column,mechanical,Low,,views/companies_dim_ideal_customer.view.lkml,147,82b3ab594f0d8f518072f3e1cc4f4ce8ac1d576e
dimension,looker:analytics:field:companies_dim_ideal_customer:ideal_customer_months_billed,companies_dim_ideal_customer,,ideal_customer_months_billed,dimension:column,mechanical,Low,,views/companies_dim_ideal_customer.view.lkml,259,82b3ab594f0d8f518072f3e1cc4f4ce8ac1d576e
dimension,looker:analytics:field:companies_dim_ideal_customer:ideal_customer_testimonial_url,companies_dim_ideal_customer,,ideal_customer_testimonial_url,dimension:column,mechanical,Low,,views/companies_dim_ideal_customer.view.lkml,273,82b3ab594f0d8f518072f3e1cc4f4ce8ac1d576e
dimension,looker:analytics:field:companies_dim_ideal_customer:ideal_customer_vertical,companies_dim_ideal_customer,,ideal_customer_vertical,dimension:column,mechanical,Low,,views/companies_dim_ideal_customer.view.lkml,203,82b3ab594f0d8f518072f3e1cc4f4ce8ac1d576e
dimension,looker:analytics:field:companies_dim_ideal_customer:ideal_customer_x_group,companies_dim_ideal_customer,,ideal_customer_x_group,dimension:liquid,redesign,High,Liquid in sql or label: templated filter or dashboard control,views/companies_dim_ideal_customer.view.lkml,99,82b3ab594f0d8f518072f3e1cc4f4ce8ac1d576e
dimension,looker:analytics:field:companies_dim_ideal_customer:ideal_customer_y_group,companies_dim_ideal_customer,,ideal_customer_y_group,dimension:liquid,redesign,High,Liquid in sql or label: templated filter or dashboard control,views/companies_dim_ideal_customer.view.lkml,132,82b3ab594f0d8f518072f3e1cc4f4ce8ac1d576e
dimension,looker:analytics:field:companies_dim_ideal_customer:is_digital_native,companies_dim_ideal_customer,,is_digital_native,dimension:derived,mechanical,Low,,views/companies_dim_ideal_customer.view.lkml,197,82b3ab594f0d8f518072f3e1cc4f4ce8ac1d576e
dimension,looker:analytics:field:companies_dim_ideal_customer:is_ideal_customer_ranked,companies_dim_ideal_customer,,is_ideal_customer_ranked,dimension:derived,mechanical,Low,,views/companies_dim_ideal_customer.view.lkml,107,82b3ab594f0d8f518072f3e1cc4f4ce8ac1d576e
dimension,looker:analytics:field:companies_dim_ideal_customer:original_appeal_of_ra_to_buyer,companies_dim_ideal_customer,,original_appeal_of_ra_to_buyer,dimension:column,mechanical,Low,,views/companies_dim_ideal_customer.view.lkml,224,82b3ab594f0d8f518072f3e1cc4f4ce8ac1d576e
dimension,looker:analytics:field:companies_dim_ideal_customer:original_bi_tool,companies_dim_ideal_customer,,original_bi_tool,dimension:column,mechanical,Low,,views/companies_dim_ideal_customer.view.lkml,322,82b3ab594f0d8f518072f3e1cc4f4ce8ac1d576e
dimension,looker:analytics:field:companies_dim_ideal_customer:original_buyer_challenge,companies_dim_ideal_customer,,original_buyer_challenge,dimension:column,mechanical,Low,,views/companies_dim_ideal_customer.view.lkml,217,82b3ab594f0d8f518072f3e1cc4f4ce8ac1d576e
dimension,looker:analytics:field:companies_dim_ideal_customer:original_buyer_data_maturity,companies_dim_ideal_customer,,original_buyer_data_maturity,dimension:column,mechanical,Low,,views/companies_dim_ideal_customer.view.lkml,231,82b3ab594f0d8f518072f3e1cc4f4ce8ac1d576e
dimension,looker:analytics:field:companies_dim_ideal_customer:original_buyer_department,companies_dim_ideal_customer,,original_buyer_department,dimension:column,mechanical,Low,,views/companies_dim_ideal_customer.view.lkml,169,82b3ab594f0d8f518072f3e1cc4f4ce8ac1d576e
dimension,looker:analytics:field:companies_dim_ideal_customer:original_buyer_requirement,companies_dim_ideal_customer,,original_buyer_requirement,dimension:column,mechanical,Low,,views/companies_dim_ideal_customer.view.lkml,210,82b3ab594f0d8f518072f3e1cc4f4ce8ac1d576e
dimension,looker:analytics:field:companies_dim_ideal_customer:original_buyer_role,companies_dim_ideal_customer,,original_buyer_role,dimension:column,mechanical,Low,,views/companies_dim_ideal_customer.view.lkml,162,82b3ab594f0d8f518072f3e1cc4f4ce8ac1d576e
dimension,looker:analytics:field:companies_dim_ideal_customer:original_database,companies_dim_ideal_customer,,original_database,dimension:column,mechanical,Low,,views/companies_dim_ideal_customer.view.lkml,315,82b3ab594f0d8f518072f3e1cc4f4ce8ac1d576e
dimension,looker:analytics:field:companies_dim_ideal_customer:original_expectations_alignment,companies_dim_ideal_customer,,original_expectations_alignment,dimension:derived,mechanical,Low,,views/companies_dim_ideal_customer.view.lkml,336,82b3ab594f0d8f518072f3e1cc4f4ce8ac1d576e
dimension,looker:analytics:field:companies_dim_ideal_customer:original_fee_structure,companies_dim_ideal_customer,,original_fee_structure,dimension:column,mechanical,Low,,views/companies_dim_ideal_customer.view.lkml,301,82b3ab594f0d8f518072f3e1cc4f4ce8ac1d576e
dimension,looker:analytics:field:companies_dim_ideal_customer:original_is_data_analyst_available,companies_dim_ideal_customer,,original_is_data_analyst_available,dimension:column,mechanical,Low,,views/companies_dim_ideal_customer.view.lkml,329,82b3ab594f0d8f518072f3e1cc4f4ce8ac1d576e
dimension,looker:analytics:field:companies_dim_ideal_customer:original_is_handover_planned,companies_dim_ideal_customer,,original_is_handover_planned,dimension:derived,mechanical,Low,,views/companies_dim_ideal_customer.view.lkml,343,82b3ab594f0d8f518072f3e1cc4f4ce8ac1d576e
dimension,looker:analytics:field:companies_dim_ideal_customer:original_lead_customer_source,companies_dim_ideal_customer,,original_lead_customer_source,dimension:column,mechanical,Low,,views/companies_dim_ideal_customer.view.lkml,183,82b3ab594f0d8f518072f3e1cc4f4ce8ac1d576e
dimension,looker:analytics:field:companies_dim_ideal_customer:original_lead_pathway,companies_dim_ideal_customer,,original_lead_pathway,dimension:column,mechanical,Low,,views/companies_dim_ideal_customer.view.lkml,176,82b3ab594f0d8f518072f3e1cc4f4ce8ac1d576e
dimension,looker:analytics:field:companies_dim_ideal_customer:original_lead_technology,companies_dim_ideal_customer,,original_lead_technology,dimension:column,mechanical,Low,,views/companies_dim_ideal_customer.view.lkml,308,82b3ab594f0d8f518072f3e1cc4f4ce8ac1d576e
dimension,looker:analytics:field:companies_dim_ideal_customer:original_license_referral,companies_dim_ideal_customer,,original_license_referral,dimension:derived,mechanical,Low,,views/companies_dim_ideal_customer.view.lkml,350,82b3ab594f0d8f518072f3e1cc4f4ce8ac1d576e
dimension,looker:analytics:field:companies_dim_ideal_customer:original_market,companies_dim_ideal_customer,,original_market,dimension:column,mechanical,Low,,views/companies_dim_ideal_customer.view.lkml,280,82b3ab594f0d8f518072f3e1cc4f4ce8ac1d576e
dimension,looker:analytics:field:companies_dim_ideal_customer:original_org_data_maturity,companies_dim_ideal_customer,,original_org_data_maturity,dimension:column,mechanical,Low,,views/companies_dim_ideal_customer.view.lkml,238,82b3ab594f0d8f518072f3e1cc4f4ce8ac1d576e
dimension,looker:analytics:field:companies_dim_ideal_customer:original_ra_lead,companies_dim_ideal_customer,,original_ra_lead,dimension:column,mechanical,Low,,views/companies_dim_ideal_customer.view.lkml,357,82b3ab594f0d8f518072f3e1cc4f4ce8ac1d576e
dimension,looker:analytics:field:companies_dim_ideal_customer:original_service,companies_dim_ideal_customer,,original_service,dimension:column,mechanical,Low,,views/companies_dim_ideal_customer.view.lkml,287,82b3ab594f0d8f518072f3e1cc4f4ce8ac1d576e
dimension,looker:analytics:field:companies_dim_ideal_customer:original_work_delivered,companies_dim_ideal_customer,,original_work_delivered,dimension:column,mechanical,Low,,views/companies_dim_ideal_customer.view.lkml,294,82b3ab594f0d8f518072f3e1cc4f4ce8ac1d576e
dimension,looker:analytics:field:companies_dim_ideal_customer:orignal_delivery_team,companies_dim_ideal_customer,,orignal_delivery_team,dimension:column,mechanical,Low,,views/companies_dim_ideal_customer.view.lkml,364,82b3ab594f0d8f518072f3e1cc4f4ce8ac1d576e
dimension,looker:analytics:field:company_comparison:alias,company_comparison,,alias,dimension:column,mechanical,Low,,views/company_comparison.view.lkml,42,82b3ab594f0d8f518072f3e1cc4f4ce8ac1d576e
dimension,looker:analytics:field:company_comparison:company_name,company_comparison,,company_name,dimension:column,mechanical,Low,,views/company_comparison.view.lkml,17,82b3ab594f0d8f518072f3e1cc4f4ce8ac1d576e
dimension,looker:analytics:field:company_comparison:measure,company_comparison,,measure,dimension:column,mechanical,Low,,views/company_comparison.view.lkml,52,82b3ab594f0d8f518072f3e1cc4f4ce8ac1d576e
dimension,looker:analytics:field:company_comparison:pct_chg_yoy,company_comparison,,pct_chg_yoy,dimension:column,mechanical,Low,,views/company_comparison.view.lkml,59,82b3ab594f0d8f518072f3e1cc4f4ce8ac1d576e
dimension,looker:analytics:field:company_comparison:pk,company_comparison,,pk,dimension:derived,mechanical,Low,,views/company_comparison.view.lkml,23,82b3ab594f0d8f518072f3e1cc4f4ce8ac1d576e
dimension,looker:analytics:field:company_comparison:segment,company_comparison,,segment,dimension:column,mechanical,Low,,views/company_comparison.view.lkml,47,82b3ab594f0d8f518072f3e1cc4f4ce8ac1d576e
dimension,looker:analytics:field:company_comparison:total_years_operating,company_comparison,,total_years_operating,dimension:column,mechanical,Low,,views/company_comparison.view.lkml,30,82b3ab594f0d8f518072f3e1cc4f4ce8ac1d576e
dimension,looker:analytics:field:company_comparison:value,company_comparison,,value,dimension:column,mechanical,Low,,views/company_comparison.view.lkml,72,82b3ab594f0d8f518072f3e1cc4f4ce8ac1d576e
dimension,looker:analytics:field:company_comparison:year,company_comparison,,year,dimension:column,mechanical,Low,,views/company_comparison.view.lkml,457,82b3ab594f0d8f518072f3e1cc4f4ce8ac1d576e
dimension,looker:analytics:field:company_comparison:year_founded,company_comparison,,year_founded,dimension:column,mechanical,Low,,views/company_comparison.view.lkml,36,82b3ab594f0d8f518072f3e1cc4f4ce8ac1d576e
dimension,looker:analytics:field:company_comparison:years_operating,company_comparison,,years_operating,dimension:column,mechanical,Low,,views/company_comparison.view.lkml,378,82b3ab594f0d8f518072f3e1cc4f4ce8ac1d576e
dimension,looker:analytics:field:company_converted_projects:company_pk,company_converted_projects,,company_pk,dimension:column,mechanical,Low,,views/company_converted_projects.view.lkml,29,82b3ab594f0d8f518072f3e1cc4f4ce8ac1d576e
dimension,looker:analytics:field:company_converted_projects:conversion_status,company_converted_projects,,conversion_status,dimension:column,mechanical,Low,,views/company_converted_projects.view.lkml,66,82b3ab594f0d8f518072f3e1cc4f4ce8ac1d576e
dimension,looker:analytics:field:company_deal_value_attribute:company_pk,company_deal_value_attribute,,company_pk,dimension:column,mechanical,Low,,views/company_deal_value_attribute.view.lkml,20,82b3ab594f0d8f518072f3e1cc4f4ce8ac1d576e
dimension,looker:analytics:field:company_deal_value_attribute:expansion_deal_amount,company_deal_value_attribute,,expansion_deal_amount,dimension:column,mechanical,Low,,views/company_deal_value_attribute.view.lkml,34,82b3ab594f0d8f518072f3e1cc4f4ce8ac1d576e
dimension,looker:analytics:field:company_deal_value_attribute:initial_deal_amount,company_deal_value_attribute,,initial_deal_amount,dimension:column,mechanical,Low,,views/company_deal_value_attribute.view.lkml,27,82b3ab594f0d8f518072f3e1cc4f4ce8ac1d576e
dimension,looker:analytics:field:company_hubspot_id:company_pk,company_hubspot_id,,company_pk,dimension:column,mechanical,Low,,views/company_hubspot_id.view.lkml,12,82b3ab594f0d8f518072f3e1cc4f4ce8ac1d576e
dimension,looker:analytics:field:company_hubspot_id:hubspot_company_id,company_hubspot_id,,hubspot_company_id,dimension:column,mechanical,Low,,views/company_hubspot_id.view.lkml,18,82b3ab594f0d8f518072f3e1cc4f4ce8ac1d576e
dimension,looker:analytics:field:consultant_revenue_attribution:contact_pk,consultant_revenue_attribution,,contact_pk,dimension:column,mechanical,Low,,views/consultant_revenue_attribution.view.lkml,163,82b3ab594f0d8f518072f3e1cc4f4ce8ac1d576e
dimension,looker:analytics:field:consultant_revenue_attribution:pct_of__billable_hours_billed,consultant_revenue_attribution,,pct_of__billable_hours_billed,dimension:column,mechanical,Low,,views/consultant_revenue_attribution.view.lkml,212,82b3ab594f0d8f518072f3e1cc4f4ce8ac1d576e
dimension,looker:analytics:field:consultant_revenue_attribution:pk,consultant_revenue_attribution,,pk,dimension:derived,mechanical,Low,,views/consultant_revenue_attribution.view.lkml,156,82b3ab594f0d8f518072f3e1cc4f4ce8ac1d576e
dimension,looker:analytics:field:consultant_revenue_attribution:timesheet_project_pk,consultant_revenue_attribution,,timesheet_project_pk,dimension:column,mechanical,Low,,views/consultant_revenue_attribution.view.lkml,144,82b3ab594f0d8f518072f3e1cc4f4ce8ac1d576e
dimension,looker:analytics:field:consultant_revenue_attribution:total_other_project_costs,consultant_revenue_attribution,,total_other_project_costs,dimension:column,mechanical,Low,,views/consultant_revenue_attribution.view.lkml,198,82b3ab594f0d8f518072f3e1cc4f4ce8ac1d576e
dimension,looker:analytics:field:consultant_revenue_attribution:total_project_fee_amount,consultant_revenue_attribution,,total_project_fee_amount,dimension:column,mechanical,Low,,views/consultant_revenue_attribution.view.lkml,170,82b3ab594f0d8f518072f3e1cc4f4ce8ac1d576e
dimension,looker:analytics:field:consultant_revenue_attribution:total_project_revenue_attribution_gbp,consultant_revenue_attribution,,total_project_revenue_attribution_gbp,dimension:column,mechanical,Low,,views/consultant_revenue_attribution.view.lkml,218,82b3ab594f0d8f518072f3e1cc4f4ce8ac1d576e
dimension,looker:analytics:field:consultant_revenue_attribution:total_project_timesheet_billable_cost_gbp,consultant_revenue_attribution,,total_project_timesheet_billable_cost_gbp,dimension:column,mechanical,Low,,views/consultant_revenue_attribution.view.lkml,237,82b3ab594f0d8f518072f3e1cc4f4ce8ac1d576e
dimension,looker:analytics:field:consultant_revenue_attribution:total_project_timesheet_billable_hours_billed,consultant_revenue_attribution,,total_project_timesheet_billable_hours_billed,dimension:column,mechanical,Low,,views/consultant_revenue_attribution.view.lkml,205,82b3ab594f0d8f518072f3e1cc4f4ce8ac1d576e
dimension,looker:analytics:field:consultant_revenue_attribution:total_timesheet_billable_hours_billed,consultant_revenue_attribution,,total_timesheet_billable_hours_billed,dimension:column,mechanical,Low,,views/consultant_revenue_attribution.view.lkml,177,82b3ab594f0d8f518072f3e1cc4f4ce8ac1d576e
dimension,looker:analytics:field:consultant_revenue_attribution:total_timesheet_cost_amount_gbp,consultant_revenue_attribution,,total_timesheet_cost_amount_gbp,dimension:column,mechanical,Low,,views/consultant_revenue_attribution.view.lkml,191,82b3ab594f0d8f518072f3e1cc4f4ce8ac1d576e
dimension,looker:analytics:field:consultant_revenue_attribution:total_timesheet_nonbillable_hours_billed,consultant_revenue_attribution,,total_timesheet_nonbillable_hours_billed,dimension:column,mechanical,Low,,views/consultant_revenue_attribution.view.lkml,184,82b3ab594f0d8f518072f3e1cc4f4ce8ac1d576e
dimension,looker:analytics:field:consulting_companies:banner,consulting_companies,,banner,dimension:column,mechanical,Low,,views/consulting_companies.view.lkml,14,82b3ab594f0d8f518072f3e1cc4f4ce8ac1d576e
dimension,looker:analytics:field:consulting_companies:company_address,consulting_companies,,company_address,dimension:column,mechanical,Low,,views/consulting_companies.view.lkml,19,82b3ab594f0d8f518072f3e1cc4f4ce8ac1d576e
dimension,looker:analytics:field:consulting_companies:company_bio,consulting_companies,,company_bio,dimension:column,mechanical,Low,,views/consulting_companies.view.lkml,24,82b3ab594f0d8f518072f3e1cc4f4ce8ac1d576e
dimension,looker:analytics:field:consulting_companies:company_name,consulting_companies,,company_name,dimension:column,mechanical,Low,,views/consulting_companies.view.lkml,29,82b3ab594f0d8f518072f3e1cc4f4ce8ac1d576e
dimension,looker:analytics:field:consulting_companies:company_size,consulting_companies,,company_size,dimension:column,mechanical,Low,,views/consulting_companies.view.lkml,34,82b3ab594f0d8f518072f3e1cc4f4ce8ac1d576e
dimension,looker:analytics:field:consulting_companies:company_url,consulting_companies,,company_url,dimension:column,mechanical,Low,,views/consulting_companies.view.lkml,39,82b3ab594f0d8f518072f3e1cc4f4ce8ac1d576e
dimension,looker:analytics:field:consulting_companies:country,consulting_companies,,country,dimension:column,mechanical,Low,,views/consulting_companies.view.lkml,44,82b3ab594f0d8f518072f3e1cc4f4ce8ac1d576e
dimension,looker:analytics:field:consulting_companies:dbt_partner_status,consulting_companies,,dbt_partner_status,dimension:column,mechanical,Low,,views/consulting_companies.view.lkml,50,82b3ab594f0d8f518072f3e1cc4f4ce8ac1d576e
dimension,looker:analytics:field:consulting_companies:domain,consulting_companies,,domain,dimension:column,mechanical,Low,,views/consulting_companies.view.lkml,55,82b3ab594f0d8f518072f3e1cc4f4ce8ac1d576e
dimension,looker:analytics:field:consulting_companies:employees_on_linked_in,consulting_companies,,employees_on_linked_in,dimension:column,mechanical,Low,,views/consulting_companies.view.lkml,60,82b3ab594f0d8f518072f3e1cc4f4ce8ac1d576e
dimension,looker:analytics:field:consulting_companies:employees_rank,consulting_companies,,employees_rank,dimension:column,mechanical,Low,,views/consulting_companies.view.lkml,79,82b3ab594f0d8f518072f3e1cc4f4ce8ac1d576e
dimension,looker:analytics:field:consulting_companies:error,consulting_companies,,error,dimension:column,mechanical,Low,,views/consulting_companies.view.lkml,84,82b3ab594f0d8f518072f3e1cc4f4ce8ac1d576e
dimension,looker:analytics:field:consulting_companies:follower_count,consulting_companies,,follower_count,dimension:column,mechanical,Low,,views/consulting_companies.view.lkml,89,82b3ab594f0d8f518072f3e1cc4f4ce8ac1d576e
dimension,looker:analytics:field:consulting_companies:follower_rank,consulting_companies,,follower_rank,dimension:column,mechanical,Low,,views/consulting_companies.view.lkml,94,82b3ab594f0d8f518072f3e1cc4f4ce8ac1d576e
dimension,looker:analytics:field:consulting_companies:founded,consulting_companies,,founded,dimension:column,mechanical,Low,,views/consulting_companies.view.lkml,99,82b3ab594f0d8f518072f3e1cc4f4ce8ac1d576e
dimension,looker:analytics:field:consulting_companies:headquarters,consulting_companies,,headquarters,dimension:column,mechanical,Low,,views/consulting_companies.view.lkml,104,82b3ab594f0d8f518072f3e1cc4f4ce8ac1d576e
dimension,looker:analytics:field:consulting_companies:industry,consulting_companies,,industry,dimension:column,mechanical,Low,,views/consulting_companies.view.lkml,110,82b3ab594f0d8f518072f3e1cc4f4ce8ac1d576e
dimension,looker:analytics:field:consulting_companies:is_admin,consulting_companies,,is_admin,dimension:column,mechanical,Low,,views/consulting_companies.view.lkml,115,82b3ab594f0d8f518072f3e1cc4f4ce8ac1d576e
dimension,looker:analytics:field:consulting_companies:linkedin_id,consulting_companies,,linkedin_id,dimension:column,mechanical,Low,,views/consulting_companies.view.lkml,120,82b3ab594f0d8f518072f3e1cc4f4ce8ac1d576e
dimension,looker:analytics:field:consulting_companies:logo,consulting_companies,,logo,dimension:column,mechanical,Low,,views/consulting_companies.view.lkml,125,82b3ab594f0d8f518072f3e1cc4f4ce8ac1d576e
dimension,looker:analytics:field:consulting_companies:main_company_id,consulting_companies,,main_company_id,dimension:column,mechanical,Low,,views/consulting_companies.view.lkml,130,82b3ab594f0d8f518072f3e1cc4f4ce8ac1d576e
dimension,looker:analytics:field:consulting_companies:name,consulting_companies,,name,dimension:column,mechanical,Low,,views/consulting_companies.view.lkml,135,82b3ab594f0d8f518072f3e1cc4f4ce8ac1d576e
dimension,looker:analytics:field:consulting_companies:phone,consulting_companies,,phone,dimension:column,mechanical,Low,,views/consulting_companies.view.lkml,140,82b3ab594f0d8f518072f3e1cc4f4ce8ac1d576e
dimension,looker:analytics:field:consulting_companies:query,consulting_companies,,query,dimension:column,mechanical,Low,,views/consulting_companies.view.lkml,145,82b3ab594f0d8f518072f3e1cc4f4ce8ac1d576e
dimension,looker:analytics:field:consulting_companies:sales_navigator_link,consulting_companies,,sales_navigator_link,dimension:column,mechanical,Low,,views/consulting_companies.view.lkml,150,82b3ab594f0d8f518072f3e1cc4f4ce8ac1d576e
dimension,looker:analytics:field:consulting_companies:saved_img,consulting_companies,,saved_img,dimension:column,mechanical,Low,,views/consulting_companies.view.lkml,155,82b3ab594f0d8f518072f3e1cc4f4ce8ac1d576e
dimension,looker:analytics:field:consulting_companies:specialties,consulting_companies,,specialties,dimension:column,mechanical,Low,,views/consulting_companies.view.lkml,160,82b3ab594f0d8f518072f3e1cc4f4ce8ac1d576e
dimension,looker:analytics:field:consulting_companies:tag_line,consulting_companies,,tag_line,dimension:column,mechanical,Low,,views/consulting_companies.view.lkml,165,82b3ab594f0d8f518072f3e1cc4f4ce8ac1d576e
dimension,looker:analytics:field:consulting_companies:website,consulting_companies,,website,dimension:column,mechanical,Low,,views/consulting_companies.view.lkml,187,82b3ab594f0d8f518072f3e1cc4f4ce8ac1d576e
dimension,looker:analytics:field:contact_bio:contact_bio,contact_bio,,contact_bio,dimension:column,mechanical,Low,,views/contact_bio.view.lkml,89,82b3ab594f0d8f518072f3e1cc4f4ce8ac1d576e
dimension,looker:analytics:field:contact_bio:contact_pk,contact_bio,,contact_pk,dimension:column,mechanical,Low,,views/contact_bio.view.lkml,82,82b3ab594f0d8f518072f3e1cc4f4ce8ac1d576e
dimension,looker:analytics:field:contact_companies_fact:company_fk,contact_companies_fact,,company_fk,dimension:column,mechanical,Low,,views/contact_companies_fact.view.lkml,5,82b3ab594f0d8f518072f3e1cc4f4ce8ac1d576e
dimension,looker:analytics:field:contact_companies_fact:contact_company_pk,contact_companies_fact,,contact_company_pk,dimension:column,mechanical,Low,,views/contact_companies_fact.view.lkml,12,82b3ab594f0d8f518072f3e1cc4f4ce8ac1d576e
dimension,looker:analytics:field:contact_companies_fact:person_fk,contact_companies_fact,,person_fk,dimension:column,mechanical,Low,,views/contact_companies_fact.view.lkml,18,82b3ab594f0d8f518072f3e1cc4f4ce8ac1d576e
dimension,looker:analytics:field:contact_deals_fact:contact_deal_pk,contact_deals_fact,,contact_deal_pk,dimension:column,mechanical,Low,,views/contact_deals_fact.view.lkml,5,82b3ab594f0d8f518072f3e1cc4f4ce8ac1d576e
dimension,looker:analytics:field:contact_deals_fact:contact_pk,contact_deals_fact,,contact_pk,dimension:column,mechanical,Low,,views/contact_deals_fact.view.lkml,11,82b3ab594f0d8f518072f3e1cc4f4ce8ac1d576e
dimension,looker:analytics:field:contact_deals_fact:deal_pk,contact_deals_fact,,deal_pk,dimension:column,mechanical,Low,,views/contact_deals_fact.view.lkml,18,82b3ab594f0d8f518072f3e1cc4f4ce8ac1d576e
dimension,looker:analytics:field:contact_engagements_fact:deal_pk,contact_engagements_fact,,deal_pk,dimension:column,mechanical,Low,,views/contact_engagements_fact.view.lkml,5,82b3ab594f0d8f518072f3e1cc4f4ce8ac1d576e
dimension,looker:analytics:field:contact_engagements_fact:engagement_pk,contact_engagements_fact,,engagement_pk,dimension:column,mechanical,Low,,views/contact_engagements_fact.view.lkml,13,82b3ab594f0d8f518072f3e1cc4f4ce8ac1d576e
dimension,looker:analytics:field:contact_engagements_fact:engagement_title,contact_engagements_fact,,engagement_title,dimension:column,mechanical,Low,,views/contact_engagements_fact.view.lkml,20,82b3ab594f0d8f518072f3e1cc4f4ce8ac1d576e
dimension,looker:analytics:field:contact_engagements_fact:engagment_type,contact_engagements_fact,,engagment_type,dimension:column,mechanical,Low,,views/contact_engagements_fact.view.lkml,44,82b3ab594f0d8f518072f3e1cc4f4ce8ac1d576e
dimension,looker:analytics:field:contact_engagements_fact:from_contact_pk,contact_engagements_fact,,from_contact_pk,dimension:column,mechanical,Low,,views/contact_engagements_fact.view.lkml,51,82b3ab594f0d8f518072f3e1cc4f4ce8ac1d576e
dimension,looker:analytics:field:contact_engagements_fact:to_contact_pk,contact_engagements_fact,,to_contact_pk,dimension:column,mechanical,Low,,views/contact_engagements_fact.view.lkml,58,82b3ab594f0d8f518072f3e1cc4f4ce8ac1d576e
dimension,looker:analytics:field:contact_meetings_fact:all_attendee_person_pk,contact_meetings_fact,,all_attendee_person_pk,dimension:column,mechanical,Low,,views/contact_meetings_fact.view.lkml,16,82b3ab594f0d8f518072f3e1cc4f4ce8ac1d576e
dimension,looker:analytics:field:contact_meetings_fact:all_company_pk,contact_meetings_fact,,all_company_pk,dimension:column,mechanical,Low,,views/contact_meetings_fact.view.lkml,34,82b3ab594f0d8f518072f3e1cc4f4ce8ac1d576e
dimension,looker:analytics:field:contact_meetings_fact:company_fk,contact_meetings_fact,,company_fk,dimension:derived,mechanical,Low,,views/contact_meetings_fact.view.lkml,21,82b3ab594f0d8f518072f3e1cc4f4ce8ac1d576e
dimension,looker:analytics:field:contact_meetings_fact:deal_fk,contact_meetings_fact,,deal_fk,dimension:column,mechanical,Low,,views/contact_meetings_fact.view.lkml,51,82b3ab594f0d8f518072f3e1cc4f4ce8ac1d576e
dimension,looker:analytics:field:contact_meetings_fact:engagement_id,contact_meetings_fact,,engagement_id,dimension:column,mechanical,Low,,views/contact_meetings_fact.view.lkml,45,82b3ab594f0d8f518072f3e1cc4f4ce8ac1d576e
dimension,looker:analytics:field:contact_meetings_fact:is_meeting_active,contact_meetings_fact,,is_meeting_active,dimension:column,mechanical,Low,,views/contact_meetings_fact.view.lkml,58,82b3ab594f0d8f518072f3e1cc4f4ce8ac1d576e
dimension,looker:analytics:field:contact_meetings_fact:meeting_host_person_pk,contact_meetings_fact,,meeting_host_person_pk,dimension:column,mechanical,Low,,views/contact_meetings_fact.view.lkml,64,82b3ab594f0d8f518072f3e1cc4f4ce8ac1d576e
dimension,looker:analytics:field:contact_meetings_fact:meeting_owner_id,contact_meetings_fact,,meeting_owner_id,dimension:column,mechanical,Low,,views/contact_meetings_fact.view.lkml,71,82b3ab594f0d8f518072f3e1cc4f4ce8ac1d576e
dimension,looker:analytics:field:contact_meetings_fact:meeting_pk,contact_meetings_fact,,meeting_pk,dimension:column,mechanical,Low,,views/contact_meetings_fact.view.lkml,39,82b3ab594f0d8f518072f3e1cc4f4ce8ac1d576e
dimension,looker:analytics:field:contact_meetings_fact:meeting_title,contact_meetings_fact,,meeting_title,dimension:column,mechanical,Low,,views/contact_meetings_fact.view.lkml,78,82b3ab594f0d8f518072f3e1cc4f4ce8ac1d576e
dimension,looker:analytics:field:contact_meetings_fact:meeting_type,contact_meetings_fact,,meeting_type,dimension:column,mechanical,Low,,views/contact_meetings_fact.view.lkml,98,82b3ab594f0d8f518072f3e1cc4f4ce8ac1d576e
dimension,looker:analytics:field:contact_meetings_fact__all_attendee_person_pk:contact_meetings_fact__all_attendee_person_pk,contact_meetings_fact__all_attendee_person_pk,,contact_meetings_fact__all_attendee_person_pk,dimension:derived,mechanical,Low,,views/contact_meetings_fact.view.lkml,138,82b3ab594f0d8f518072f3e1cc4f4ce8ac1d576e
dimension,looker:analytics:field:contact_meetings_fact__all_company_pk:contact_meetings_fact__all_company_pk,contact_meetings_fact__all_company_pk,,contact_meetings_fact__all_company_pk,dimension:derived,mechanical,Low,,views/contact_meetings_fact.view.lkml,123,82b3ab594f0d8f518072f3e1cc4f4ce8ac1d576e
dimension,looker:analytics:field:contact_nps_survey_fact:contact_pk,contact_nps_survey_fact,,contact_pk,dimension:column,mechanical,Low,,views/contact_nps_survey_fact.view.lkml,5,82b3ab594f0d8f518072f3e1cc4f4ce8ac1d576e
dimension,looker:analytics:field:contact_nps_survey_fact:nps_survey_name,contact_nps_survey_fact,,nps_survey_name,dimension:column,mechanical,Low,,views/contact_nps_survey_fact.view.lkml,11,82b3ab594f0d8f518072f3e1cc4f4ce8ac1d576e
dimension,looker:analytics:field:contact_nps_survey_fact:nps_survey_pk,contact_nps_survey_fact,,nps_survey_pk,dimension:column,mechanical,Low,,views/contact_nps_survey_fact.view.lkml,19,82b3ab594f0d8f518072f3e1cc4f4ce8ac1d576e
dimension,looker:analytics:field:contact_nps_survey_fact:nps_survey_response_content,contact_nps_survey_fact,,nps_survey_response_content,dimension:column,mechanical,Low,,views/contact_nps_survey_fact.view.lkml,26,82b3ab594f0d8f518072f3e1cc4f4ce8ac1d576e
dimension,looker:analytics:field:contact_nps_survey_fact:nps_survey_response_score,contact_nps_survey_fact,,nps_survey_response_score,dimension:column,mechanical,Low,,views/contact_nps_survey_fact.view.lkml,49,82b3ab594f0d8f518072f3e1cc4f4ce8ac1d576e
dimension,looker:analytics:field:contact_nps_survey_fact:nps_survey_response_sentiment,contact_nps_survey_fact,,nps_survey_response_sentiment,dimension:column,mechanical,Low,,views/contact_nps_survey_fact.view.lkml,55,82b3ab594f0d8f518072f3e1cc4f4ce8ac1d576e
dimension,looker:analytics:field:contact_nps_survey_fact:nps_survey_type,contact_nps_survey_fact,,nps_survey_type,dimension:column,mechanical,Low,,views/contact_nps_survey_fact.view.lkml,63,82b3ab594f0d8f518072f3e1cc4f4ce8ac1d576e
dimension,looker:analytics:field:contact_nps_survey_fact:source,contact_nps_survey_fact,,source,dimension:column,mechanical,Low,,views/contact_nps_survey_fact.view.lkml,71,82b3ab594f0d8f518072f3e1cc4f4ce8ac1d576e
dimension,looker:analytics:field:contact_utilization_fact:actual_billable_hours,contact_utilization_fact,,actual_billable_hours,dimension:column,mechanical,Low,,views/contact_utilization_fact.view.lkml,17,82b3ab594f0d8f518072f3e1cc4f4ce8ac1d576e
dimension,looker:analytics:field:contact_utilization_fact:actual_story_points,contact_utilization_fact,,actual_story_points,dimension:column,mechanical,Low,,views/contact_utilization_fact.view.lkml,45,82b3ab594f0d8f518072f3e1cc4f4ce8ac1d576e
dimension,looker:analytics:field:contact_utilization_fact:actual_utilization,contact_utilization_fact,,actual_utilization,dimension:derived,mechanical,Low,,views/contact_utilization_fact.view.lkml,192,82b3ab594f0d8f518072f3e1cc4f4ce8ac1d576e
dimension,looker:analytics:field:contact_utilization_fact:contact_pk,contact_utilization_fact,,contact_pk,dimension:column,mechanical,Low,,views/contact_utilization_fact.view.lkml,72,82b3ab594f0d8f518072f3e1cc4f4ce8ac1d576e
dimension,looker:analytics:field:contact_utilization_fact:forecast_billable_hours,contact_utilization_fact,,forecast_billable_hours,dimension:column,mechanical,Low,,views/contact_utilization_fact.view.lkml,78,82b3ab594f0d8f518072f3e1cc4f4ce8ac1d576e
dimension,looker:analytics:field:contact_utilization_fact:forecast_utilization,contact_utilization_fact,,forecast_utilization,dimension:derived,mechanical,Low,,views/contact_utilization_fact.view.lkml,181,82b3ab594f0d8f518072f3e1cc4f4ce8ac1d576e
dimension,looker:analytics:field:contact_utilization_fact:hours_per_week,contact_utilization_fact,,hours_per_week,dimension:column,mechanical,Low,,views/contact_utilization_fact.view.lkml,115,82b3ab594f0d8f518072f3e1cc4f4ce8ac1d576e
dimension,looker:analytics:field:contact_utilization_fact:hr_utilization_pk,contact_utilization_fact,,hr_utilization_pk,dimension:derived,mechanical,Low,,views/contact_utilization_fact.view.lkml,137,82b3ab594f0d8f518072f3e1cc4f4ce8ac1d576e
dimension,looker:analytics:field:contact_utilization_fact:target,contact_utilization_fact,,target,dimension:column,mechanical,Low,,views/contact_utilization_fact.view.lkml,144,82b3ab594f0d8f518072f3e1cc4f4ce8ac1d576e
dimension,looker:analytics:field:contact_utilization_fact:target_billable_capacity,contact_utilization_fact,,target_billable_capacity,dimension:column,mechanical,Low,,views/contact_utilization_fact.view.lkml,159,82b3ab594f0d8f518072f3e1cc4f4ce8ac1d576e
dimension,looker:analytics:field:contact_utilization_fact:time_off,contact_utilization_fact,,time_off,dimension:column,mechanical,Low,,views/contact_utilization_fact.view.lkml,215,82b3ab594f0d8f518072f3e1cc4f4ce8ac1d576e
dimension,looker:analytics:field:contact_utilization_fact:total_capacity,contact_utilization_fact,,total_capacity,dimension:column,mechanical,Low,,views/contact_utilization_fact.view.lkml,239,82b3ab594f0d8f518072f3e1cc4f4ce8ac1d576e
dimension,looker:analytics:field:contacts_dim:all_contact_addresses,contacts_dim,,all_contact_addresses,dimension:column,mechanical,Low,,views/contacts_dim.view.lkml,13,82b3ab594f0d8f518072f3e1cc4f4ce8ac1d576e
dimension,looker:analytics:field:contacts_dim:all_contact_company_ids,contacts_dim,,all_contact_company_ids,dimension:column,mechanical,Low,,views/contacts_dim.view.lkml,21,82b3ab594f0d8f518072f3e1cc4f4ce8ac1d576e
dimension,looker:analytics:field:contacts_dim:all_contact_emails,contacts_dim,,all_contact_emails,dimension:column,mechanical,Low,,views/contacts_dim.view.lkml,26,82b3ab594f0d8f518072f3e1cc4f4ce8ac1d576e
dimension,looker:analytics:field:contacts_dim:all_contact_ids,contacts_dim,,all_contact_ids,dimension:column,mechanical,Low,,views/contacts_dim.view.lkml,31,82b3ab594f0d8f518072f3e1cc4f4ce8ac1d576e
dimension,looker:analytics:field:contacts_dim:all_dbt_slack_channels,contacts_dim,,all_dbt_slack_channels,dimension:column,mechanical,Low,,views/contacts_dim.view.lkml,36,82b3ab594f0d8f518072f3e1cc4f4ce8ac1d576e
dimension,looker:analytics:field:contacts_dim:all_job_titles,contacts_dim,,all_job_titles,dimension:column,mechanical,Low,,views/contacts_dim.view.lkml,41,82b3ab594f0d8f518072f3e1cc4f4ce8ac1d576e
dimension,looker:analytics:field:contacts_dim:contact_anonymousid,contacts_dim,,contact_anonymousid,dimension:column,mechanical,Low,,views/contacts_dim.view.lkml,60,82b3ab594f0d8f518072f3e1cc4f4ce8ac1d576e
dimension,looker:analytics:field:contacts_dim:contact_average_page_views,contacts_dim,,contact_average_page_views,dimension:column,mechanical,Low,,views/contacts_dim.view.lkml,68,82b3ab594f0d8f518072f3e1cc4f4ce8ac1d576e
dimension,looker:analytics:field:contacts_dim:contact_bio,contacts_dim,,contact_bio,dimension:column,mechanical,Low,,views/contacts_dim.view.lkml,75,82b3ab594f0d8f518072f3e1cc4f4ce8ac1d576e
dimension,looker:analytics:field:contacts_dim:contact_calendly_answer_1,contacts_dim,,contact_calendly_answer_1,dimension:column,mechanical,Low,,views/contacts_dim.view.lkml,82,82b3ab594f0d8f518072f3e1cc4f4ce8ac1d576e
dimension,looker:analytics:field:contacts_dim:contact_calendly_answer_2,contacts_dim,,contact_calendly_answer_2,dimension:column,mechanical,Low,,views/contacts_dim.view.lkml,89,82b3ab594f0d8f518072f3e1cc4f4ce8ac1d576e
dimension,looker:analytics:field:contacts_dim:contact_challenge,contacts_dim,,contact_challenge,dimension:column,mechanical,Low,,views/contacts_dim.view.lkml,836,82b3ab594f0d8f518072f3e1cc4f4ce8ac1d576e
dimension,looker:analytics:field:contacts_dim:contact_conversion_event_name,contacts_dim,,contact_conversion_event_name,dimension:column,mechanical,Low,,views/contacts_dim.view.lkml,96,82b3ab594f0d8f518072f3e1cc4f4ce8ac1d576e
dimension,looker:analytics:field:contacts_dim:contact_conversion_event_source,contacts_dim,,contact_conversion_event_source,dimension:column,mechanical,Low,,views/contacts_dim.view.lkml,103,82b3ab594f0d8f518072f3e1cc4f4ce8ac1d576e
dimension,looker:analytics:field:contacts_dim:contact_cost_rate,contacts_dim,,contact_cost_rate,dimension:derived,mechanical,Low,,views/contacts_dim.view.lkml,110,82b3ab594f0d8f518072f3e1cc4f4ce8ac1d576e
dimension,looker:analytics:field:contacts_dim:contact_crm_lifecycle_stage,contacts_dim,,contact_crm_lifecycle_stage,dimension:column,mechanical,Low,,views/contacts_dim.view.lkml,138,82b3ab594f0d8f518072f3e1cc4f4ce8ac1d576e
dimension,looker:analytics:field:contacts_dim:contact_date_of_birth,contacts_dim,,contact_date_of_birth,dimension:column,mechanical,Low,,views/contacts_dim.view.lkml,145,82b3ab594f0d8f518072f3e1cc4f4ce8ac1d576e
dimension,looker:analytics:field:contacts_dim:contact_default_hourly_rate,contacts_dim,,contact_default_hourly_rate,dimension:column,mechanical,Low,,views/contacts_dim.view.lkml,152,82b3ab594f0d8f518072f3e1cc4f4ce8ac1d576e
dimension,looker:analytics:field:contacts_dim:contact_email_delivered,contacts_dim,,contact_email_delivered,dimension:column,mechanical,Low,,views/contacts_dim.view.lkml,160,82b3ab594f0d8f518072f3e1cc4f4ce8ac1d576e
dimension,looker:analytics:field:contacts_dim:contact_email_domain,contacts_dim,,contact_email_domain,dimension:column,mechanical,Low,,views/contacts_dim.view.lkml,167,82b3ab594f0d8f518072f3e1cc4f4ce8ac1d576e
dimension,looker:analytics:field:contacts_dim:contact_email_hard_bounce_reason,contacts_dim,,contact_email_hard_bounce_reason,dimension:column,mechanical,Low,,views/contacts_dim.view.lkml,198,82b3ab594f0d8f518072f3e1cc4f4ce8ac1d576e
dimension,looker:analytics:field:contacts_dim:contact_email_open,contacts_dim,,contact_email_open,dimension:column,mechanical,Low,,views/contacts_dim.view.lkml,213,82b3ab594f0d8f518072f3e1cc4f4ce8ac1d576e
dimension,looker:analytics:field:contacts_dim:contact_email_optout,contacts_dim,,contact_email_optout,dimension:column,mechanical,Low,,views/contacts_dim.view.lkml,220,82b3ab594f0d8f518072f3e1cc4f4ce8ac1d576e
dimension,looker:analytics:field:contacts_dim:contact_emails,contacts_dim,,contact_emails,dimension:derived,mechanical,Low,,views/contacts_dim.view.lkml,46,82b3ab594f0d8f518072f3e1cc4f4ce8ac1d576e
dimension,looker:analytics:field:contacts_dim:contact_first_episode_played,contacts_dim,,contact_first_episode_played,dimension:column,mechanical,Low,,views/contacts_dim.view.lkml,854,82b3ab594f0d8f518072f3e1cc4f4ce8ac1d576e
dimension,looker:analytics:field:contacts_dim:contact_first_referrer,contacts_dim,,contact_first_referrer,dimension:column,mechanical,Low,,views/contacts_dim.view.lkml,227,82b3ab594f0d8f518072f3e1cc4f4ce8ac1d576e
dimension,looker:analytics:field:contacts_dim:contact_first_url,contacts_dim,,contact_first_url,dimension:column,mechanical,Low,,views/contacts_dim.view.lkml,242,82b3ab594f0d8f518072f3e1cc4f4ce8ac1d576e
dimension,looker:analytics:field:contacts_dim:contact_in_crm_workflow,contacts_dim,,contact_in_crm_workflow,dimension:column,mechanical,Low,,views/contacts_dim.view.lkml,257,82b3ab594f0d8f518072f3e1cc4f4ce8ac1d576e
dimension,looker:analytics:field:contacts_dim:contact_industry,contacts_dim,,contact_industry,dimension:column,mechanical,Low,,views/contacts_dim.view.lkml,264,82b3ab594f0d8f518072f3e1cc4f4ce8ac1d576e
dimension,looker:analytics:field:contacts_dim:contact_influencer_score,contacts_dim,,contact_influencer_score,dimension:column,mechanical,Low,,views/contacts_dim.view.lkml,271,82b3ab594f0d8f518072f3e1cc4f4ce8ac1d576e
dimension,looker:analytics:field:contacts_dim:contact_influencer_type,contacts_dim,,contact_influencer_type,dimension:column,mechanical,Low,,views/contacts_dim.view.lkml,278,82b3ab594f0d8f518072f3e1cc4f4ce8ac1d576e
dimension,looker:analytics:field:contacts_dim:contact_initial_referrer,contacts_dim,,contact_initial_referrer,dimension:column,mechanical,Low,,views/contacts_dim.view.lkml,824,82b3ab594f0d8f518072f3e1cc4f4ce8ac1d576e
dimension,looker:analytics:field:contacts_dim:contact_ip_city,contacts_dim,,contact_ip_city,dimension:column,mechanical,Low,,views/contacts_dim.view.lkml,285,82b3ab594f0d8f518072f3e1cc4f4ce8ac1d576e
dimension,looker:analytics:field:contacts_dim:contact_ip_country,contacts_dim,,contact_ip_country,dimension:column,mechanical,Low,,views/contacts_dim.view.lkml,292,82b3ab594f0d8f518072f3e1cc4f4ce8ac1d576e
dimension,looker:analytics:field:contacts_dim:contact_ip_country_code,contacts_dim,,contact_ip_country_code,dimension:column,mechanical,Low,,views/contacts_dim.view.lkml,299,82b3ab594f0d8f518072f3e1cc4f4ce8ac1d576e
dimension,looker:analytics:field:contacts_dim:contact_ip_state,contacts_dim,,contact_ip_state,dimension:column,mechanical,Low,,views/contacts_dim.view.lkml,306,82b3ab594f0d8f518072f3e1cc4f4ce8ac1d576e
dimension,looker:analytics:field:contacts_dim:contact_ip_state_code,contacts_dim,,contact_ip_state_code,dimension:column,mechanical,Low,,views/contacts_dim.view.lkml,313,82b3ab594f0d8f518072f3e1cc4f4ce8ac1d576e
dimension,looker:analytics:field:contacts_dim:contact_ip_timezone,contacts_dim,,contact_ip_timezone,dimension:column,mechanical,Low,,views/contacts_dim.view.lkml,320,82b3ab594f0d8f518072f3e1cc4f4ce8ac1d576e
dimension,looker:analytics:field:contacts_dim:contact_is_contractor,contacts_dim,,contact_is_contractor,dimension:column,mechanical,Low,,views/contacts_dim.view.lkml,329,82b3ab594f0d8f518072f3e1cc4f4ce8ac1d576e
dimension,looker:analytics:field:contacts_dim:contact_is_engaged_prospect_visitor,contacts_dim,,contact_is_engaged_prospect_visitor,dimension:column,mechanical,Low,,views/contacts_dim.view.lkml,902,82b3ab594f0d8f518072f3e1cc4f4ce8ac1d576e
dimension,looker:analytics:field:contacts_dim:contact_is_frequent_visitor,contacts_dim,,contact_is_frequent_visitor,dimension:column,mechanical,Low,,views/contacts_dim.view.lkml,896,82b3ab594f0d8f518072f3e1cc4f4ce8ac1d576e
dimension,looker:analytics:field:contacts_dim:contact_is_staff,contacts_dim,,contact_is_staff,dimension:column,mechanical,Low,,views/contacts_dim.view.lkml,336,82b3ab594f0d8f518072f3e1cc4f4ce8ac1d576e
dimension,looker:analytics:field:contacts_dim:contact_is_unworked,contacts_dim,,contact_is_unworked,dimension:column,mechanical,Low,,views/contacts_dim.view.lkml,343,82b3ab594f0d8f518072f3e1cc4f4ce8ac1d576e
dimension,looker:analytics:field:contacts_dim:contact_last_email_name,contacts_dim,,contact_last_email_name,dimension:column,mechanical,Low,,views/contacts_dim.view.lkml,350,82b3ab594f0d8f518072f3e1cc4f4ce8ac1d576e
dimension,looker:analytics:field:contacts_dim:contact_last_episode_played,contacts_dim,,contact_last_episode_played,dimension:column,mechanical,Low,,views/contacts_dim.view.lkml,860,82b3ab594f0d8f518072f3e1cc4f4ce8ac1d576e
dimension,looker:analytics:field:contacts_dim:contact_last_nps_follow_up,contacts_dim,,contact_last_nps_follow_up,dimension:column,mechanical,Low,,views/contacts_dim.view.lkml,373,82b3ab594f0d8f518072f3e1cc4f4ce8ac1d576e
dimension,looker:analytics:field:contacts_dim:contact_last_nps_rating,contacts_dim,,contact_last_nps_rating,dimension:column,mechanical,Low,,views/contacts_dim.view.lkml,380,82b3ab594f0d8f518072f3e1cc4f4ce8ac1d576e
dimension,looker:analytics:field:contacts_dim:contact_last_referrer,contacts_dim,,contact_last_referrer,dimension:column,mechanical,Low,,views/contacts_dim.view.lkml,395,82b3ab594f0d8f518072f3e1cc4f4ce8ac1d576e
dimension,looker:analytics:field:contacts_dim:contact_last_url,contacts_dim,,contact_last_url,dimension:column,mechanical,Low,,views/contacts_dim.view.lkml,426,82b3ab594f0d8f518072f3e1cc4f4ce8ac1d576e
dimension,looker:analytics:field:contacts_dim:contact_lead_status,contacts_dim,,contact_lead_status,dimension:column,mechanical,Low,,views/contacts_dim.view.lkml,449,82b3ab594f0d8f518072f3e1cc4f4ce8ac1d576e
dimension,looker:analytics:field:contacts_dim:contact_list_of_episodes_played_on_site,contacts_dim,,contact_list_of_episodes_played_on_site,dimension:column,mechanical,Low,,views/contacts_dim.view.lkml,890,82b3ab594f0d8f518072f3e1cc4f4ce8ac1d576e
dimension,looker:analytics:field:contacts_dim:contact_marketable_reason_type,contacts_dim,,contact_marketable_reason_type,dimension:column,mechanical,Low,,views/contacts_dim.view.lkml,458,82b3ab594f0d8f518072f3e1cc4f4ce8ac1d576e
dimension,looker:analytics:field:contacts_dim:contact_marketable_status,contacts_dim,,contact_marketable_status,dimension:column,mechanical,Low,,views/contacts_dim.view.lkml,465,82b3ab594f0d8f518072f3e1cc4f4ce8ac1d576e
dimension,looker:analytics:field:contacts_dim:contact_marketing_legal_basis,contacts_dim,,contact_marketing_legal_basis,dimension:column,mechanical,Low,,views/contacts_dim.view.lkml,472,82b3ab594f0d8f518072f3e1cc4f4ce8ac1d576e
dimension,looker:analytics:field:contacts_dim:contact_message,contacts_dim,,contact_message,dimension:column,mechanical,Low,,views/contacts_dim.view.lkml,479,82b3ab594f0d8f518072f3e1cc4f4ce8ac1d576e
dimension,looker:analytics:field:contacts_dim:contact_most_frequent_blog_post_viewed,contacts_dim,,contact_most_frequent_blog_post_viewed,dimension:column,mechanical,Low,,views/contacts_dim.view.lkml,848,82b3ab594f0d8f518072f3e1cc4f4ce8ac1d576e
dimension,looker:analytics:field:contacts_dim:contact_most_frequent_page_viewed,contacts_dim,,contact_most_frequent_page_viewed,dimension:column,mechanical,Low,,views/contacts_dim.view.lkml,842,82b3ab594f0d8f518072f3e1cc4f4ce8ac1d576e
dimension,looker:analytics:field:contacts_dim:contact_name,contacts_dim,,contact_name,dimension:column,mechanical,Low,,views/contacts_dim.view.lkml,486,82b3ab594f0d8f518072f3e1cc4f4ce8ac1d576e
dimension,looker:analytics:field:contacts_dim:contact_num_associated_deals,contacts_dim,,contact_num_associated_deals,dimension:column,mechanical,Low,,views/contacts_dim.view.lkml,509,82b3ab594f0d8f518072f3e1cc4f4ce8ac1d576e
dimension,looker:analytics:field:contacts_dim:contact_num_contacted_notes,contacts_dim,,contact_num_contacted_notes,dimension:column,mechanical,Low,,views/contacts_dim.view.lkml,516,82b3ab594f0d8f518072f3e1cc4f4ce8ac1d576e
dimension,looker:analytics:field:contacts_dim:contact_num_event_completions,contacts_dim,,contact_num_event_completions,dimension:column,mechanical,Low,,views/contacts_dim.view.lkml,523,82b3ab594f0d8f518072f3e1cc4f4ce8ac1d576e
dimension,looker:analytics:field:contacts_dim:contact_num_notes,contacts_dim,,contact_num_notes,dimension:column,mechanical,Low,,views/contacts_dim.view.lkml,530,82b3ab594f0d8f518072f3e1cc4f4ce8ac1d576e
dimension,looker:analytics:field:contacts_dim:contact_num_page_views,contacts_dim,,contact_num_page_views,dimension:column,mechanical,Low,,views/contacts_dim.view.lkml,537,82b3ab594f0d8f518072f3e1cc4f4ce8ac1d576e
dimension,looker:analytics:field:contacts_dim:contact_num_visits,contacts_dim,,contact_num_visits,dimension:column,mechanical,Low,,views/contacts_dim.view.lkml,544,82b3ab594f0d8f518072f3e1cc4f4ce8ac1d576e
dimension,looker:analytics:field:contacts_dim:contact_page_views_last_30_days,contacts_dim,,contact_page_views_last_30_days,dimension:column,mechanical,Low,,views/contacts_dim.view.lkml,872,82b3ab594f0d8f518072f3e1cc4f4ce8ac1d576e
dimension,looker:analytics:field:contacts_dim:contact_phone,contacts_dim,,contact_phone,dimension:column,mechanical,Low,,views/contacts_dim.view.lkml,551,82b3ab594f0d8f518072f3e1cc4f4ce8ac1d576e
dimension,looker:analytics:field:contacts_dim:contact_pk,contacts_dim,,contact_pk,dimension:column,mechanical,Low,,views/contacts_dim.view.lkml,558,82b3ab594f0d8f518072f3e1cc4f4ce8ac1d576e
dimension,looker:analytics:field:contacts_dim:contact_recent_deal_amount,contacts_dim,,contact_recent_deal_amount,dimension:column,mechanical,Low,,views/contacts_dim.view.lkml,565,82b3ab594f0d8f518072f3e1cc4f4ce8ac1d576e
dimension,looker:analytics:field:contacts_dim:contact_recruitment_referring_site,contacts_dim,,contact_recruitment_referring_site,dimension:column,mechanical,Low,,views/contacts_dim.view.lkml,913,82b3ab594f0d8f518072f3e1cc4f4ce8ac1d576e
dimension,looker:analytics:field:contacts_dim:contact_seniority,contacts_dim,,contact_seniority,dimension:column,mechanical,Low,,views/contacts_dim.view.lkml,596,82b3ab594f0d8f518072f3e1cc4f4ce8ac1d576e
dimension,looker:analytics:field:contacts_dim:contact_social_linkedin_clicks,contacts_dim,,contact_social_linkedin_clicks,dimension:column,mechanical,Low,,views/contacts_dim.view.lkml,611,82b3ab594f0d8f518072f3e1cc4f4ce8ac1d576e
dimension,looker:analytics:field:contacts_dim:contact_source,contacts_dim,,contact_source,dimension:column,mechanical,Low,,views/contacts_dim.view.lkml,830,82b3ab594f0d8f518072f3e1cc4f4ce8ac1d576e
dimension,looker:analytics:field:contacts_dim:contact_source_data_1,contacts_dim,,contact_source_data_1,dimension:column,mechanical,Low,,views/contacts_dim.view.lkml,618,82b3ab594f0d8f518072f3e1cc4f4ce8ac1d576e
dimension,looker:analytics:field:contacts_dim:contact_source_data_2,contacts_dim,,contact_source_data_2,dimension:column,mechanical,Low,,views/contacts_dim.view.lkml,625,82b3ab594f0d8f518072f3e1cc4f4ce8ac1d576e
dimension,looker:analytics:field:contacts_dim:contact_source_type,contacts_dim,,contact_source_type,dimension:column,mechanical,Low,,views/contacts_dim.view.lkml,632,82b3ab594f0d8f518072f3e1cc4f4ce8ac1d576e
dimension,looker:analytics:field:contacts_dim:contact_staff_contract_type,contacts_dim,,contact_staff_contract_type,dimension:column,mechanical,Low,,views/contacts_dim.view.lkml,639,82b3ab594f0d8f518072f3e1cc4f4ce8ac1d576e
dimension,looker:analytics:field:contacts_dim:contact_staff_gender,contacts_dim,,contact_staff_gender,dimension:column,mechanical,Low,,views/contacts_dim.view.lkml,656,82b3ab594f0d8f518072f3e1cc4f4ce8ac1d576e
dimension,looker:analytics:field:contacts_dim:contact_staff_job_title,contacts_dim,,contact_staff_job_title,dimension:column,mechanical,Low,,views/contacts_dim.view.lkml,663,82b3ab594f0d8f518072f3e1cc4f4ce8ac1d576e
dimension,looker:analytics:field:contacts_dim:contact_staff_location_city,contacts_dim,,contact_staff_location_city,dimension:column,mechanical,Low,,views/contacts_dim.view.lkml,670,82b3ab594f0d8f518072f3e1cc4f4ce8ac1d576e
dimension,looker:analytics:field:contacts_dim:contact_staff_location_country,contacts_dim,,contact_staff_location_country,dimension:column,mechanical,Low,,views/contacts_dim.view.lkml,677,82b3ab594f0d8f518072f3e1cc4f4ce8ac1d576e
dimension,looker:analytics:field:contacts_dim:contact_staff_nationality,contacts_dim,,contact_staff_nationality,dimension:column,mechanical,Low,,views/contacts_dim.view.lkml,684,82b3ab594f0d8f518072f3e1cc4f4ce8ac1d576e
dimension,looker:analytics:field:contacts_dim:contact_staff_team_name,contacts_dim,,contact_staff_team_name,dimension:column,mechanical,Low,,views/contacts_dim.view.lkml,701,82b3ab594f0d8f518072f3e1cc4f4ce8ac1d576e
dimension,looker:analytics:field:contacts_dim:contact_titles_of_pages_viewed,contacts_dim,,contact_titles_of_pages_viewed,dimension:column,mechanical,Low,,views/contacts_dim.view.lkml,884,82b3ab594f0d8f518072f3e1cc4f4ce8ac1d576e
dimension,looker:analytics:field:contacts_dim:contact_total_page_views,contacts_dim,,contact_total_page_views,dimension:column,mechanical,Low,,views/contacts_dim.view.lkml,866,82b3ab594f0d8f518072f3e1cc4f4ce8ac1d576e
dimension,looker:analytics:field:contacts_dim:contact_twitterbio,contacts_dim,,contact_twitterbio,dimension:column,mechanical,Low,,views/contacts_dim.view.lkml,718,82b3ab594f0d8f518072f3e1cc4f4ce8ac1d576e
dimension,looker:analytics:field:contacts_dim:contact_twitterhandle,contacts_dim,,contact_twitterhandle,dimension:column,mechanical,Low,,views/contacts_dim.view.lkml,725,82b3ab594f0d8f518072f3e1cc4f4ce8ac1d576e
dimension,looker:analytics:field:contacts_dim:contact_views_of_customer_testimonial_pages_last_30_days,contacts_dim,,contact_views_of_customer_testimonial_pages_last_30_days,dimension:column,mechanical,Low,,views/contacts_dim.view.lkml,878,82b3ab594f0d8f518072f3e1cc4f4ce8ac1d576e
dimension,looker:analytics:field:contacts_dim:contact_weekly_capacity,contacts_dim,,contact_weekly_capacity,dimension:column,mechanical,Low,,views/contacts_dim.view.lkml,732,82b3ab594f0d8f518072f3e1cc4f4ce8ac1d576e
dimension,looker:analytics:field:contacts_dim:contact_zip,contacts_dim,,contact_zip,dimension:column,mechanical,Low,,views/contacts_dim.view.lkml,739,82b3ab594f0d8f518072f3e1cc4f4ce8ac1d576e
dimension,looker:analytics:field:contacts_dim:contact_zoom_webinar_attendance_average_duration,contacts_dim,,contact_zoom_webinar_attendance_average_duration,dimension:column,mechanical,Low,,views/contacts_dim.view.lkml,746,82b3ab594f0d8f518072f3e1cc4f4ce8ac1d576e
dimension,looker:analytics:field:contacts_dim:contact_zoom_webinar_attendance_count,contacts_dim,,contact_zoom_webinar_attendance_count,dimension:column,mechanical,Low,,views/contacts_dim.view.lkml,753,82b3ab594f0d8f518072f3e1cc4f4ce8ac1d576e
dimension,looker:analytics:field:contacts_dim:contact_zoom_webinar_registration_count,contacts_dim,,contact_zoom_webinar_registration_count,dimension:column,mechanical,Low,,views/contacts_dim.view.lkml,760,82b3ab594f0d8f518072f3e1cc4f4ce8ac1d576e
dimension,looker:analytics:field:contacts_dim:hubspot_contact_id,contacts_dim,,hubspot_contact_id,dimension:derived,mechanical,Low,,views/contacts_dim.view.lkml,54,82b3ab594f0d8f518072f3e1cc4f4ce8ac1d576e
dimension,looker:analytics:field:contacts_dim:is_crm_tracked,contacts_dim,,is_crm_tracked,dimension:column,mechanical,Low,,views/contacts_dim.view.lkml,775,82b3ab594f0d8f518072f3e1cc4f4ce8ac1d576e
dimension,looker:analytics:field:contacts_dim:is_dbt_slack_member,contacts_dim,,is_dbt_slack_member,dimension:column,mechanical,Low,,views/contacts_dim.view.lkml,782,82b3ab594f0d8f518072f3e1cc4f4ce8ac1d576e
dimension,looker:analytics:field:contacts_dim:is_github_interactor,contacts_dim,,is_github_interactor,dimension:column,mechanical,Low,,views/contacts_dim.view.lkml,789,82b3ab594f0d8f518072f3e1cc4f4ce8ac1d576e
dimension,looker:analytics:field:contacts_dim:is_linkedin_interactor,contacts_dim,,is_linkedin_interactor,dimension:column,mechanical,Low,,views/contacts_dim.view.lkml,796,82b3ab594f0d8f518072f3e1cc4f4ce8ac1d576e
dimension,looker:analytics:field:contacts_dim:is_medium_interactor,contacts_dim,,is_medium_interactor,dimension:column,mechanical,Low,,views/contacts_dim.view.lkml,803,82b3ab594f0d8f518072f3e1cc4f4ce8ac1d576e
dimension,looker:analytics:field:contacts_dim:is_project_interactor,contacts_dim,,is_project_interactor,dimension:column,mechanical,Low,,views/contacts_dim.view.lkml,810,82b3ab594f0d8f518072f3e1cc4f4ce8ac1d576e
dimension,looker:analytics:field:contacts_dim:is_twitter_interactor,contacts_dim,,is_twitter_interactor,dimension:column,mechanical,Low,,views/contacts_dim.view.lkml,817,82b3ab594f0d8f518072f3e1cc4f4ce8ac1d576e
dimension,looker:analytics:field:contacts_dim:was_contact_recruitment_referred,contacts_dim,,was_contact_recruitment_referred,dimension:column,mechanical,Low,,views/contacts_dim.view.lkml,907,82b3ab594f0d8f518072f3e1cc4f4ce8ac1d576e
dimension,looker:analytics:field:contacts_dim:was_contact_recruitment_sourced,contacts_dim,,was_contact_recruitment_sourced,dimension:column,mechanical,Low,,views/contacts_dim.view.lkml,919,82b3ab594f0d8f518072f3e1cc4f4ce8ac1d576e
dimension,looker:analytics:field:contacts_influencer_list_xa:contact_influencer_score,contacts_influencer_list_xa,,contact_influencer_score,dimension:column,mechanical,Low,,views/contacts_influencer_list_xa.view.lkml,5,82b3ab594f0d8f518072f3e1cc4f4ce8ac1d576e
dimension,looker:analytics:field:contacts_influencer_list_xa:contact_name,contacts_influencer_list_xa,,contact_name,dimension:column,mechanical,Low,,views/contacts_influencer_list_xa.view.lkml,12,82b3ab594f0d8f518072f3e1cc4f4ce8ac1d576e
dimension,looker:analytics:field:contacts_influencer_list_xa:hubspot_contact_id,contacts_influencer_list_xa,,hubspot_contact_id,dimension:column,mechanical,Low,,views/contacts_influencer_list_xa.view.lkml,18,82b3ab594f0d8f518072f3e1cc4f4ce8ac1d576e
dimension,looker:analytics:field:contacts_influencer_list_xa:influencer_status,contacts_influencer_list_xa,,influencer_status,dimension:column,mechanical,Low,,views/contacts_influencer_list_xa.view.lkml,25,82b3ab594f0d8f518072f3e1cc4f4ce8ac1d576e
dimension,looker:analytics:field:contacts_segments_xa:buying_stage,contacts_segments_xa,,buying_stage,dimension:column,mechanical,Low,,views/contacts_segments_xa.view.lkml,5,82b3ab594f0d8f518072f3e1cc4f4ce8ac1d576e
dimension,looker:analytics:field:contacts_segments_xa:contact_segment,contacts_segments_xa,,contact_segment,dimension:column,mechanical,Low,,views/contacts_segments_xa.view.lkml,12,82b3ab594f0d8f518072f3e1cc4f4ce8ac1d576e
dimension,looker:analytics:field:contacts_segments_xa:email,contacts_segments_xa,,email,dimension:column,mechanical,Low,,views/contacts_segments_xa.view.lkml,19,82b3ab594f0d8f518072f3e1cc4f4ce8ac1d576e
dimension,looker:analytics:field:contacts_segments_xa:engagement_level,contacts_segments_xa,,engagement_level,dimension:column,mechanical,Low,,views/contacts_segments_xa.view.lkml,24,82b3ab594f0d8f518072f3e1cc4f4ce8ac1d576e
dimension,looker:analytics:field:contacts_segments_xa:segment_name,contacts_segments_xa,,segment_name,dimension:column,mechanical,Low,,views/contacts_segments_xa.view.lkml,31,82b3ab594f0d8f518072f3e1cc4f4ce8ac1d576e
dimension,looker:analytics:field:contacts_web_event_history_xa:contact_pk,contacts_web_event_history_xa,,contact_pk,dimension:column,mechanical,Low,,views/contacts_web_event_history_xa.view.lkml,5,82b3ab594f0d8f518072f3e1cc4f4ce8ac1d576e
dimension,looker:analytics:field:contacts_web_event_history_xa:event_details,contacts_web_event_history_xa,,event_details,dimension:column,mechanical,Low,,views/contacts_web_event_history_xa.view.lkml,11,82b3ab594f0d8f518072f3e1cc4f4ce8ac1d576e
dimension,looker:analytics:field:contacts_web_event_history_xa:event_type,contacts_web_event_history_xa,,event_type,dimension:column,mechanical,Low,,views/contacts_web_event_history_xa.view.lkml,28,82b3ab594f0d8f518072f3e1cc4f4ce8ac1d576e
dimension,looker:analytics:field:contacts_web_event_history_xa:ip,contacts_web_event_history_xa,,ip,dimension:column,mechanical,Low,,views/contacts_web_event_history_xa.view.lkml,35,82b3ab594f0d8f518072f3e1cc4f4ce8ac1d576e
dimension,looker:analytics:field:contacts_web_event_history_xa:page_title,contacts_web_event_history_xa,,page_title,dimension:column,mechanical,Low,,views/contacts_web_event_history_xa.view.lkml,42,82b3ab594f0d8f518072f3e1cc4f4ce8ac1d576e
dimension,looker:analytics:field:contacts_web_event_history_xa:page_url,contacts_web_event_history_xa,,page_url,dimension:column,mechanical,Low,,views/contacts_web_event_history_xa.view.lkml,49,82b3ab594f0d8f518072f3e1cc4f4ce8ac1d576e
dimension,looker:analytics:field:contacts_web_event_history_xa:web_event_pk,contacts_web_event_history_xa,,web_event_pk,dimension:column,mechanical,Low,,views/contacts_web_event_history_xa.view.lkml,56,82b3ab594f0d8f518072f3e1cc4f4ce8ac1d576e
dimension,looker:analytics:field:contacts_web_interests_xa:contact_pk,contacts_web_interests_xa,,contact_pk,dimension:column,mechanical,Low,,views/contacts_web_interests_xa.view.lkml,32,82b3ab594f0d8f518072f3e1cc4f4ce8ac1d576e
dimension,looker:analytics:field:contacts_web_interests_xa:last_page_title,contacts_web_interests_xa,,last_page_title,dimension:column,mechanical,Low,,views/contacts_web_interests_xa.view.lkml,67,82b3ab594f0d8f518072f3e1cc4f4ce8ac1d576e
dimension,looker:analytics:field:content_performance:category,content_performance,,category,dimension:column,mechanical,Low,,views/content_performance.view.lkml,130,82b3ab594f0d8f518072f3e1cc4f4ce8ac1d576e
dimension,looker:analytics:field:content_performance:clicks,content_performance,,clicks,dimension:column,mechanical,Low,,views/content_performance.view.lkml,169,82b3ab594f0d8f518072f3e1cc4f4ce8ac1d576e
dimension,looker:analytics:field:content_performance:ctr,content_performance,,ctr,dimension:column,mechanical,Low,,views/content_performance.view.lkml,215,82b3ab594f0d8f518072f3e1cc4f4ce8ac1d576e
dimension,looker:analytics:field:content_performance:impressions,content_performance,,impressions,dimension:column,mechanical,Low,,views/content_performance.view.lkml,210,82b3ab594f0d8f518072f3e1cc4f4ce8ac1d576e
dimension,looker:analytics:field:content_performance:page_views,content_performance,,page_views,dimension:column,mechanical,Low,,views/content_performance.view.lkml,159,82b3ab594f0d8f518072f3e1cc4f4ce8ac1d576e
dimension,looker:analytics:field:content_performance:position,content_performance,,position,dimension:column,mechanical,Low,,views/content_performance.view.lkml,220,82b3ab594f0d8f518072f3e1cc4f4ce8ac1d576e
dimension,looker:analytics:field:content_performance:post_title,content_performance,,post_title,dimension:column,mechanical,Low,,views/content_performance.view.lkml,120,82b3ab594f0d8f518072f3e1cc4f4ce8ac1d576e
dimension,looker:analytics:field:content_performance:post_type,content_performance,,post_type,dimension:column,mechanical,Low,,views/content_performance.view.lkml,125,82b3ab594f0d8f518072f3e1cc4f4ce8ac1d576e
dimension,looker:analytics:field:content_performance:referral_page_views,content_performance,,referral_page_views,dimension:column,mechanical,Low,,views/content_performance.view.lkml,164,82b3ab594f0d8f518072f3e1cc4f4ce8ac1d576e
dimension,looker:analytics:field:content_performance:unique_visitors,content_performance,,unique_visitors,dimension:column,mechanical,Low,,views/content_performance.view.lkml,154,82b3ab594f0d8f518072f3e1cc4f4ce8ac1d576e
dimension,looker:analytics:field:content_performance:weeks_since_post_date,content_performance,,weeks_since_post_date,dimension:column,mechanical,Low,,views/content_performance.view.lkml,141,82b3ab594f0d8f518072f3e1cc4f4ce8ac1d576e
dimension,looker:analytics:field:contracts_fact:authorised_contract_signatory,contracts_fact,,authorised_contract_signatory,dimension:column,mechanical,Low,,views/contracts_fact.view.lkml,5,82b3ab594f0d8f518072f3e1cc4f4ce8ac1d576e
dimension,looker:analytics:field:contracts_fact:company_pk,contracts_fact,,company_pk,dimension:column,mechanical,Low,,views/contracts_fact.view.lkml,10,82b3ab594f0d8f518072f3e1cc4f4ce8ac1d576e
dimension,looker:analytics:field:contracts_fact:contact_email,contracts_fact,,contact_email,dimension:column,mechanical,Low,,views/contracts_fact.view.lkml,16,82b3ab594f0d8f518072f3e1cc4f4ce8ac1d576e
dimension,looker:analytics:field:contracts_fact:contact_id,contracts_fact,,contact_id,dimension:column,mechanical,Low,,views/contracts_fact.view.lkml,22,82b3ab594f0d8f518072f3e1cc4f4ce8ac1d576e
dimension,looker:analytics:field:contracts_fact:contact_name,contracts_fact,,contact_name,dimension:column,mechanical,Low,,views/contracts_fact.view.lkml,29,82b3ab594f0d8f518072f3e1cc4f4ce8ac1d576e
dimension,looker:analytics:field:contracts_fact:contact_pk,contracts_fact,,contact_pk,dimension:column,mechanical,Low,,views/contracts_fact.view.lkml,34,82b3ab594f0d8f518072f3e1cc4f4ce8ac1d576e
dimension,looker:analytics:field:contracts_fact:contact_title,contracts_fact,,contact_title,dimension:column,mechanical,Low,,views/contracts_fact.view.lkml,41,82b3ab594f0d8f518072f3e1cc4f4ce8ac1d576e
dimension,looker:analytics:field:contracts_fact:contract_id,contracts_fact,,contract_id,dimension:column,mechanical,Low,,views/contracts_fact.view.lkml,52,82b3ab594f0d8f518072f3e1cc4f4ce8ac1d576e
dimension,looker:analytics:field:contracts_fact:contract_name,contracts_fact,,contract_name,dimension:column,mechanical,Low,,views/contracts_fact.view.lkml,59,82b3ab594f0d8f518072f3e1cc4f4ce8ac1d576e
dimension,looker:analytics:field:contracts_fact:contract_pk,contracts_fact,,contract_pk,dimension:column,mechanical,Low,,views/contracts_fact.view.lkml,65,82b3ab594f0d8f518072f3e1cc4f4ce8ac1d576e
dimension,looker:analytics:field:contracts_fact:contract_status,contracts_fact,,contract_status,dimension:column,mechanical,Low,,views/contracts_fact.view.lkml,72,82b3ab594f0d8f518072f3e1cc4f4ce8ac1d576e
dimension,looker:analytics:field:contracts_fact:email_domain,contracts_fact,,email_domain,dimension:column,mechanical,Low,,views/contracts_fact.view.lkml,83,82b3ab594f0d8f518072f3e1cc4f4ce8ac1d576e
dimension,looker:analytics:field:contracts_fact:is_completed,contracts_fact,,is_completed,dimension:column,mechanical,Low,,views/contracts_fact.view.lkml,90,82b3ab594f0d8f518072f3e1cc4f4ce8ac1d576e
dimension,looker:analytics:field:contracts_fact:is_voided,contracts_fact,,is_voided,dimension:column,mechanical,Low,,views/contracts_fact.view.lkml,95,82b3ab594f0d8f518072f3e1cc4f4ce8ac1d576e
dimension,looker:analytics:field:contracts_fact:pct_complete,contracts_fact,,pct_complete,dimension:derived,mechanical,Low,,views/contracts_fact.view.lkml,125,82b3ab594f0d8f518072f3e1cc4f4ce8ac1d576e
dimension,looker:analytics:field:contracts_fact:total_completed_signatures,contracts_fact,,total_completed_signatures,dimension:column,mechanical,Low,,views/contracts_fact.view.lkml,114,82b3ab594f0d8f518072f3e1cc4f4ce8ac1d576e
dimension,looker:analytics:field:contracts_fact:total_remaining_signatures,contracts_fact,,total_remaining_signatures,dimension:column,mechanical,Low,,views/contracts_fact.view.lkml,120,82b3ab594f0d8f518072f3e1cc4f4ce8ac1d576e
dimension,looker:analytics:field:contracts_fact:voided_reason,contracts_fact,,voided_reason,dimension:column,mechanical,Low,,views/contracts_fact.view.lkml,136,82b3ab594f0d8f518072f3e1cc4f4ce8ac1d576e
dimension,looker:analytics:field:cumulative_churned_clients:company_name,cumulative_churned_clients,,company_name,dimension,assisted,Medium,link: confirm Omni links syntax and Mustache tokens,views/cumulative_churned_clients.view.lkml,106,82b3ab594f0d8f518072f3e1cc4f4ce8ac1d576e
dimension,looker:analytics:field:cumulative_churned_clients:company_pk,cumulative_churned_clients,,company_pk,dimension:column,mechanical,Low,,views/cumulative_churned_clients.view.lkml,100,82b3ab594f0d8f518072f3e1cc4f4ce8ac1d576e
dimension,looker:analytics:field:cumulative_churned_clients:first_churn_quarter_label,cumulative_churned_clients,,first_churn_quarter_label,dimension:column,mechanical,Low,,views/cumulative_churned_clients.view.lkml,129,82b3ab594f0d8f518072f3e1cc4f4ce8ac1d576e
dimension,looker:analytics:field:cumulative_churned_clients:is_churned_in_quarter,cumulative_churned_clients,,is_churned_in_quarter,dimension:column,mechanical,Low,,views/cumulative_churned_clients.view.lkml,148,82b3ab594f0d8f518072f3e1cc4f4ce8ac1d576e
dimension,looker:analytics:field:cumulative_churned_clients:pk,cumulative_churned_clients,,pk,dimension:derived,mechanical,Low,,views/cumulative_churned_clients.view.lkml,93,82b3ab594f0d8f518072f3e1cc4f4ce8ac1d576e
dimension,looker:analytics:field:cumulative_churned_clients:quarter_label,cumulative_churned_clients,,quarter_label,dimension:column,mechanical,Low,,views/cumulative_churned_clients.view.lkml,115,82b3ab594f0d8f518072f3e1cc4f4ce8ac1d576e
dimension,looker:analytics:field:cumulative_churned_clients:reactivation_quarter_label,cumulative_churned_clients,,reactivation_quarter_label,dimension:column,mechanical,Low,,views/cumulative_churned_clients.view.lkml,142,82b3ab594f0d8f518072f3e1cc4f4ce8ac1d576e
dimension,looker:analytics:field:currency_dim:currency_code,currency_dim,,currency_code,dimension:column,mechanical,Low,,views/currency_dim.view.lkml,5,82b3ab594f0d8f518072f3e1cc4f4ce8ac1d576e
dimension,looker:analytics:field:currency_dim:currency_name,currency_dim,,currency_name,dimension:column,mechanical,Low,,views/currency_dim.view.lkml,10,82b3ab594f0d8f518072f3e1cc4f4ce8ac1d576e
dimension,looker:analytics:field:currency_dim:currency_pk,currency_dim,,currency_pk,dimension:column,mechanical,Low,,views/currency_dim.view.lkml,15,82b3ab594f0d8f518072f3e1cc4f4ce8ac1d576e
dimension,looker:analytics:field:customer_first_deal_cohorts:deal_pk,customer_first_deal_cohorts,,deal_pk,dimension:column,mechanical,Low,,views/customer_first_deal_cohorts.view.lkml,23,82b3ab594f0d8f518072f3e1cc4f4ce8ac1d576e
dimension,looker:analytics:field:customer_first_deal_cohorts:months_since_first_deal_closed,customer_first_deal_cohorts,,months_since_first_deal_closed,dimension:column,mechanical,Low,,views/customer_first_deal_cohorts.view.lkml,37,82b3ab594f0d8f518072f3e1cc4f4ce8ac1d576e
dimension,looker:analytics:field:customer_first_deal_cohorts:quarters_since_first_deal_closed,customer_first_deal_cohorts,,quarters_since_first_deal_closed,dimension:column,mechanical,Low,,views/customer_first_deal_cohorts.view.lkml,44,82b3ab594f0d8f518072f3e1cc4f4ce8ac1d576e
dimension,looker:analytics:field:customer_first_deal_cohorts:years_since_first_deal_closed,customer_first_deal_cohorts,,years_since_first_deal_closed,dimension:column,mechanical,Low,,views/customer_first_deal_cohorts.view.lkml,51,82b3ab594f0d8f518072f3e1cc4f4ce8ac1d576e
dimension,looker:analytics:field:customer_first_order_segments:companies_dim_company_pk,customer_first_order_segments,,companies_dim_company_pk,dimension:column,mechanical,Low,,views/customer_first_order_segments.view.lkml,57,82b3ab594f0d8f518072f3e1cc4f4ce8ac1d576e
dimension,looker:analytics:field:customer_first_order_segments:first_currency_code,customer_first_order_segments,,first_currency_code,dimension:column,mechanical,Low,,views/customer_first_order_segments.view.lkml,114,82b3ab594f0d8f518072f3e1cc4f4ce8ac1d576e
dimension,looker:analytics:field:customer_first_order_segments:first_deal_amount,customer_first_order_segments,,first_deal_amount,dimension:column,mechanical,Low,,views/customer_first_order_segments.view.lkml,202,82b3ab594f0d8f518072f3e1cc4f4ce8ac1d576e
dimension,looker:analytics:field:customer_first_order_segments:first_deal_source,customer_first_order_segments,,first_deal_source,dimension:column,mechanical,Low,,views/customer_first_order_segments.view.lkml,66,82b3ab594f0d8f518072f3e1cc4f4ce8ac1d576e
dimension,looker:analytics:field:customer_first_order_segments:first_deal_type,customer_first_order_segments,,first_deal_type,dimension:column,mechanical,Low,,views/customer_first_order_segments.view.lkml,72,82b3ab594f0d8f518072f3e1cc4f4ce8ac1d576e
dimension,looker:analytics:field:customer_first_order_segments:first_number_of_sprints,customer_first_order_segments,,first_number_of_sprints,dimension:column,mechanical,Low,,views/customer_first_order_segments.view.lkml,100,82b3ab594f0d8f518072f3e1cc4f4ce8ac1d576e
dimension,looker:analytics:field:customer_first_order_segments:first_partner_referral,customer_first_order_segments,,first_partner_referral,dimension:column,mechanical,Low,,views/customer_first_order_segments.view.lkml,79,82b3ab594f0d8f518072f3e1cc4f4ce8ac1d576e
dimension,looker:analytics:field:customer_first_order_segments:first_pricing_model,customer_first_order_segments,,first_pricing_model,dimension:column,mechanical,Low,,views/customer_first_order_segments.view.lkml,86,82b3ab594f0d8f518072f3e1cc4f4ce8ac1d576e
dimension,looker:analytics:field:customer_first_order_segments:first_sprint_type,customer_first_order_segments,,first_sprint_type,dimension:column,mechanical,Low,,views/customer_first_order_segments.view.lkml,93,82b3ab594f0d8f518072f3e1cc4f4ce8ac1d576e
dimension,looker:analytics:field:customer_first_order_segments:is_first_deal_dbt,customer_first_order_segments,,is_first_deal_dbt,dimension:column,mechanical,Low,,views/customer_first_order_segments.view.lkml,139,82b3ab594f0d8f518072f3e1cc4f4ce8ac1d576e
dimension,looker:analytics:field:customer_first_order_segments:is_first_deal_fivetran,customer_first_order_segments,,is_first_deal_fivetran,dimension:column,mechanical,Low,,views/customer_first_order_segments.view.lkml,148,82b3ab594f0d8f518072f3e1cc4f4ce8ac1d576e
dimension,looker:analytics:field:customer_first_order_segments:is_first_deal_gcp,customer_first_order_segments,,is_first_deal_gcp,dimension:column,mechanical,Low,,views/customer_first_order_segments.view.lkml,157,82b3ab594f0d8f518072f3e1cc4f4ce8ac1d576e
dimension,looker:analytics:field:customer_first_order_segments:is_first_deal_license_referral,customer_first_order_segments,,is_first_deal_license_referral,dimension:column,mechanical,Low,,views/customer_first_order_segments.view.lkml,121,82b3ab594f0d8f518072f3e1cc4f4ce8ac1d576e
dimension,looker:analytics:field:customer_first_order_segments:is_first_deal_looker,customer_first_order_segments,,is_first_deal_looker,dimension:column,mechanical,Low,,views/customer_first_order_segments.view.lkml,166,82b3ab594f0d8f518072f3e1cc4f4ce8ac1d576e
dimension,looker:analytics:field:customer_first_order_segments:is_first_deal_segment,customer_first_order_segments,,is_first_deal_segment,dimension:column,mechanical,Low,,views/customer_first_order_segments.view.lkml,175,82b3ab594f0d8f518072f3e1cc4f4ce8ac1d576e
dimension,looker:analytics:field:customer_first_order_segments:is_first_deal_services,customer_first_order_segments,,is_first_deal_services,dimension:column,mechanical,Low,,views/customer_first_order_segments.view.lkml,130,82b3ab594f0d8f518072f3e1cc4f4ce8ac1d576e
dimension,looker:analytics:field:customer_first_order_segments:is_first_deal_snowflake,customer_first_order_segments,,is_first_deal_snowflake,dimension:column,mechanical,Low,,views/customer_first_order_segments.view.lkml,184,82b3ab594f0d8f518072f3e1cc4f4ce8ac1d576e
dimension,looker:analytics:field:customer_first_order_segments:is_first_deal_stitch,customer_first_order_segments,,is_first_deal_stitch,dimension:column,mechanical,Low,,views/customer_first_order_segments.view.lkml,193,82b3ab594f0d8f518072f3e1cc4f4ce8ac1d576e
dimension,looker:analytics:field:customer_first_order_segments:last_deal_amount,customer_first_order_segments,,last_deal_amount,dimension:column,mechanical,Low,,views/customer_first_order_segments.view.lkml,209,82b3ab594f0d8f518072f3e1cc4f4ce8ac1d576e
dimension,looker:analytics:field:customer_first_order_segments:last_number_of_sprints,customer_first_order_segments,,last_number_of_sprints,dimension:column,mechanical,Low,,views/customer_first_order_segments.view.lkml,107,82b3ab594f0d8f518072f3e1cc4f4ce8ac1d576e
dimension,looker:analytics:field:customer_meetings:company_fk,customer_meetings,,company_fk,dimension:column,mechanical,Low,,views/customer_meetings.view.lkml,33,82b3ab594f0d8f518072f3e1cc4f4ce8ac1d576e
dimension,looker:analytics:field:customer_meetings:contact_name,customer_meetings,,contact_name,dimension:column,mechanical,Low,,views/customer_meetings.view.lkml,49,82b3ab594f0d8f518072f3e1cc4f4ce8ac1d576e
dimension,looker:analytics:field:customer_meetings:contribution_sentiment_category,customer_meetings,,contribution_sentiment_category,dimension:derived,mechanical,Low,,views/customer_meetings.view.lkml,84,82b3ab594f0d8f518072f3e1cc4f4ce8ac1d576e
dimension,looker:analytics:field:customer_meetings:contribution_sentiment_score,customer_meetings,,contribution_sentiment_score,dimension:derived,mechanical,Low,,views/customer_meetings.view.lkml,91,82b3ab594f0d8f518072f3e1cc4f4ce8ac1d576e
dimension,looker:analytics:field:customer_meetings:meeting_contribution,customer_meetings,,meeting_contribution,dimension:column,mechanical,Low,,views/customer_meetings.view.lkml,77,82b3ab594f0d8f518072f3e1cc4f4ce8ac1d576e
dimension,looker:analytics:field:customer_meetings:meeting_contribution_pk,customer_meetings,,meeting_contribution_pk,dimension:column,mechanical,Low,,views/customer_meetings.view.lkml,19,82b3ab594f0d8f518072f3e1cc4f4ce8ac1d576e
dimension,looker:analytics:field:customer_meetings:meeting_engagement_level,customer_meetings,,meeting_engagement_level,dimension:column,mechanical,Low,,views/customer_meetings.view.lkml,100,82b3ab594f0d8f518072f3e1cc4f4ce8ac1d576e
dimension,looker:analytics:field:customer_meetings:meeting_summary,customer_meetings,,meeting_summary,dimension:column,mechanical,Low,,views/customer_meetings.view.lkml,70,82b3ab594f0d8f518072f3e1cc4f4ce8ac1d576e
dimension,looker:analytics:field:customer_meetings:meeting_title,customer_meetings,,meeting_title,dimension:column,mechanical,Low,,views/customer_meetings.view.lkml,56,82b3ab594f0d8f518072f3e1cc4f4ce8ac1d576e
dimension,looker:analytics:field:customer_meetings:person_fk,customer_meetings,,person_fk,dimension:column,mechanical,Low,,views/customer_meetings.view.lkml,27,82b3ab594f0d8f518072f3e1cc4f4ce8ac1d576e
dimension,looker:analytics:field:customer_meetings:recording_url,customer_meetings,,recording_url,dimension:column,mechanical,Low,,views/customer_meetings.view.lkml,42,82b3ab594f0d8f518072f3e1cc4f4ce8ac1d576e
dimension,looker:analytics:field:dates:day,dates,,day,dimension:column,mechanical,Low,,views/dates.view.lkml,10,82b3ab594f0d8f518072f3e1cc4f4ce8ac1d576e
dimension,looker:analytics:field:dbt_slack:display_name,dbt_slack,,display_name,dimension:column,mechanical,Low,,views/dbt_slack.view.lkml,25,82b3ab594f0d8f518072f3e1cc4f4ce8ac1d576e
dimension,looker:analytics:field:dbt_slack:email,dbt_slack,,email,dimension:column,mechanical,Low,,views/dbt_slack.view.lkml,30,82b3ab594f0d8f518072f3e1cc4f4ce8ac1d576e
dimension,looker:analytics:field:dbt_slack:first_name,dbt_slack,,first_name,dimension:column,mechanical,Low,,views/dbt_slack.view.lkml,35,82b3ab594f0d8f518072f3e1cc4f4ce8ac1d576e
dimension,looker:analytics:field:dbt_slack:job_title,dbt_slack,,job_title,dimension:column,mechanical,Low,,views/dbt_slack.view.lkml,40,82b3ab594f0d8f518072f3e1cc4f4ce8ac1d576e
dimension,looker:analytics:field:dbt_slack:last_name,dbt_slack,,last_name,dimension:column,mechanical,Low,,views/dbt_slack.view.lkml,45,82b3ab594f0d8f518072f3e1cc4f4ce8ac1d576e
dimension,looker:analytics:field:dbt_slack:location,dbt_slack,,location,dimension:column,mechanical,Low,,views/dbt_slack.view.lkml,67,82b3ab594f0d8f518072f3e1cc4f4ce8ac1d576e
dimension,looker:analytics:field:dbt_slack:phone,dbt_slack,,phone,dimension:column,mechanical,Low,,views/dbt_slack.view.lkml,72,82b3ab594f0d8f518072f3e1cc4f4ce8ac1d576e
dimension,looker:analytics:field:dbt_slack:skype,dbt_slack,,skype,dimension:column,mechanical,Low,,views/dbt_slack.view.lkml,77,82b3ab594f0d8f518072f3e1cc4f4ce8ac1d576e
dimension,looker:analytics:field:dbt_slack:slack_channels,dbt_slack,,slack_channels,dimension:column,mechanical,Low,,views/dbt_slack.view.lkml,85,82b3ab594f0d8f518072f3e1cc4f4ce8ac1d576e
dimension,looker:analytics:field:dbt_slack__slack_channels:dbt_slack__slack_channels,dbt_slack__slack_channels,,dbt_slack__slack_channels,dimension:derived,mechanical,Low,,views/dbt_slack.view.lkml,105,82b3ab594f0d8f518072f3e1cc4f4ce8ac1d576e
dimension,looker:analytics:field:deal_pipeline_history:deal_amount_gbp,deal_pipeline_history,,deal_amount_gbp,dimension:column,mechanical,Low,,views/deal_pipeline_history.view.lkml,53,82b3ab594f0d8f518072f3e1cc4f4ce8ac1d576e
dimension,looker:analytics:field:deal_pipeline_history:deal_id,deal_pipeline_history,,deal_id,dimension:column,mechanical,Low,,views/deal_pipeline_history.view.lkml,25,82b3ab594f0d8f518072f3e1cc4f4ce8ac1d576e
dimension,looker:analytics:field:deal_pipeline_history:deal_name,deal_pipeline_history,,deal_name,dimension:column,mechanical,Low,,views/deal_pipeline_history.view.lkml,38,82b3ab594f0d8f518072f3e1cc4f4ce8ac1d576e
dimension,looker:analytics:field:deal_pipeline_history:deal_stage,deal_pipeline_history,,deal_stage,dimension:column,mechanical,Low,,views/deal_pipeline_history.view.lkml,48,82b3ab594f0d8f518072f3e1cc4f4ce8ac1d576e
dimension,looker:analytics:field:deal_pipeline_history:deal_stage_category,deal_pipeline_history,,deal_stage_category,dimension:column,mechanical,Low,,views/deal_pipeline_history.view.lkml,43,82b3ab594f0d8f518072f3e1cc4f4ce8ac1d576e
dimension,looker:analytics:field:deal_pipeline_history:pk,deal_pipeline_history,,pk,dimension:derived,mechanical,Low,,views/deal_pipeline_history.view.lkml,31,82b3ab594f0d8f518072f3e1cc4f4ce8ac1d576e
dimension,looker:analytics:field:deals_fact:buyer_confirmed_budget_available,deals_fact,,buyer_confirmed_budget_available,dimension,assisted,Medium,"Liquid in group_label, view_label or description: resolve to a literal by hand",views/deals_fact.view.lkml,322,82b3ab594f0d8f518072f3e1cc4f4ce8ac1d576e
dimension,looker:analytics:field:deals_fact:company_pk,deals_fact,,company_pk,dimension:column,mechanical,Low,,views/deals_fact.view.lkml,6,82b3ab594f0d8f518072f3e1cc4f4ce8ac1d576e
dimension,looker:analytics:field:deals_fact:days_to_close_won,deals_fact,,days_to_close_won,dimension,assisted,Medium,"Liquid in group_label, view_label or description: resolve to a literal by hand",views/deals_fact.view.lkml,404,82b3ab594f0d8f518072f3e1cc4f4ce8ac1d576e
dimension,looker:analytics:field:deals_fact:deal_amount,deals_fact,,deal_amount,dimension:column,mechanical,Low,,views/deals_fact.view.lkml,13,82b3ab594f0d8f518072f3e1cc4f4ce8ac1d576e
dimension,looker:analytics:field:deals_fact:deal_closed_lost_reason,deals_fact,,deal_closed_lost_reason,dimension,assisted,Medium,"Liquid in group_label, view_label or description: resolve to a literal by hand",views/deals_fact.view.lkml,47,82b3ab594f0d8f518072f3e1cc4f4ce8ac1d576e
dimension,looker:analytics:field:deals_fact:deal_components,deals_fact,,deal_components,dimension,assisted,Medium,"Liquid in group_label, view_label or description: resolve to a literal by hand",views/deals_fact.view.lkml,525,82b3ab594f0d8f518072f3e1cc4f4ce8ac1d576e
dimension,looker:analytics:field:deals_fact:deal_currency_code,deals_fact,,deal_currency_code,dimension,assisted,Medium,"Liquid in group_label, view_label or description: resolve to a literal by hand",views/deals_fact.view.lkml,603,82b3ab594f0d8f518072f3e1cc4f4ce8ac1d576e
dimension,looker:analytics:field:deals_fact:deal_description,deals_fact,,deal_description,dimension,assisted,Medium,"Liquid in group_label, view_label or description: resolve to a literal by hand",views/deals_fact.view.lkml,73,82b3ab594f0d8f518072f3e1cc4f4ce8ac1d576e
dimension,looker:analytics:field:deals_fact:deal_end_ts,deals_fact,,deal_end_ts,dimension,assisted,Medium,"Liquid in group_label, view_label or description: resolve to a literal by hand",views/deals_fact.view.lkml,620,82b3ab594f0d8f518072f3e1cc4f4ce8ac1d576e
dimension,looker:analytics:field:deals_fact:deal_id,deals_fact,,deal_id,dimension,assisted,Medium,"Liquid in group_label, view_label or description: resolve to a literal by hand",views/deals_fact.view.lkml,84,82b3ab594f0d8f518072f3e1cc4f4ce8ac1d576e
dimension,looker:analytics:field:deals_fact:deal_is_deleted,deals_fact,,deal_is_deleted,dimension,assisted,Medium,"Liquid in group_label, view_label or description: resolve to a literal by hand",views/deals_fact.view.lkml,94,82b3ab594f0d8f518072f3e1cc4f4ce8ac1d576e
dimension,looker:analytics:field:deals_fact:deal_jumpstart_type,deals_fact,,deal_jumpstart_type,dimension,assisted,Medium,"Liquid in group_label, view_label or description: resolve to a literal by hand",views/deals_fact.view.lkml,308,82b3ab594f0d8f518072f3e1cc4f4ce8ac1d576e
dimension,looker:analytics:field:deals_fact:deal_last_meeting_booked_date,deals_fact,,deal_last_meeting_booked_date,dimension,assisted,Medium,"Liquid in group_label, view_label or description: resolve to a literal by hand",views/deals_fact.view.lkml,709,82b3ab594f0d8f518072f3e1cc4f4ce8ac1d576e
dimension,looker:analytics:field:deals_fact:deal_name,deals_fact,,deal_name,dimension,assisted,Medium,"Liquid in group_label, view_label or description: resolve to a literal by hand",views/deals_fact.view.lkml,112,82b3ab594f0d8f518072f3e1cc4f4ce8ac1d576e
dimension,looker:analytics:field:deals_fact:deal_owner_id,deals_fact,,deal_owner_id,dimension:column,mechanical,Low,,views/deals_fact.view.lkml,120,82b3ab594f0d8f518072f3e1cc4f4ce8ac1d576e
dimension,looker:analytics:field:deals_fact:deal_pipeline_id,deals_fact,,deal_pipeline_id,dimension:column,mechanical,Low,,views/deals_fact.view.lkml,127,82b3ab594f0d8f518072f3e1cc4f4ce8ac1d576e
dimension,looker:analytics:field:deals_fact:deal_pipeline_stage_id,deals_fact,,deal_pipeline_stage_id,dimension:column,mechanical,Low,,views/deals_fact.view.lkml,134,82b3ab594f0d8f518072f3e1cc4f4ce8ac1d576e
dimension,looker:analytics:field:deals_fact:deal_pk,deals_fact,,deal_pk,dimension:column,mechanical,Low,,views/deals_fact.view.lkml,150,82b3ab594f0d8f518072f3e1cc4f4ce8ac1d576e
dimension,looker:analytics:field:deals_fact:deal_sales_email_last_replied,deals_fact,,deal_sales_email_last_replied,dimension,assisted,Medium,"Liquid in group_label, view_label or description: resolve to a literal by hand",views/deals_fact.view.lkml,701,82b3ab594f0d8f518072f3e1cc4f4ce8ac1d576e
dimension,looker:analytics:field:deals_fact:deal_source,deals_fact,,deal_source,dimension,assisted,Medium,"Liquid in group_label, view_label or description: resolve to a literal by hand",views/deals_fact.view.lkml,610,82b3ab594f0d8f518072f3e1cc4f4ce8ac1d576e
dimension,looker:analytics:field:deals_fact:deal_stage_closed_lost,deals_fact,,deal_stage_closed_lost,dimension,assisted,Medium,"Liquid in group_label, view_label or description: resolve to a literal by hand",views/deals_fact.view.lkml,419,82b3ab594f0d8f518072f3e1cc4f4ce8ac1d576e
dimension,looker:analytics:field:deals_fact:deal_stage_closed_won,deals_fact,,deal_stage_closed_won,dimension,assisted,Medium,"Liquid in group_label, view_label or description: resolve to a literal by hand",views/deals_fact.view.lkml,396,82b3ab594f0d8f518072f3e1cc4f4ce8ac1d576e
dimension,looker:analytics:field:deals_fact:deal_stage_display_order,deals_fact,,deal_stage_display_order,dimension,assisted,Medium,"Liquid in group_label, view_label or description: resolve to a literal by hand",views/deals_fact.view.lkml,380,82b3ab594f0d8f518072f3e1cc4f4ce8ac1d576e
dimension,looker:analytics:field:deals_fact:deal_stage_probability,deals_fact,,deal_stage_probability,dimension,assisted,Medium,"Liquid in group_label, view_label or description: resolve to a literal by hand",views/deals_fact.view.lkml,388,82b3ab594f0d8f518072f3e1cc4f4ce8ac1d576e
dimension,looker:analytics:field:deals_fact:deal_type,deals_fact,,deal_type,dimension,assisted,Medium,"Liquid in group_label, view_label or description: resolve to a literal by hand",views/deals_fact.view.lkml,267,82b3ab594f0d8f518072f3e1cc4f4ce8ac1d576e
dimension,looker:analytics:field:deals_fact:forecast_probability,deals_fact,,forecast_probability,dimension,assisted,Medium,"Liquid in group_label, view_label or description: resolve to a literal by hand",views/deals_fact.view.lkml,733,82b3ab594f0d8f518072f3e1cc4f4ce8ac1d576e
dimension,looker:analytics:field:deals_fact:forecasted_duration_months,deals_fact,,forecasted_duration_months,dimension,assisted,Medium,"Liquid in group_label, view_label or description: resolve to a literal by hand",views/deals_fact.view.lkml,338,82b3ab594f0d8f518072f3e1cc4f4ce8ac1d576e
dimension,looker:analytics:field:deals_fact:forecasted_monthly_hours,deals_fact,,forecasted_monthly_hours,dimension,assisted,Medium,"Liquid in group_label, view_label or description: resolve to a literal by hand",views/deals_fact.view.lkml,356,82b3ab594f0d8f518072f3e1cc4f4ce8ac1d576e
dimension,looker:analytics:field:deals_fact:funding_partner_name,deals_fact,,funding_partner_name,dimension,assisted,Medium,"Liquid in group_label, view_label or description: resolve to a literal by hand",views/deals_fact.view.lkml,295,82b3ab594f0d8f518072f3e1cc4f4ce8ac1d576e
dimension,looker:analytics:field:deals_fact:license_referral,deals_fact,,license_referral,dimension,assisted,Medium,"Liquid in group_label, view_label or description: resolve to a literal by hand",views/deals_fact.view.lkml,548,82b3ab594f0d8f518072f3e1cc4f4ce8ac1d576e
dimension,looker:analytics:field:deals_fact:managed_services,deals_fact,,managed_services,dimension,assisted,Medium,"Liquid in group_label, view_label or description: resolve to a literal by hand",views/deals_fact.view.lkml,540,82b3ab594f0d8f518072f3e1cc4f4ce8ac1d576e
dimension,looker:analytics:field:deals_fact:manual_forecast_category,deals_fact,,manual_forecast_category,dimension,assisted,Medium,"Liquid in group_label, view_label or description: resolve to a literal by hand",views/deals_fact.view.lkml,726,82b3ab594f0d8f518072f3e1cc4f4ce8ac1d576e
dimension,looker:analytics:field:deals_fact:number_of_sprints,deals_fact,,number_of_sprints,dimension,assisted,Medium,"Liquid in group_label, view_label or description: resolve to a literal by hand",views/deals_fact.view.lkml,518,82b3ab594f0d8f518072f3e1cc4f4ce8ac1d576e
dimension,looker:analytics:field:deals_fact:owner_email,deals_fact,,owner_email,dimension,assisted,Medium,"Liquid in group_label, view_label or description: resolve to a literal by hand",views/deals_fact.view.lkml,429,82b3ab594f0d8f518072f3e1cc4f4ce8ac1d576e
dimension,looker:analytics:field:deals_fact:owner_full_name,deals_fact,,owner_full_name,dimension,assisted,Medium,"Liquid in group_label, view_label or description: resolve to a literal by hand",views/deals_fact.view.lkml,436,82b3ab594f0d8f518072f3e1cc4f4ce8ac1d576e
dimension,looker:analytics:field:deals_fact:partner_deal_contact_name,deals_fact,,partner_deal_contact_name,dimension,assisted,Medium,"Liquid in group_label, view_label or description: resolve to a literal by hand",views/deals_fact.view.lkml,288,82b3ab594f0d8f518072f3e1cc4f4ce8ac1d576e
dimension,looker:analytics:field:deals_fact:partner_funding_amount,deals_fact,,partner_funding_amount,dimension:column,mechanical,Low,,views/deals_fact.view.lkml,302,82b3ab594f0d8f518072f3e1cc4f4ce8ac1d576e
dimension,looker:analytics:field:deals_fact:partner_funding_scheme,deals_fact,,partner_funding_scheme,dimension,assisted,Medium,"Liquid in group_label, view_label or description: resolve to a literal by hand",views/deals_fact.view.lkml,315,82b3ab594f0d8f518072f3e1cc4f4ce8ac1d576e
dimension,looker:analytics:field:deals_fact:partner_referral,deals_fact,,partner_referral,dimension,assisted,Medium,"Liquid in group_label, view_label or description: resolve to a literal by hand",views/deals_fact.view.lkml,573,82b3ab594f0d8f518072f3e1cc4f4ce8ac1d576e
dimension,looker:analytics:field:deals_fact:pipeline_display_order,deals_fact,,pipeline_display_order,dimension:column,mechanical,Low,,views/deals_fact.view.lkml,443,82b3ab594f0d8f518072f3e1cc4f4ce8ac1d576e
dimension,looker:analytics:field:deals_fact:pipeline_label,deals_fact,,pipeline_label,dimension,assisted,Medium,"Liquid in group_label, view_label or description: resolve to a literal by hand",views/deals_fact.view.lkml,449,82b3ab594f0d8f518072f3e1cc4f4ce8ac1d576e
dimension,looker:analytics:field:deals_fact:pipeline_stage_close_probability_pct,deals_fact,,pipeline_stage_close_probability_pct,dimension:column,mechanical,Low,,views/deals_fact.view.lkml,457,82b3ab594f0d8f518072f3e1cc4f4ce8ac1d576e
dimension,looker:analytics:field:deals_fact:pipeline_stage_closed_won,deals_fact,,pipeline_stage_closed_won,dimension,assisted,Medium,"Liquid in group_label, view_label or description: resolve to a literal by hand",views/deals_fact.view.lkml,491,82b3ab594f0d8f518072f3e1cc4f4ce8ac1d576e
dimension,looker:analytics:field:deals_fact:pipeline_stage_display_order,deals_fact,,pipeline_stage_display_order,dimension,assisted,Medium,"Liquid in group_label, view_label or description: resolve to a literal by hand",views/deals_fact.view.lkml,498,82b3ab594f0d8f518072f3e1cc4f4ce8ac1d576e
dimension,looker:analytics:field:deals_fact:pipeline_stage_label,deals_fact,,pipeline_stage_label,dimension,assisted,Medium,"Liquid in group_label, view_label or description: resolve to a literal by hand",views/deals_fact.view.lkml,506,82b3ab594f0d8f518072f3e1cc4f4ce8ac1d576e
dimension,looker:analytics:field:deals_fact:predicted_amount,deals_fact,,predicted_amount,dimension,assisted,Medium,"Liquid in group_label, view_label or description: resolve to a literal by hand",views/deals_fact.view.lkml,742,82b3ab594f0d8f518072f3e1cc4f4ce8ac1d576e
dimension,looker:analytics:field:deals_fact:pricing_model,deals_fact,,pricing_model,dimension,assisted,Medium,"Liquid in group_label, view_label or description: resolve to a literal by hand",views/deals_fact.view.lkml,565,82b3ab594f0d8f518072f3e1cc4f4ce8ac1d576e
dimension,looker:analytics:field:deals_fact:products_in_solution,deals_fact,,products_in_solution,dimension,assisted,Medium,"Liquid in group_label, view_label or description: resolve to a literal by hand",views/deals_fact.view.lkml,591,82b3ab594f0d8f518072f3e1cc4f4ce8ac1d576e
dimension,looker:analytics:field:deals_fact:services,deals_fact,,services,dimension,assisted,Medium,"Liquid in group_label, view_label or description: resolve to a literal by hand",views/deals_fact.view.lkml,532,82b3ab594f0d8f518072f3e1cc4f4ce8ac1d576e
dimension,looker:analytics:field:deals_fact:spend_agreed_with_buyer,deals_fact,,spend_agreed_with_buyer,dimension,assisted,Medium,"Liquid in group_label, view_label or description: resolve to a literal by hand",views/deals_fact.view.lkml,329,82b3ab594f0d8f518072f3e1cc4f4ce8ac1d576e
dimension,looker:analytics:field:deals_fact:sprint_type,deals_fact,,sprint_type,dimension,assisted,Medium,"Liquid in group_label, view_label or description: resolve to a literal by hand",views/deals_fact.view.lkml,580,82b3ab594f0d8f518072f3e1cc4f4ce8ac1d576e
dimension,looker:analytics:field:deals_fact:training,deals_fact,,training,dimension,assisted,Medium,"Liquid in group_label, view_label or description: resolve to a literal by hand",views/deals_fact.view.lkml,556,82b3ab594f0d8f518072f3e1cc4f4ce8ac1d576e
dimension,looker:analytics:field:delivery_project_cycle_times:assignee_name,delivery_project_cycle_times,,assignee_name,dimension:column,mechanical,Low,,views/delivery_project_cycle_times.view.lkml,31,82b3ab594f0d8f518072f3e1cc4f4ce8ac1d576e
dimension,looker:analytics:field:delivery_project_cycle_times:client_name,delivery_project_cycle_times,,client_name,dimension:column,mechanical,Low,,views/delivery_project_cycle_times.view.lkml,26,82b3ab594f0d8f518072f3e1cc4f4ce8ac1d576e
dimension,looker:analytics:field:delivery_project_cycle_times:cycle_complete_status,delivery_project_cycle_times,,cycle_complete_status,dimension:column,mechanical,Low,,views/delivery_project_cycle_times.view.lkml,88,82b3ab594f0d8f518072f3e1cc4f4ce8ac1d576e
dimension,looker:analytics:field:delivery_project_cycle_times:cycle_days_per_story_point,delivery_project_cycle_times,,cycle_days_per_story_point,dimension:column,mechanical,Low,,views/delivery_project_cycle_times.view.lkml,107,82b3ab594f0d8f518072f3e1cc4f4ce8ac1d576e
dimension,looker:analytics:field:delivery_project_cycle_times:cycle_start_status,delivery_project_cycle_times,,cycle_start_status,dimension:column,mechanical,Low,,views/delivery_project_cycle_times.view.lkml,77,82b3ab594f0d8f518072f3e1cc4f4ce8ac1d576e
dimension,looker:analytics:field:delivery_project_cycle_times:first_issue_status,delivery_project_cycle_times,,first_issue_status,dimension:column,mechanical,Low,,views/delivery_project_cycle_times.view.lkml,56,82b3ab594f0d8f518072f3e1cc4f4ce8ac1d576e
dimension,looker:analytics:field:delivery_project_cycle_times:is_complete_issue,delivery_project_cycle_times,,is_complete_issue,dimension:column,mechanical,Low,,views/delivery_project_cycle_times.view.lkml,154,82b3ab594f0d8f518072f3e1cc4f4ce8ac1d576e
dimension,looker:analytics:field:delivery_project_cycle_times:is_incomplete_issue,delivery_project_cycle_times,,is_incomplete_issue,dimension:column,mechanical,Low,,views/delivery_project_cycle_times.view.lkml,143,82b3ab594f0d8f518072f3e1cc4f4ce8ac1d576e
dimension,looker:analytics:field:delivery_project_cycle_times:is_notstarted_issue,delivery_project_cycle_times,,is_notstarted_issue,dimension:column,mechanical,Low,,views/delivery_project_cycle_times.view.lkml,132,82b3ab594f0d8f518072f3e1cc4f4ce8ac1d576e
dimension,looker:analytics:field:delivery_project_cycle_times:is_unpointed_issue,delivery_project_cycle_times,,is_unpointed_issue,dimension:column,mechanical,Low,,views/delivery_project_cycle_times.view.lkml,120,82b3ab594f0d8f518072f3e1cc4f4ce8ac1d576e
dimension,looker:analytics:field:delivery_project_cycle_times:issue_id,delivery_project_cycle_times,,issue_id,dimension:column,mechanical,Low,,views/delivery_project_cycle_times.view.lkml,16,82b3ab594f0d8f518072f3e1cc4f4ce8ac1d576e
dimension,looker:analytics:field:delivery_project_cycle_times:issue_key,delivery_project_cycle_times,,issue_key,dimension:column,mechanical,Low,,views/delivery_project_cycle_times.view.lkml,10,82b3ab594f0d8f518072f3e1cc4f4ce8ac1d576e
dimension,looker:analytics:field:delivery_project_cycle_times:issue_name,delivery_project_cycle_times,,issue_name,dimension:column,mechanical,Low,,views/delivery_project_cycle_times.view.lkml,21,82b3ab594f0d8f518072f3e1cc4f4ce8ac1d576e
dimension,looker:analytics:field:delivery_project_cycle_times:project_name,delivery_project_cycle_times,,project_name,dimension:column,mechanical,Low,,views/delivery_project_cycle_times.view.lkml,46,82b3ab594f0d8f518072f3e1cc4f4ce8ac1d576e
dimension,looker:analytics:field:delivery_project_cycle_times:sprint_id,delivery_project_cycle_times,,sprint_id,dimension:column,mechanical,Low,,views/delivery_project_cycle_times.view.lkml,36,82b3ab594f0d8f518072f3e1cc4f4ce8ac1d576e
dimension,looker:analytics:field:delivery_project_cycle_times:sprint_name,delivery_project_cycle_times,,sprint_name,dimension:column,mechanical,Low,,views/delivery_project_cycle_times.view.lkml,41,82b3ab594f0d8f518072f3e1cc4f4ce8ac1d576e
dimension,looker:analytics:field:delivery_project_cycle_times:story_point_estimate_cycle_start,delivery_project_cycle_times,,story_point_estimate_cycle_start,dimension:column,mechanical,Low,,views/delivery_project_cycle_times.view.lkml,66,82b3ab594f0d8f518072f3e1cc4f4ce8ac1d576e
dimension,looker:analytics:field:delivery_project_cycle_times:story_points_cycle_start,delivery_project_cycle_times,,story_points_cycle_start,dimension:column,mechanical,Low,,views/delivery_project_cycle_times.view.lkml,61,82b3ab594f0d8f518072f3e1cc4f4ce8ac1d576e
dimension,looker:analytics:field:delivery_project_cycle_times:total_cycle_days,delivery_project_cycle_times,,total_cycle_days,dimension:column,mechanical,Low,,views/delivery_project_cycle_times.view.lkml,93,82b3ab594f0d8f518072f3e1cc4f4ce8ac1d576e
dimension,looker:analytics:field:delivery_project_cycle_times_hkm:assignee_name,delivery_project_cycle_times_hkm,,assignee_name,dimension:column,mechanical,Low,,views/delivery_project_cycle_times_hkm.view.lkml,170,82b3ab594f0d8f518072f3e1cc4f4ce8ac1d576e
dimension,looker:analytics:field:delivery_project_cycle_times_hkm:client_name,delivery_project_cycle_times_hkm,,client_name,dimension:column,mechanical,Low,,views/delivery_project_cycle_times_hkm.view.lkml,165,82b3ab594f0d8f518072f3e1cc4f4ce8ac1d576e
dimension,looker:analytics:field:delivery_project_cycle_times_hkm:cycle_complete_day,delivery_project_cycle_times_hkm,,cycle_complete_day,dimension:column,mechanical,Low,,views/delivery_project_cycle_times_hkm.view.lkml,221,82b3ab594f0d8f518072f3e1cc4f4ce8ac1d576e
dimension,looker:analytics:field:delivery_project_cycle_times_hkm:cycle_complete_status,delivery_project_cycle_times_hkm,,cycle_complete_status,dimension:column,mechanical,Low,,views/delivery_project_cycle_times_hkm.view.lkml,227,82b3ab594f0d8f518072f3e1cc4f4ce8ac1d576e
dimension,looker:analytics:field:delivery_project_cycle_times_hkm:cycle_days_per_story_point,delivery_project_cycle_times_hkm,,cycle_days_per_story_point,dimension:column,mechanical,Low,,views/delivery_project_cycle_times_hkm.view.lkml,246,82b3ab594f0d8f518072f3e1cc4f4ce8ac1d576e
dimension,looker:analytics:field:delivery_project_cycle_times_hkm:cycle_start_status,delivery_project_cycle_times_hkm,,cycle_start_status,dimension:column,mechanical,Low,,views/delivery_project_cycle_times_hkm.view.lkml,216,82b3ab594f0d8f518072f3e1cc4f4ce8ac1d576e
dimension,looker:analytics:field:delivery_project_cycle_times_hkm:first_issue_status,delivery_project_cycle_times_hkm,,first_issue_status,dimension:column,mechanical,Low,,views/delivery_project_cycle_times_hkm.view.lkml,195,82b3ab594f0d8f518072f3e1cc4f4ce8ac1d576e
dimension,looker:analytics:field:delivery_project_cycle_times_hkm:is_complete_issue,delivery_project_cycle_times_hkm,,is_complete_issue,dimension:column,mechanical,Low,,views/delivery_project_cycle_times_hkm.view.lkml,293,82b3ab594f0d8f518072f3e1cc4f4ce8ac1d576e
dimension,looker:analytics:field:delivery_project_cycle_times_hkm:is_incomplete_issue,delivery_project_cycle_times_hkm,,is_incomplete_issue,dimension:column,mechanical,Low,,views/delivery_project_cycle_times_hkm.view.lkml,282,82b3ab594f0d8f518072f3e1cc4f4ce8ac1d576e
dimension,looker:analytics:field:delivery_project_cycle_times_hkm:is_notstarted_issue,delivery_project_cycle_times_hkm,,is_notstarted_issue,dimension:column,mechanical,Low,,views/delivery_project_cycle_times_hkm.view.lkml,271,82b3ab594f0d8f518072f3e1cc4f4ce8ac1d576e
dimension,looker:analytics:field:delivery_project_cycle_times_hkm:is_unpointed_issue,delivery_project_cycle_times_hkm,,is_unpointed_issue,dimension:column,mechanical,Low,,views/delivery_project_cycle_times_hkm.view.lkml,259,82b3ab594f0d8f518072f3e1cc4f4ce8ac1d576e
dimension,looker:analytics:field:delivery_project_cycle_times_hkm:issue_id,delivery_project_cycle_times_hkm,,issue_id,dimension:column,mechanical,Low,,views/delivery_project_cycle_times_hkm.view.lkml,160,82b3ab594f0d8f518072f3e1cc4f4ce8ac1d576e
dimension,looker:analytics:field:delivery_project_cycle_times_hkm:issue_key,delivery_project_cycle_times_hkm,,issue_key,dimension:column,mechanical,Low,,views/delivery_project_cycle_times_hkm.view.lkml,154,82b3ab594f0d8f518072f3e1cc4f4ce8ac1d576e
dimension,looker:analytics:field:delivery_project_cycle_times_hkm:project_name,delivery_project_cycle_times_hkm,,project_name,dimension:column,mechanical,Low,,views/delivery_project_cycle_times_hkm.view.lkml,185,82b3ab594f0d8f518072f3e1cc4f4ce8ac1d576e
dimension,looker:analytics:field:delivery_project_cycle_times_hkm:sprint_id,delivery_project_cycle_times_hkm,,sprint_id,dimension:column,mechanical,Low,,views/delivery_project_cycle_times_hkm.view.lkml,175,82b3ab594f0d8f518072f3e1cc4f4ce8ac1d576e
dimension,looker:analytics:field:delivery_project_cycle_times_hkm:sprint_name,delivery_project_cycle_times_hkm,,sprint_name,dimension:column,mechanical,Low,,views/delivery_project_cycle_times_hkm.view.lkml,180,82b3ab594f0d8f518072f3e1cc4f4ce8ac1d576e
dimension,looker:analytics:field:delivery_project_cycle_times_hkm:story_point_estimate_cycle_start,delivery_project_cycle_times_hkm,,story_point_estimate_cycle_start,dimension:column,mechanical,Low,,views/delivery_project_cycle_times_hkm.view.lkml,205,82b3ab594f0d8f518072f3e1cc4f4ce8ac1d576e
dimension,looker:analytics:field:delivery_project_cycle_times_hkm:story_points_cycle_start,delivery_project_cycle_times_hkm,,story_points_cycle_start,dimension:column,mechanical,Low,,views/delivery_project_cycle_times_hkm.view.lkml,200,82b3ab594f0d8f518072f3e1cc4f4ce8ac1d576e
dimension,looker:analytics:field:delivery_project_cycle_times_hkm:total_cycle_days,delivery_project_cycle_times_hkm,,total_cycle_days,dimension:column,mechanical,Low,,views/delivery_project_cycle_times_hkm.view.lkml,232,82b3ab594f0d8f518072f3e1cc4f4ce8ac1d576e
dimension,looker:analytics:field:delivery_project_docs_dim:company_fk,delivery_project_docs_dim,,company_fk,dimension:column,mechanical,Low,,views/delivery_project_docs_dim.view.lkml,5,82b3ab594f0d8f518072f3e1cc4f4ce8ac1d576e
dimension,looker:analytics:field:delivery_project_docs_dim:company_id,delivery_project_docs_dim,,company_id,dimension:column,mechanical,Low,,views/delivery_project_docs_dim.view.lkml,10,82b3ab594f0d8f518072f3e1cc4f4ce8ac1d576e
dimension,looker:analytics:field:delivery_project_docs_dim:delivery_project_docs_pk,delivery_project_docs_dim,,delivery_project_docs_pk,dimension:column,mechanical,Low,,views/delivery_project_docs_dim.view.lkml,16,82b3ab594f0d8f518072f3e1cc4f4ce8ac1d576e
dimension,looker:analytics:field:delivery_project_docs_dim:page_contents,delivery_project_docs_dim,,page_contents,dimension:column,mechanical,Low,,views/delivery_project_docs_dim.view.lkml,22,82b3ab594f0d8f518072f3e1cc4f4ce8ac1d576e
dimension,looker:analytics:field:delivery_project_docs_dim:page_id,delivery_project_docs_dim,,page_id,dimension:column,mechanical,Low,,views/delivery_project_docs_dim.view.lkml,34,82b3ab594f0d8f518072f3e1cc4f4ce8ac1d576e
dimension,looker:analytics:field:delivery_project_docs_dim:page_summary,delivery_project_docs_dim,,page_summary,dimension:column,mechanical,Low,,views/delivery_project_docs_dim.view.lkml,40,82b3ab594f0d8f518072f3e1cc4f4ce8ac1d576e
dimension,looker:analytics:field:delivery_project_docs_dim:page_title,delivery_project_docs_dim,,page_title,dimension:column,mechanical,Low,,views/delivery_project_docs_dim.view.lkml,46,82b3ab594f0d8f518072f3e1cc4f4ce8ac1d576e
dimension,looker:analytics:field:delivery_project_docs_dim:page_version_number,delivery_project_docs_dim,,page_version_number,dimension:column,mechanical,Low,,views/delivery_project_docs_dim.view.lkml,52,82b3ab594f0d8f518072f3e1cc4f4ce8ac1d576e
dimension,looker:analytics:field:delivery_project_docs_dim:space_name,delivery_project_docs_dim,,space_name,dimension:column,mechanical,Low,,views/delivery_project_docs_dim.view.lkml,58,82b3ab594f0d8f518072f3e1cc4f4ce8ac1d576e
dimension,looker:analytics:field:delivery_projects_dim:company_pk,delivery_projects_dim,,company_pk,dimension:column,mechanical,Low,,views/delivery_projects_dim.view.lkml,5,82b3ab594f0d8f518072f3e1cc4f4ce8ac1d576e
dimension,looker:analytics:field:delivery_projects_dim:delivery_project_pk,delivery_projects_dim,,delivery_project_pk,dimension:column,mechanical,Low,,views/delivery_projects_dim.view.lkml,12,82b3ab594f0d8f518072f3e1cc4f4ce8ac1d576e
dimension,looker:analytics:field:delivery_projects_dim:project_category_description,delivery_projects_dim,,project_category_description,dimension:column,mechanical,Low,,views/delivery_projects_dim.view.lkml,24,82b3ab594f0d8f518072f3e1cc4f4ce8ac1d576e
dimension,looker:analytics:field:delivery_projects_dim:project_category_name,delivery_projects_dim,,project_category_name,dimension:column,mechanical,Low,,views/delivery_projects_dim.view.lkml,31,82b3ab594f0d8f518072f3e1cc4f4ce8ac1d576e
dimension,looker:analytics:field:delivery_projects_dim:project_created,delivery_projects_dim,,project_created,dimension:derived,mechanical,Low,,views/delivery_projects_dim.view.lkml,38,82b3ab594f0d8f518072f3e1cc4f4ce8ac1d576e
dimension,looker:analytics:field:delivery_projects_dim:project_id,delivery_projects_dim,,project_id,dimension:column,mechanical,Low,,views/delivery_projects_dim.view.lkml,46,82b3ab594f0d8f518072f3e1cc4f4ce8ac1d576e
dimension,looker:analytics:field:delivery_projects_dim:project_name,delivery_projects_dim,,project_name,dimension:column,mechanical,Low,,views/delivery_projects_dim.view.lkml,68,82b3ab594f0d8f518072f3e1cc4f4ce8ac1d576e
dimension,looker:analytics:field:delivery_projects_dim:project_notes,delivery_projects_dim,,project_notes,dimension:column,mechanical,Low,,views/delivery_projects_dim.view.lkml,75,82b3ab594f0d8f518072f3e1cc4f4ce8ac1d576e
dimension,looker:analytics:field:delivery_projects_dim:project_status,delivery_projects_dim,,project_status,dimension:column,mechanical,Low,,views/delivery_projects_dim.view.lkml,82,82b3ab594f0d8f518072f3e1cc4f4ce8ac1d576e
dimension,looker:analytics:field:delivery_projects_dim:project_type,delivery_projects_dim,,project_type,dimension:column,mechanical,Low,,views/delivery_projects_dim.view.lkml,89,82b3ab594f0d8f518072f3e1cc4f4ce8ac1d576e
dimension,looker:analytics:field:delivery_task_history:task_id,delivery_task_history,,task_id,dimension:column,mechanical,Low,,views/delivery_task_history.view.lkml,71,82b3ab594f0d8f518072f3e1cc4f4ce8ac1d576e
dimension,looker:analytics:field:delivery_tasks_fact:contact_pk,delivery_tasks_fact,,contact_pk,dimension:column,mechanical,Low,,views/delivery_tasks_fact.view.lkml,66,82b3ab594f0d8f518072f3e1cc4f4ce8ac1d576e
dimension,looker:analytics:field:delivery_tasks_fact:days_to_complete,delivery_tasks_fact,,days_to_complete,dimension:derived,mechanical,Low,,views/delivery_tasks_fact.view.lkml,167,82b3ab594f0d8f518072f3e1cc4f4ce8ac1d576e
dimension,looker:analytics:field:delivery_tasks_fact:deliverable_category,delivery_tasks_fact,,deliverable_category,dimension:derived,mechanical,Low,,views/delivery_tasks_fact.view.lkml,237,82b3ab594f0d8f518072f3e1cc4f4ce8ac1d576e
dimension,looker:analytics:field:delivery_tasks_fact:deliverable_id,delivery_tasks_fact,,deliverable_id,dimension:column,mechanical,Low,,views/delivery_tasks_fact.view.lkml,109,82b3ab594f0d8f518072f3e1cc4f4ce8ac1d576e
dimension,looker:analytics:field:delivery_tasks_fact:deliverable_type,delivery_tasks_fact,,deliverable_type,dimension:column,mechanical,Low,,views/delivery_tasks_fact.view.lkml,115,82b3ab594f0d8f518072f3e1cc4f4ce8ac1d576e
dimension,looker:analytics:field:delivery_tasks_fact:delivery_project_fk,delivery_tasks_fact,,delivery_project_fk,dimension:column,mechanical,Low,,views/delivery_tasks_fact.view.lkml,11,82b3ab594f0d8f518072f3e1cc4f4ce8ac1d576e
dimension,looker:analytics:field:delivery_tasks_fact:delivery_task_pk,delivery_tasks_fact,,delivery_task_pk,dimension:column,mechanical,Low,,views/delivery_tasks_fact.view.lkml,17,82b3ab594f0d8f518072f3e1cc4f4ce8ac1d576e
dimension,looker:analytics:field:delivery_tasks_fact:epic_name,delivery_tasks_fact,,epic_name,dimension:column,mechanical,Low,,views/delivery_tasks_fact.view.lkml,273,82b3ab594f0d8f518072f3e1cc4f4ce8ac1d576e
dimension,looker:analytics:field:delivery_tasks_fact:parent_task_id,delivery_tasks_fact,,parent_task_id,dimension:column,mechanical,Low,,views/delivery_tasks_fact.view.lkml,29,82b3ab594f0d8f518072f3e1cc4f4ce8ac1d576e
dimension,looker:analytics:field:delivery_tasks_fact:sprint_board_url,delivery_tasks_fact,,sprint_board_url,dimension:column,mechanical,Low,,views/delivery_tasks_fact.view.lkml,60,82b3ab594f0d8f518072f3e1cc4f4ce8ac1d576e
dimension,looker:analytics:field:delivery_tasks_fact:sprint_name,delivery_tasks_fact,,sprint_name,dimension,assisted,Medium,link: confirm Omni links syntax and Mustache tokens,views/delivery_tasks_fact.view.lkml,121,82b3ab594f0d8f518072f3e1cc4f4ce8ac1d576e
dimension,looker:analytics:field:delivery_tasks_fact:task_assignee_user_id,delivery_tasks_fact,,task_assignee_user_id,dimension:column,mechanical,Low,,views/delivery_tasks_fact.view.lkml,35,82b3ab594f0d8f518072f3e1cc4f4ce8ac1d576e
dimension,looker:analytics:field:delivery_tasks_fact:task_creator_user_id,delivery_tasks_fact,,task_creator_user_id,dimension:column,mechanical,Low,,views/delivery_tasks_fact.view.lkml,86,82b3ab594f0d8f518072f3e1cc4f4ce8ac1d576e
dimension,looker:analytics:field:delivery_tasks_fact:task_days_open,delivery_tasks_fact,,task_days_open,dimension:derived,mechanical,Low,,views/delivery_tasks_fact.view.lkml,221,82b3ab594f0d8f518072f3e1cc4f4ce8ac1d576e
dimension,looker:analytics:field:delivery_tasks_fact:task_description,delivery_tasks_fact,,task_description,dimension:column,mechanical,Low,,views/delivery_tasks_fact.view.lkml,92,82b3ab594f0d8f518072f3e1cc4f4ce8ac1d576e
dimension,looker:analytics:field:delivery_tasks_fact:task_id,delivery_tasks_fact,,task_id,dimension:column,mechanical,Low,,views/delivery_tasks_fact.view.lkml,98,82b3ab594f0d8f518072f3e1cc4f4ce8ac1d576e
dimension,looker:analytics:field:delivery_tasks_fact:task_is_completed,delivery_tasks_fact,,task_is_completed,dimension:column,mechanical,Low,,views/delivery_tasks_fact.view.lkml,103,82b3ab594f0d8f518072f3e1cc4f4ce8ac1d576e
dimension,looker:analytics:field:delivery_tasks_fact:task_is_latest_sprint_version,delivery_tasks_fact,,task_is_latest_sprint_version,dimension:column,mechanical,Low,,views/delivery_tasks_fact.view.lkml,24,82b3ab594f0d8f518072f3e1cc4f4ce8ac1d576e
dimension,looker:analytics:field:delivery_tasks_fact:task_name,delivery_tasks_fact,,task_name,dimension,assisted,Medium,link: confirm Omni links syntax and Mustache tokens,views/delivery_tasks_fact.view.lkml,263,82b3ab594f0d8f518072f3e1cc4f4ce8ac1d576e
dimension,looker:analytics:field:delivery_tasks_fact:task_sprint_day,delivery_tasks_fact,,task_sprint_day,dimension:derived,mechanical,Low,,views/delivery_tasks_fact.view.lkml,192,82b3ab594f0d8f518072f3e1cc4f4ce8ac1d576e
dimension,looker:analytics:field:delivery_tasks_fact:task_status,delivery_tasks_fact,,task_status,dimension:column,mechanical,Low,,views/delivery_tasks_fact.view.lkml,286,82b3ab594f0d8f518072f3e1cc4f4ce8ac1d576e
dimension,looker:analytics:field:delivery_tasks_fact:task_status_colour,delivery_tasks_fact,,task_status_colour,dimension:column,mechanical,Low,,views/delivery_tasks_fact.view.lkml,299,82b3ab594f0d8f518072f3e1cc4f4ce8ac1d576e
dimension,looker:analytics:field:delivery_tasks_fact:task_status_workflow_stage_number,delivery_tasks_fact,,task_status_workflow_stage_number,dimension:derived,mechanical,Low,,views/delivery_tasks_fact.view.lkml,279,82b3ab594f0d8f518072f3e1cc4f4ce8ac1d576e
dimension,looker:analytics:field:delivery_tasks_fact:task_story_points,delivery_tasks_fact,,task_story_points,dimension:column,mechanical,Low,,views/delivery_tasks_fact.view.lkml,312,82b3ab594f0d8f518072f3e1cc4f4ce8ac1d576e
dimension,looker:analytics:field:delivery_tasks_fact:task_target_status_delivery_day_target,delivery_tasks_fact,,task_target_status_delivery_day_target,dimension:derived,mechanical,Low,,views/delivery_tasks_fact.view.lkml,198,82b3ab594f0d8f518072f3e1cc4f4ce8ac1d576e
dimension,looker:analytics:field:delivery_tasks_fact:task_type,delivery_tasks_fact,,task_type,dimension:column,mechanical,Low,,views/delivery_tasks_fact.view.lkml,293,82b3ab594f0d8f518072f3e1cc4f4ce8ac1d576e
dimension,looker:analytics:field:delivery_tasks_fact:task_url,delivery_tasks_fact,,task_url,dimension:column,mechanical,Low,,views/delivery_tasks_fact.view.lkml,41,82b3ab594f0d8f518072f3e1cc4f4ce8ac1d576e
dimension,looker:analytics:field:delivery_tasks_fact:total_delivery_subtasks,delivery_tasks_fact,,total_delivery_subtasks,dimension:column,mechanical,Low,,views/delivery_tasks_fact.view.lkml,305,82b3ab594f0d8f518072f3e1cc4f4ce8ac1d576e
dimension,looker:analytics:field:delivery_tasks_fact:user_fk,delivery_tasks_fact,,user_fk,dimension:column,mechanical,Low,,views/delivery_tasks_fact.view.lkml,138,82b3ab594f0d8f518072f3e1cc4f4ce8ac1d576e
dimension,looker:analytics:field:delivery_team_fact_xa:billable_utilisation_pct,delivery_team_fact_xa,,billable_utilisation_pct,dimension:column,mechanical,Low,,views/delivery_team_fact_xa.view.lkml,14,82b3ab594f0d8f518072f3e1cc4f4ce8ac1d576e
dimension,looker:analytics:field:delivery_team_fact_xa:contact_pk,delivery_team_fact_xa,,contact_pk,dimension:column,mechanical,Low,,views/delivery_team_fact_xa.view.lkml,34,82b3ab594f0d8f518072f3e1cc4f4ce8ac1d576e
dimension,looker:analytics:field:delivery_team_fact_xa:hours_potentially_billable,delivery_team_fact_xa,,hours_potentially_billable,dimension:column,mechanical,Low,,views/delivery_team_fact_xa.view.lkml,55,82b3ab594f0d8f518072f3e1cc4f4ce8ac1d576e
dimension,looker:analytics:field:delivery_team_fact_xa:is_current_employee,delivery_team_fact_xa,,is_current_employee,dimension:column,mechanical,Low,,views/delivery_team_fact_xa.view.lkml,61,82b3ab594f0d8f518072f3e1cc4f4ce8ac1d576e
dimension,looker:analytics:field:delivery_team_fact_xa:is_employee,delivery_team_fact_xa,,is_employee,dimension:derived,mechanical,Low,,views/delivery_team_fact_xa.view.lkml,66,82b3ab594f0d8f518072f3e1cc4f4ce8ac1d576e
dimension,looker:analytics:field:delivery_team_fact_xa:months_employed,delivery_team_fact_xa,,months_employed,dimension:column,mechanical,Low,,views/delivery_team_fact_xa.view.lkml,87,82b3ab594f0d8f518072f3e1cc4f4ce8ac1d576e
dimension,looker:analytics:field:delivery_team_fact_xa:total_billable_hours,delivery_team_fact_xa,,total_billable_hours,dimension:column,mechanical,Low,,views/delivery_team_fact_xa.view.lkml,92,82b3ab594f0d8f518072f3e1cc4f4ce8ac1d576e
dimension,looker:analytics:field:delivery_team_fact_xa:total_clients,delivery_team_fact_xa,,total_clients,dimension:column,mechanical,Low,,views/delivery_team_fact_xa.view.lkml,97,82b3ab594f0d8f518072f3e1cc4f4ce8ac1d576e
dimension,looker:analytics:field:delivery_team_fact_xa:total_non_billable_hours,delivery_team_fact_xa,,total_non_billable_hours,dimension:column,mechanical,Low,,views/delivery_team_fact_xa.view.lkml,105,82b3ab594f0d8f518072f3e1cc4f4ce8ac1d576e
dimension,looker:analytics:field:delivery_team_fact_xa:total_projects,delivery_team_fact_xa,,total_projects,dimension:column,mechanical,Low,,views/delivery_team_fact_xa.view.lkml,113,82b3ab594f0d8f518072f3e1cc4f4ce8ac1d576e
dimension,looker:analytics:field:delivery_team_fact_xa:total_utilisation_pct,delivery_team_fact_xa,,total_utilisation_pct,dimension:column,mechanical,Low,,views/delivery_team_fact_xa.view.lkml,119,82b3ab594f0d8f518072f3e1cc4f4ce8ac1d576e
dimension,looker:analytics:field:dim_countries:country_code,dim_countries,,country_code,dimension:column,mechanical,Low,,views/booksy_demo.view.lkml,232,82b3ab594f0d8f518072f3e1cc4f4ce8ac1d576e
dimension,looker:analytics:field:dim_countries:country_name,dim_countries,,country_name,dimension:column,mechanical,Low,,views/booksy_demo.view.lkml,238,82b3ab594f0d8f518072f3e1cc4f4ce8ac1d576e
dimension,looker:analytics:field:dim_countries:currency_code,dim_countries,,currency_code,dimension:column,mechanical,Low,,views/booksy_demo.view.lkml,249,82b3ab594f0d8f518072f3e1cc4f4ce8ac1d576e
dimension,looker:analytics:field:dim_countries:region,dim_countries,,region,dimension:column,mechanical,Low,,views/booksy_demo.view.lkml,244,82b3ab594f0d8f518072f3e1cc4f4ce8ac1d576e
dimension,looker:analytics:field:dim_dates:date_key,dim_dates,,date_key,dimension:column,mechanical,Low,,views/booksy_demo.view.lkml,262,82b3ab594f0d8f518072f3e1cc4f4ce8ac1d576e
dimension,looker:analytics:field:dim_dates:is_current_month,dim_dates,,is_current_month,dimension:column,mechanical,Low,,views/booksy_demo.view.lkml,319,82b3ab594f0d8f518072f3e1cc4f4ce8ac1d576e
dimension,looker:analytics:field:dim_dates:is_current_week,dim_dates,,is_current_week,dimension:column,mechanical,Low,,views/booksy_demo.view.lkml,309,82b3ab594f0d8f518072f3e1cc4f4ce8ac1d576e
dimension,looker:analytics:field:dim_dates:is_previous_month,dim_dates,,is_previous_month,dimension:column,mechanical,Low,,views/booksy_demo.view.lkml,324,82b3ab594f0d8f518072f3e1cc4f4ce8ac1d576e
dimension,looker:analytics:field:dim_dates:is_previous_week,dim_dates,,is_previous_week,dimension:column,mechanical,Low,,views/booksy_demo.view.lkml,314,82b3ab594f0d8f518072f3e1cc4f4ce8ac1d576e
dimension,looker:analytics:field:dim_dates:iso_week_label,dim_dates,,iso_week_label,dimension:column,mechanical,Low,,views/booksy_demo.view.lkml,294,82b3ab594f0d8f518072f3e1cc4f4ce8ac1d576e
dimension,looker:analytics:field:dim_dates:iso_week_start,dim_dates,,iso_week_start,dimension:column,mechanical,Low,,views/booksy_demo.view.lkml,288,82b3ab594f0d8f518072f3e1cc4f4ce8ac1d576e
dimension,looker:analytics:field:dim_dates:month,dim_dates,,month,dimension:column,mechanical,Low,,views/booksy_demo.view.lkml,278,82b3ab594f0d8f518072f3e1cc4f4ce8ac1d576e
dimension,looker:analytics:field:dim_dates:month_label,dim_dates,,month_label,dimension:column,mechanical,Low,,views/booksy_demo.view.lkml,302,82b3ab594f0d8f518072f3e1cc4f4ce8ac1d576e
dimension,looker:analytics:field:dim_dates:quarter,dim_dates,,quarter,dimension:column,mechanical,Low,,views/booksy_demo.view.lkml,273,82b3ab594f0d8f518072f3e1cc4f4ce8ac1d576e
dimension,looker:analytics:field:dim_dates:week_of_year,dim_dates,,week_of_year,dimension:column,mechanical,Low,,views/booksy_demo.view.lkml,283,82b3ab594f0d8f518072f3e1cc4f4ce8ac1d576e
dimension,looker:analytics:field:dim_dates:weeks_ago,dim_dates,,weeks_ago,dimension:column,mechanical,Low,,views/booksy_demo.view.lkml,329,82b3ab594f0d8f518072f3e1cc4f4ce8ac1d576e
dimension,looker:analytics:field:dim_dates:year,dim_dates,,year,dimension:column,mechanical,Low,,views/booksy_demo.view.lkml,268,82b3ab594f0d8f518072f3e1cc4f4ce8ac1d576e
dimension,looker:analytics:field:dim_providers:acquisition_channel,dim_providers,,acquisition_channel,dimension:column,mechanical,Low,,views/booksy_demo.view.lkml,177,82b3ab594f0d8f518072f3e1cc4f4ce8ac1d576e
dimension,looker:analytics:field:dim_providers:business_category,dim_providers,,business_category,dimension:column,mechanical,Low,,views/booksy_demo.view.lkml,171,82b3ab594f0d8f518072f3e1cc4f4ce8ac1d576e
dimension,looker:analytics:field:dim_providers:country_code,dim_providers,,country_code,dimension:column,mechanical,Low,,views/booksy_demo.view.lkml,165,82b3ab594f0d8f518072f3e1cc4f4ce8ac1d576e
dimension,looker:analytics:field:dim_providers:is_active,dim_providers,,is_active,dimension:column,mechanical,Low,,views/booksy_demo.view.lkml,188,82b3ab594f0d8f518072f3e1cc4f4ce8ac1d576e
dimension,looker:analytics:field:dim_providers:provider_id,dim_providers,,provider_id,dimension:column,mechanical,Low,,views/booksy_demo.view.lkml,154,82b3ab594f0d8f518072f3e1cc4f4ce8ac1d576e
dimension,looker:analytics:field:dim_providers:provider_name,dim_providers,,provider_name,dimension:column,mechanical,Low,,views/booksy_demo.view.lkml,160,82b3ab594f0d8f518072f3e1cc4f4ce8ac1d576e
dimension,looker:analytics:field:dim_providers:subscription_tier,dim_providers,,subscription_tier,dimension:column,mechanical,Low,,views/booksy_demo.view.lkml,183,82b3ab594f0d8f518072f3e1cc4f4ce8ac1d576e
dimension,looker:analytics:field:dynamic_web_stats:web_events_fact_total_blended_user_id,dynamic_web_stats,,web_events_fact_total_blended_user_id,dimension:column,mechanical,Low,,views/dynamic_web_stat.view.lkml,132,82b3ab594f0d8f518072f3e1cc4f4ce8ac1d576e
dimension,looker:analytics:field:dynamic_web_stats:web_events_fact_total_blog_page_views,dynamic_web_stats,,web_events_fact_total_blog_page_views,dimension:column,mechanical,Low,,views/dynamic_web_stat.view.lkml,142,82b3ab594f0d8f518072f3e1cc4f4ce8ac1d576e
dimension,looker:analytics:field:dynamic_web_stats:web_events_fact_total_case_study_page_views,dynamic_web_stats,,web_events_fact_total_case_study_page_views,dimension:column,mechanical,Low,,views/dynamic_web_stat.view.lkml,147,82b3ab594f0d8f518072f3e1cc4f4ce8ac1d576e
dimension,looker:analytics:field:dynamic_web_stats:web_events_fact_total_marketing_page_views,dynamic_web_stats,,web_events_fact_total_marketing_page_views,dimension:column,mechanical,Low,,views/dynamic_web_stat.view.lkml,152,82b3ab594f0d8f518072f3e1cc4f4ce8ac1d576e
dimension,looker:analytics:field:dynamic_web_stats:web_events_fact_total_page_views,dynamic_web_stats,,web_events_fact_total_page_views,dimension:column,mechanical,Low,,views/dynamic_web_stat.view.lkml,137,82b3ab594f0d8f518072f3e1cc4f4ce8ac1d576e
dimension,looker:analytics:field:dynamic_web_stats:web_events_fact_total_services_page_views,dynamic_web_stats,,web_events_fact_total_services_page_views,dimension:column,mechanical,Low,,views/dynamic_web_stat.view.lkml,157,82b3ab594f0d8f518072f3e1cc4f4ce8ac1d576e
dimension,looker:analytics:field:dynamic_web_stats:web_sessions_fact_bounced_session_rate,dynamic_web_stats,,web_sessions_fact_bounced_session_rate,dimension:column,mechanical,Low,,views/dynamic_web_stat.view.lkml,162,82b3ab594f0d8f518072f3e1cc4f4ce8ac1d576e
dimension,looker:analytics:field:dynamic_web_stats:web_sessions_fact_channel,dynamic_web_stats,,web_sessions_fact_channel,dimension:column,mechanical,Low,,views/dynamic_web_stat.view.lkml,117,82b3ab594f0d8f518072f3e1cc4f4ce8ac1d576e
dimension,looker:analytics:field:dynamic_web_stats:web_sessions_fact_channel_category,dynamic_web_stats,,web_sessions_fact_channel_category,dimension:column,mechanical,Low,,views/dynamic_web_stat.view.lkml,112,82b3ab594f0d8f518072f3e1cc4f4ce8ac1d576e
dimension,looker:analytics:field:dynamic_web_stats:web_sessions_fact_new_or_returning_user,dynamic_web_stats,,web_sessions_fact_new_or_returning_user,dimension:column,mechanical,Low,,views/dynamic_web_stat.view.lkml,122,82b3ab594f0d8f518072f3e1cc4f4ce8ac1d576e
dimension,looker:analytics:field:dynamic_web_stats:web_sessions_fact_session_start_ts_week,dynamic_web_stats,,web_sessions_fact_session_start_ts_week,dimension:column,mechanical,Low,,views/dynamic_web_stat.view.lkml,107,82b3ab594f0d8f518072f3e1cc4f4ce8ac1d576e
dimension,looker:analytics:field:dynamic_web_stats:web_sessions_fact_total_web_sessions_pk,dynamic_web_stats,,web_sessions_fact_total_web_sessions_pk,dimension:column,mechanical,Low,,views/dynamic_web_stat.view.lkml,127,82b3ab594f0d8f518072f3e1cc4f4ce8ac1d576e
dimension,looker:analytics:field:email_contacts_dim:all_contact_company_ids,email_contacts_dim,,all_contact_company_ids,dimension:column,mechanical,Low,,views/email_contacts_dim.view.lkml,184,82b3ab594f0d8f518072f3e1cc4f4ce8ac1d576e
dimension,looker:analytics:field:email_contacts_dim:all_dbt_slack_channels,email_contacts_dim,,all_dbt_slack_channels,dimension:column,mechanical,Low,,views/email_contacts_dim.view.lkml,205,82b3ab594f0d8f518072f3e1cc4f4ce8ac1d576e
dimension,looker:analytics:field:email_contacts_dim:all_job_titles,email_contacts_dim,,all_job_titles,dimension:column,mechanical,Low,,views/email_contacts_dim.view.lkml,177,82b3ab594f0d8f518072f3e1cc4f4ce8ac1d576e
dimension,looker:analytics:field:email_contacts_dim:contact_bio,email_contacts_dim,,contact_bio,dimension:column,mechanical,Low,,views/email_contacts_dim.view.lkml,190,82b3ab594f0d8f518072f3e1cc4f4ce8ac1d576e
dimension,looker:analytics:field:email_contacts_dim:contact_connection_degree,email_contacts_dim,,contact_connection_degree,dimension:column,mechanical,Low,,views/email_contacts_dim.view.lkml,111,82b3ab594f0d8f518072f3e1cc4f4ce8ac1d576e
dimension,looker:analytics:field:email_contacts_dim:contact_connections_count,email_contacts_dim,,contact_connections_count,dimension:column,mechanical,Low,,views/email_contacts_dim.view.lkml,116,82b3ab594f0d8f518072f3e1cc4f4ce8ac1d576e
dimension,looker:analytics:field:email_contacts_dim:contact_conversion_event_source,email_contacts_dim,,contact_conversion_event_source,dimension:column,mechanical,Low,,views/email_contacts_dim.view.lkml,151,82b3ab594f0d8f518072f3e1cc4f4ce8ac1d576e
dimension,looker:analytics:field:email_contacts_dim:contact_crm_lifecycle_stage,email_contacts_dim,,contact_crm_lifecycle_stage,dimension:column,mechanical,Low,,views/email_contacts_dim.view.lkml,167,82b3ab594f0d8f518072f3e1cc4f4ce8ac1d576e
dimension,looker:analytics:field:email_contacts_dim:contact_description,email_contacts_dim,,contact_description,dimension:column,mechanical,Low,,views/email_contacts_dim.view.lkml,101,82b3ab594f0d8f518072f3e1cc4f4ce8ac1d576e
dimension,looker:analytics:field:email_contacts_dim:contact_email,email_contacts_dim,,contact_email,dimension:column,mechanical,Low,,views/email_contacts_dim.view.lkml,240,82b3ab594f0d8f518072f3e1cc4f4ce8ac1d576e
dimension,looker:analytics:field:email_contacts_dim:contact_friends_count,email_contacts_dim,,contact_friends_count,dimension:column,mechanical,Low,,views/email_contacts_dim.view.lkml,76,82b3ab594f0d8f518072f3e1cc4f4ce8ac1d576e
dimension,looker:analytics:field:email_contacts_dim:contact_in_crm_workflow,email_contacts_dim,,contact_in_crm_workflow,dimension:column,mechanical,Low,,views/email_contacts_dim.view.lkml,162,82b3ab594f0d8f518072f3e1cc4f4ce8ac1d576e
dimension,looker:analytics:field:email_contacts_dim:contact_is_active,email_contacts_dim,,contact_is_active,dimension:column,mechanical,Low,,views/email_contacts_dim.view.lkml,59,82b3ab594f0d8f518072f3e1cc4f4ce8ac1d576e
dimension,looker:analytics:field:email_contacts_dim:contact_is_contractor,email_contacts_dim,,contact_is_contractor,dimension:column,mechanical,Low,,views/email_contacts_dim.view.lkml,34,82b3ab594f0d8f518072f3e1cc4f4ce8ac1d576e
dimension,looker:analytics:field:email_contacts_dim:contact_is_followed_by_us,email_contacts_dim,,contact_is_followed_by_us,dimension:column,mechanical,Low,,views/email_contacts_dim.view.lkml,91,82b3ab594f0d8f518072f3e1cc4f4ce8ac1d576e
dimension,looker:analytics:field:email_contacts_dim:contact_is_following,email_contacts_dim,,contact_is_following,dimension:column,mechanical,Low,,views/email_contacts_dim.view.lkml,86,82b3ab594f0d8f518072f3e1cc4f4ce8ac1d576e
dimension,looker:analytics:field:email_contacts_dim:contact_is_staff,email_contacts_dim,,contact_is_staff,dimension:column,mechanical,Low,,views/email_contacts_dim.view.lkml,40,82b3ab594f0d8f518072f3e1cc4f4ce8ac1d576e
dimension,looker:analytics:field:email_contacts_dim:contact_mail_from_drop_contact,email_contacts_dim,,contact_mail_from_drop_contact,dimension:column,mechanical,Low,,views/email_contacts_dim.view.lkml,126,82b3ab594f0d8f518072f3e1cc4f4ce8ac1d576e
dimension,looker:analytics:field:email_contacts_dim:contact_marketing_legal_basis,email_contacts_dim,,contact_marketing_legal_basis,dimension:column,mechanical,Low,,views/email_contacts_dim.view.lkml,172,82b3ab594f0d8f518072f3e1cc4f4ce8ac1d576e
dimension,looker:analytics:field:email_contacts_dim:contact_mutual_connections,email_contacts_dim,,contact_mutual_connections,dimension:column,mechanical,Low,,views/email_contacts_dim.view.lkml,121,82b3ab594f0d8f518072f3e1cc4f4ce8ac1d576e
dimension,looker:analytics:field:email_contacts_dim:contact_name,email_contacts_dim,,contact_name,dimension:column,mechanical,Low,,views/email_contacts_dim.view.lkml,23,82b3ab594f0d8f518072f3e1cc4f4ce8ac1d576e
dimension,looker:analytics:field:email_contacts_dim:contact_phone,email_contacts_dim,,contact_phone,dimension:column,mechanical,Low,,views/email_contacts_dim.view.lkml,28,82b3ab594f0d8f518072f3e1cc4f4ce8ac1d576e
dimension,looker:analytics:field:email_contacts_dim:contact_pk,email_contacts_dim,,contact_pk,dimension:column,mechanical,Low,,views/email_contacts_dim.view.lkml,15,82b3ab594f0d8f518072f3e1cc4f4ce8ac1d576e
dimension,looker:analytics:field:email_contacts_dim:contact_posts_count,email_contacts_dim,,contact_posts_count,dimension:column,mechanical,Low,,views/email_contacts_dim.view.lkml,81,82b3ab594f0d8f518072f3e1cc4f4ce8ac1d576e
dimension,looker:analytics:field:email_contacts_dim:contact_qualifications,email_contacts_dim,,contact_qualifications,dimension:column,mechanical,Low,,views/email_contacts_dim.view.lkml,141,82b3ab594f0d8f518072f3e1cc4f4ce8ac1d576e
dimension,looker:analytics:field:email_contacts_dim:contact_school,email_contacts_dim,,contact_school,dimension:column,mechanical,Low,,views/email_contacts_dim.view.lkml,96,82b3ab594f0d8f518072f3e1cc4f4ce8ac1d576e
dimension,looker:analytics:field:email_contacts_dim:contact_school_degree,email_contacts_dim,,contact_school_degree,dimension:column,mechanical,Low,,views/email_contacts_dim.view.lkml,131,82b3ab594f0d8f518072f3e1cc4f4ce8ac1d576e
dimension,looker:analytics:field:email_contacts_dim:contact_school_description,email_contacts_dim,,contact_school_description,dimension:column,mechanical,Low,,views/email_contacts_dim.view.lkml,136,82b3ab594f0d8f518072f3e1cc4f4ce8ac1d576e
dimension,looker:analytics:field:email_contacts_dim:contact_skills,email_contacts_dim,,contact_skills,dimension:column,mechanical,Low,,views/email_contacts_dim.view.lkml,146,82b3ab594f0d8f518072f3e1cc4f4ce8ac1d576e
dimension,looker:analytics:field:email_contacts_dim:contact_source_type,email_contacts_dim,,contact_source_type,dimension:column,mechanical,Low,,views/email_contacts_dim.view.lkml,156,82b3ab594f0d8f518072f3e1cc4f4ce8ac1d576e
dimension,looker:analytics:field:email_contacts_dim:contact_staff_contract_type,email_contacts_dim,,contact_staff_contract_type,dimension:column,mechanical,Low,,views/email_contacts_dim.view.lkml,51,82b3ab594f0d8f518072f3e1cc4f4ce8ac1d576e
dimension,looker:analytics:field:email_contacts_dim:contact_staff_job_title,email_contacts_dim,,contact_staff_job_title,dimension:column,mechanical,Low,,views/email_contacts_dim.view.lkml,45,82b3ab594f0d8f518072f3e1cc4f4ce8ac1d576e
dimension,looker:analytics:field:email_contacts_dim:contact_subscribers,email_contacts_dim,,contact_subscribers,dimension:column,mechanical,Low,,views/email_contacts_dim.view.lkml,106,82b3ab594f0d8f518072f3e1cc4f4ce8ac1d576e
dimension,looker:analytics:field:email_contacts_dim:is_crm_tracked,email_contacts_dim,,is_crm_tracked,dimension:column,mechanical,Low,,views/email_contacts_dim.view.lkml,225,82b3ab594f0d8f518072f3e1cc4f4ce8ac1d576e
dimension,looker:analytics:field:email_contacts_dim:is_dbt_slack_member,email_contacts_dim,,is_dbt_slack_member,dimension:column,mechanical,Low,,views/email_contacts_dim.view.lkml,195,82b3ab594f0d8f518072f3e1cc4f4ce8ac1d576e
dimension,looker:analytics:field:email_contacts_dim:is_github_interactor,email_contacts_dim,,is_github_interactor,dimension:column,mechanical,Low,,views/email_contacts_dim.view.lkml,235,82b3ab594f0d8f518072f3e1cc4f4ce8ac1d576e
dimension,looker:analytics:field:email_contacts_dim:is_linkedin_interactor,email_contacts_dim,,is_linkedin_interactor,dimension:column,mechanical,Low,,views/email_contacts_dim.view.lkml,210,82b3ab594f0d8f518072f3e1cc4f4ce8ac1d576e
dimension,looker:analytics:field:email_contacts_dim:is_medium_interactor,email_contacts_dim,,is_medium_interactor,dimension:column,mechanical,Low,,views/email_contacts_dim.view.lkml,215,82b3ab594f0d8f518072f3e1cc4f4ce8ac1d576e
dimension,looker:analytics:field:email_contacts_dim:is_project_interactor,email_contacts_dim,,is_project_interactor,dimension:column,mechanical,Low,,views/email_contacts_dim.view.lkml,230,82b3ab594f0d8f518072f3e1cc4f4ce8ac1d576e
dimension,looker:analytics:field:email_contacts_dim:is_twitter_interactor,email_contacts_dim,,is_twitter_interactor,dimension:column,mechanical,Low,,views/email_contacts_dim.view.lkml,220,82b3ab594f0d8f518072f3e1cc4f4ce8ac1d576e
dimension,looker:analytics:field:email_lists_dim:audience_name,email_lists_dim,,audience_name,dimension:column,mechanical,Low,,views/email_lists_dim.view.lkml,5,82b3ab594f0d8f518072f3e1cc4f4ce8ac1d576e
dimension,looker:analytics:field:email_lists_dim:avg_sub_rate_pct,email_lists_dim,,avg_sub_rate_pct,dimension:column,mechanical,Low,,views/email_lists_dim.view.lkml,10,82b3ab594f0d8f518072f3e1cc4f4ce8ac1d576e
dimension,looker:analytics:field:email_lists_dim:avg_unsub_rate_pct,email_lists_dim,,avg_unsub_rate_pct,dimension:column,mechanical,Low,,views/email_lists_dim.view.lkml,15,82b3ab594f0d8f518072f3e1cc4f4ce8ac1d576e
dimension,looker:analytics:field:email_lists_dim:click_rate_pct,email_lists_dim,,click_rate_pct,dimension:column,mechanical,Low,,views/email_lists_dim.view.lkml,34,82b3ab594f0d8f518072f3e1cc4f4ce8ac1d576e
dimension,looker:analytics:field:email_lists_dim:list_id,email_lists_dim,,list_id,dimension:column,mechanical,Low,,views/email_lists_dim.view.lkml,67,82b3ab594f0d8f518072f3e1cc4f4ce8ac1d576e
dimension,looker:analytics:field:email_lists_dim:list_pk,email_lists_dim,,list_pk,dimension:column,mechanical,Low,,views/email_lists_dim.view.lkml,72,82b3ab594f0d8f518072f3e1cc4f4ce8ac1d576e
dimension,looker:analytics:field:email_lists_dim:open_rate_pct,email_lists_dim,,open_rate_pct,dimension:column,mechanical,Low,,views/email_lists_dim.view.lkml,77,82b3ab594f0d8f518072f3e1cc4f4ce8ac1d576e
dimension,looker:analytics:field:email_lists_dim:target_sub_rate_pct,email_lists_dim,,target_sub_rate_pct,dimension:column,mechanical,Low,,views/email_lists_dim.view.lkml,82,82b3ab594f0d8f518072f3e1cc4f4ce8ac1d576e
dimension,looker:analytics:field:email_lists_dim:total_campaigns,email_lists_dim,,total_campaigns,dimension:column,mechanical,Low,,views/email_lists_dim.view.lkml,87,82b3ab594f0d8f518072f3e1cc4f4ce8ac1d576e
dimension,looker:analytics:field:email_lists_dim:total_cleaned,email_lists_dim,,total_cleaned,dimension:column,mechanical,Low,,views/email_lists_dim.view.lkml,92,82b3ab594f0d8f518072f3e1cc4f4ce8ac1d576e
dimension,looker:analytics:field:email_lists_dim:total_cleaned_since_send,email_lists_dim,,total_cleaned_since_send,dimension:column,mechanical,Low,,views/email_lists_dim.view.lkml,97,82b3ab594f0d8f518072f3e1cc4f4ce8ac1d576e
dimension,looker:analytics:field:email_lists_dim:total_members,email_lists_dim,,total_members,dimension:column,mechanical,Low,,views/email_lists_dim.view.lkml,102,82b3ab594f0d8f518072f3e1cc4f4ce8ac1d576e
dimension,looker:analytics:field:email_lists_dim:total_members_since_send,email_lists_dim,,total_members_since_send,dimension:column,mechanical,Low,,views/email_lists_dim.view.lkml,107,82b3ab594f0d8f518072f3e1cc4f4ce8ac1d576e
dimension,looker:analytics:field:email_lists_dim:total_merge_fields,email_lists_dim,,total_merge_fields,dimension:column,mechanical,Low,,views/email_lists_dim.view.lkml,112,82b3ab594f0d8f518072f3e1cc4f4ce8ac1d576e
dimension,looker:analytics:field:email_lists_dim:total_unsubscribes,email_lists_dim,,total_unsubscribes,dimension:column,mechanical,Low,,views/email_lists_dim.view.lkml,117,82b3ab594f0d8f518072f3e1cc4f4ce8ac1d576e
dimension,looker:analytics:field:email_lists_dim:total_unsubscribes_since_send,email_lists_dim,,total_unsubscribes_since_send,dimension:column,mechanical,Low,,views/email_lists_dim.view.lkml,122,82b3ab594f0d8f518072f3e1cc4f4ce8ac1d576e
dimension,looker:analytics:field:email_send_outcomes_fact:action,email_send_outcomes_fact,,action,dimension:column,mechanical,Low,,views/email_send_outcomes_fact.view.lkml,5,82b3ab594f0d8f518072f3e1cc4f4ce8ac1d576e
dimension,looker:analytics:field:email_send_outcomes_fact:bounces,email_send_outcomes_fact,,bounces,dimension:column,mechanical,Low,,views/email_send_outcomes_fact.view.lkml,64,82b3ab594f0d8f518072f3e1cc4f4ce8ac1d576e
dimension,looker:analytics:field:email_send_outcomes_fact:clicks,email_send_outcomes_fact,,clicks,dimension:column,mechanical,Low,,views/email_send_outcomes_fact.view.lkml,74,82b3ab594f0d8f518072f3e1cc4f4ce8ac1d576e
dimension,looker:analytics:field:email_send_outcomes_fact:contact_bounced,email_send_outcomes_fact,,contact_bounced,dimension:column,mechanical,Low,,views/email_send_outcomes_fact.view.lkml,10,82b3ab594f0d8f518072f3e1cc4f4ce8ac1d576e
dimension,looker:analytics:field:email_send_outcomes_fact:contact_clicked,email_send_outcomes_fact,,contact_clicked,dimension:column,mechanical,Low,,views/email_send_outcomes_fact.view.lkml,15,82b3ab594f0d8f518072f3e1cc4f4ce8ac1d576e
dimension,looker:analytics:field:email_send_outcomes_fact:contact_opened,email_send_outcomes_fact,,contact_opened,dimension:column,mechanical,Low,,views/email_send_outcomes_fact.view.lkml,20,82b3ab594f0d8f518072f3e1cc4f4ce8ac1d576e
dimension,looker:analytics:field:email_send_outcomes_fact:contact_pk,email_send_outcomes_fact,,contact_pk,dimension:column,mechanical,Low,,views/email_send_outcomes_fact.view.lkml,25,82b3ab594f0d8f518072f3e1cc4f4ce8ac1d576e
dimension,looker:analytics:field:email_send_outcomes_fact:email_address,email_send_outcomes_fact,,email_address,dimension:column,mechanical,Low,,views/email_send_outcomes_fact.view.lkml,30,82b3ab594f0d8f518072f3e1cc4f4ce8ac1d576e
dimension,looker:analytics:field:email_send_outcomes_fact:list_pk,email_send_outcomes_fact,,list_pk,dimension:column,mechanical,Low,,views/email_send_outcomes_fact.view.lkml,35,82b3ab594f0d8f518072f3e1cc4f4ce8ac1d576e
dimension,looker:analytics:field:email_send_outcomes_fact:opens,email_send_outcomes_fact,,opens,dimension:column,mechanical,Low,,views/email_send_outcomes_fact.view.lkml,84,82b3ab594f0d8f518072f3e1cc4f4ce8ac1d576e
dimension,looker:analytics:field:email_send_outcomes_fact:send_outcome_pk,email_send_outcomes_fact,,send_outcome_pk,dimension:column,mechanical,Low,,views/email_send_outcomes_fact.view.lkml,40,82b3ab594f0d8f518072f3e1cc4f4ce8ac1d576e
dimension,looker:analytics:field:email_send_outcomes_fact:send_pk,email_send_outcomes_fact,,send_pk,dimension:column,mechanical,Low,,views/email_send_outcomes_fact.view.lkml,45,82b3ab594f0d8f518072f3e1cc4f4ce8ac1d576e
dimension,looker:analytics:field:email_send_outcomes_fact:type,email_send_outcomes_fact,,type,dimension:column,mechanical,Low,,views/email_send_outcomes_fact.view.lkml,94,82b3ab594f0d8f518072f3e1cc4f4ce8ac1d576e
dimension,looker:analytics:field:email_sends_dim:campaign_archive_url,email_sends_dim,,campaign_archive_url,dimension:column,mechanical,Low,,views/email_sends_dim.view.lkml,5,82b3ab594f0d8f518072f3e1cc4f4ce8ac1d576e
dimension,looker:analytics:field:email_sends_dim:campaign_content_type,email_sends_dim,,campaign_content_type,dimension:column,mechanical,Low,,views/email_sends_dim.view.lkml,10,82b3ab594f0d8f518072f3e1cc4f4ce8ac1d576e
dimension,looker:analytics:field:email_sends_dim:campaign_is_resendable,email_sends_dim,,campaign_is_resendable,dimension:column,mechanical,Low,,views/email_sends_dim.view.lkml,29,82b3ab594f0d8f518072f3e1cc4f4ce8ac1d576e
dimension,looker:analytics:field:email_sends_dim:campaign_list_is_active,email_sends_dim,,campaign_list_is_active,dimension:column,mechanical,Low,,views/email_sends_dim.view.lkml,34,82b3ab594f0d8f518072f3e1cc4f4ce8ac1d576e
dimension,looker:analytics:field:email_sends_dim:campaign_status,email_sends_dim,,campaign_status,dimension:column,mechanical,Low,,views/email_sends_dim.view.lkml,53,82b3ab594f0d8f518072f3e1cc4f4ce8ac1d576e
dimension,looker:analytics:field:email_sends_dim:campaign_subject_line,email_sends_dim,,campaign_subject_line,dimension:column,mechanical,Low,,views/email_sends_dim.view.lkml,58,82b3ab594f0d8f518072f3e1cc4f4ce8ac1d576e
dimension,looker:analytics:field:email_sends_dim:campaign_title,email_sends_dim,,campaign_title,dimension:column,mechanical,Low,,views/email_sends_dim.view.lkml,63,82b3ab594f0d8f518072f3e1cc4f4ce8ac1d576e
dimension,looker:analytics:field:email_sends_dim:campaign_tracking_html_clicks,email_sends_dim,,campaign_tracking_html_clicks,dimension:column,mechanical,Low,,views/email_sends_dim.view.lkml,68,82b3ab594f0d8f518072f3e1cc4f4ce8ac1d576e
dimension,looker:analytics:field:email_sends_dim:campaign_tracking_opens,email_sends_dim,,campaign_tracking_opens,dimension:column,mechanical,Low,,views/email_sends_dim.view.lkml,73,82b3ab594f0d8f518072f3e1cc4f4ce8ac1d576e
dimension,looker:analytics:field:email_sends_dim:campaign_tracking_text_clicks,email_sends_dim,,campaign_tracking_text_clicks,dimension:column,mechanical,Low,,views/email_sends_dim.view.lkml,78,82b3ab594f0d8f518072f3e1cc4f4ce8ac1d576e
dimension,looker:analytics:field:email_sends_dim:click_rate_pct,email_sends_dim,,click_rate_pct,dimension:column,mechanical,Low,,views/email_sends_dim.view.lkml,83,82b3ab594f0d8f518072f3e1cc4f4ce8ac1d576e
dimension,looker:analytics:field:email_sends_dim:list_id,email_sends_dim,,list_id,dimension:column,mechanical,Low,,views/email_sends_dim.view.lkml,88,82b3ab594f0d8f518072f3e1cc4f4ce8ac1d576e
dimension,looker:analytics:field:email_sends_dim:list_name,email_sends_dim,,list_name,dimension:column,mechanical,Low,,views/email_sends_dim.view.lkml,93,82b3ab594f0d8f518072f3e1cc4f4ce8ac1d576e
dimension,looker:analytics:field:email_sends_dim:open_rate_pct,email_sends_dim,,open_rate_pct,dimension:column,mechanical,Low,,views/email_sends_dim.view.lkml,98,82b3ab594f0d8f518072f3e1cc4f4ce8ac1d576e
dimension,looker:analytics:field:email_sends_dim:send_id,email_sends_dim,,send_id,dimension:column,mechanical,Low,,views/email_sends_dim.view.lkml,103,82b3ab594f0d8f518072f3e1cc4f4ce8ac1d576e
dimension,looker:analytics:field:email_sends_dim:send_pk,email_sends_dim,,send_pk,dimension:column,mechanical,Low,,views/email_sends_dim.view.lkml,108,82b3ab594f0d8f518072f3e1cc4f4ce8ac1d576e
dimension,looker:analytics:field:email_sends_dim:total_campaign_emails_sent,email_sends_dim,,total_campaign_emails_sent,dimension:column,mechanical,Low,,views/email_sends_dim.view.lkml,114,82b3ab594f0d8f518072f3e1cc4f4ce8ac1d576e
dimension,looker:analytics:field:email_sends_dim:total_clicks,email_sends_dim,,total_clicks,dimension:column,mechanical,Low,,views/email_sends_dim.view.lkml,119,82b3ab594f0d8f518072f3e1cc4f4ce8ac1d576e
dimension,looker:analytics:field:email_sends_dim:total_opens,email_sends_dim,,total_opens,dimension:column,mechanical,Low,,views/email_sends_dim.view.lkml,124,82b3ab594f0d8f518072f3e1cc4f4ce8ac1d576e
dimension,looker:analytics:field:email_sends_dim:total_recipient_count,email_sends_dim,,total_recipient_count,dimension:column,mechanical,Low,,views/email_sends_dim.view.lkml,129,82b3ab594f0d8f518072f3e1cc4f4ce8ac1d576e
dimension,looker:analytics:field:email_sends_dim:total_subscriber_clicks,email_sends_dim,,total_subscriber_clicks,dimension:column,mechanical,Low,,views/email_sends_dim.view.lkml,134,82b3ab594f0d8f518072f3e1cc4f4ce8ac1d576e
dimension,looker:analytics:field:email_sends_dim:total_unique_opens,email_sends_dim,,total_unique_opens,dimension:column,mechanical,Low,,views/email_sends_dim.view.lkml,139,82b3ab594f0d8f518072f3e1cc4f4ce8ac1d576e
dimension,looker:analytics:field:employee_pto:email,employee_pto,,email,dimension:column,mechanical,Low,,views/employee_pto.view.lkml,20,82b3ab594f0d8f518072f3e1cc4f4ce8ac1d576e
dimension,looker:analytics:field:employee_pto:employee_name,employee_pto,,employee_name,dimension:derived,mechanical,Low,,views/employee_pto.view.lkml,14,82b3ab594f0d8f518072f3e1cc4f4ce8ac1d576e
dimension,looker:analytics:field:employee_pto:first_name,employee_pto,,first_name,dimension:column,mechanical,Low,,views/employee_pto.view.lkml,4,82b3ab594f0d8f518072f3e1cc4f4ce8ac1d576e
dimension,looker:analytics:field:employee_pto:last_name,employee_pto,,last_name,dimension:column,mechanical,Low,,views/employee_pto.view.lkml,9,82b3ab594f0d8f518072f3e1cc4f4ce8ac1d576e
dimension,looker:analytics:field:employee_pto:pto_days,employee_pto,,pto_days,dimension:column,mechanical,Low,,views/employee_pto.view.lkml,43,82b3ab594f0d8f518072f3e1cc4f4ce8ac1d576e
dimension,looker:analytics:field:employee_pto:pto_type,employee_pto,,pto_type,dimension:column,mechanical,Low,,views/employee_pto.view.lkml,49,82b3ab594f0d8f518072f3e1cc4f4ce8ac1d576e
dimension,looker:analytics:field:engagement_actions_fact:action,engagement_actions_fact,,action,dimension:column,mechanical,Low,,views/engagement_actions_fact.view.lkml,81,82b3ab594f0d8f518072f3e1cc4f4ce8ac1d576e
dimension,looker:analytics:field:engagement_actions_fact:company_name,engagement_actions_fact,,company_name,dimension:column,mechanical,Low,,views/engagement_actions_fact.view.lkml,26,82b3ab594f0d8f518072f3e1cc4f4ce8ac1d576e
dimension,looker:analytics:field:engagement_actions_fact:engagement_action_pk,engagement_actions_fact,,engagement_action_pk,dimension:column,mechanical,Low,,views/engagement_actions_fact.view.lkml,12,82b3ab594f0d8f518072f3e1cc4f4ce8ac1d576e
dimension,looker:analytics:field:engagement_actions_fact:engagement_code,engagement_actions_fact,,engagement_code,dimension:column,mechanical,Low,,views/engagement_actions_fact.view.lkml,20,82b3ab594f0d8f518072f3e1cc4f4ce8ac1d576e
dimension,looker:analytics:field:engagement_actions_fact:engagement_fk,engagement_actions_fact,,engagement_fk,dimension:column,mechanical,Low,,views/engagement_actions_fact.view.lkml,18,82b3ab594f0d8f518072f3e1cc4f4ce8ac1d576e
dimension,looker:analytics:field:engagement_actions_fact:engagement_name,engagement_actions_fact,,engagement_name,dimension:column,mechanical,Low,,views/engagement_actions_fact.view.lkml,32,82b3ab594f0d8f518072f3e1cc4f4ce8ac1d576e
dimension,looker:analytics:field:engagement_actions_fact:owner,engagement_actions_fact,,owner,dimension:column,mechanical,Low,,views/engagement_actions_fact.view.lkml,74,82b3ab594f0d8f518072f3e1cc4f4ce8ac1d576e
dimension,looker:analytics:field:engagement_actions_fact:priority,engagement_actions_fact,,priority,dimension:column,mechanical,Low,,views/engagement_actions_fact.view.lkml,67,82b3ab594f0d8f518072f3e1cc4f4ce8ac1d576e
dimension,looker:analytics:field:engagement_actions_fact:status_area,engagement_actions_fact,,status_area,dimension:column,mechanical,Low,,views/engagement_actions_fact.view.lkml,47,82b3ab594f0d8f518072f3e1cc4f4ce8ac1d576e
dimension,looker:analytics:field:engagement_actions_fact:status_area_status,engagement_actions_fact,,status_area_status,dimension:column,mechanical,Low,,views/engagement_actions_fact.view.lkml,54,82b3ab594f0d8f518072f3e1cc4f4ce8ac1d576e
dimension,looker:analytics:field:engagement_actions_fact:status_sort_order,engagement_actions_fact,,status_sort_order,dimension:column,mechanical,Low,,views/engagement_actions_fact.view.lkml,61,82b3ab594f0d8f518072f3e1cc4f4ce8ac1d576e
dimension,looker:analytics:field:engagement_actions_fact:triggered_by,engagement_actions_fact,,triggered_by,dimension:column,mechanical,Low,,views/engagement_actions_fact.view.lkml,87,82b3ab594f0d8f518072f3e1cc4f4ce8ac1d576e
dimension,looker:analytics:field:engagement_burn_up_fact:company_name,engagement_burn_up_fact,,company_name,dimension:column,mechanical,Low,,views/engagement_burn_up_fact.view.lkml,27,82b3ab594f0d8f518072f3e1cc4f4ce8ac1d576e
dimension,looker:analytics:field:engagement_burn_up_fact:engagement_burn_up_pk,engagement_burn_up_fact,,engagement_burn_up_pk,dimension:column,mechanical,Low,,views/engagement_burn_up_fact.view.lkml,12,82b3ab594f0d8f518072f3e1cc4f4ce8ac1d576e
dimension,looker:analytics:field:engagement_burn_up_fact:engagement_code,engagement_burn_up_fact,,engagement_code,dimension:column,mechanical,Low,,views/engagement_burn_up_fact.view.lkml,21,82b3ab594f0d8f518072f3e1cc4f4ce8ac1d576e
dimension,looker:analytics:field:engagement_burn_up_fact:engagement_fk,engagement_burn_up_fact,,engagement_fk,dimension:column,mechanical,Low,,views/engagement_burn_up_fact.view.lkml,19,82b3ab594f0d8f518072f3e1cc4f4ce8ac1d576e
dimension,looker:analytics:field:engagement_burn_up_fact:engagement_name,engagement_burn_up_fact,,engagement_name,dimension:column,mechanical,Low,,views/engagement_burn_up_fact.view.lkml,33,82b3ab594f0d8f518072f3e1cc4f4ce8ac1d576e
dimension,looker:analytics:field:engagement_burn_up_fact:is_actual_week,engagement_burn_up_fact,,is_actual_week,dimension:column,mechanical,Low,,views/engagement_burn_up_fact.view.lkml,61,82b3ab594f0d8f518072f3e1cc4f4ce8ac1d576e
dimension,looker:analytics:field:engagement_burn_up_fact:total_weeks,engagement_burn_up_fact,,total_weeks,dimension:column,mechanical,Low,,views/engagement_burn_up_fact.view.lkml,55,82b3ab594f0d8f518072f3e1cc4f4ce8ac1d576e
dimension,looker:analytics:field:engagement_burn_up_fact:week_number,engagement_burn_up_fact,,week_number,dimension:column,mechanical,Low,,views/engagement_burn_up_fact.view.lkml,48,82b3ab594f0d8f518072f3e1cc4f4ce8ac1d576e
dimension,looker:analytics:field:engagement_context_attribution:attribution_evidence,engagement_context_attribution,,attribution_evidence,dimension:column,mechanical,Low,,views/engagement_context_attribution.view.lkml,100,82b3ab594f0d8f518072f3e1cc4f4ce8ac1d576e
dimension,looker:analytics:field:engagement_context_attribution:attribution_level,engagement_context_attribution,,attribution_level,dimension:column,mechanical,Low,,views/engagement_context_attribution.view.lkml,86,82b3ab594f0d8f518072f3e1cc4f4ce8ac1d576e
dimension,looker:analytics:field:engagement_context_attribution:attribution_method,engagement_context_attribution,,attribution_method,dimension:column,mechanical,Low,,views/engagement_context_attribution.view.lkml,93,82b3ab594f0d8f518072f3e1cc4f4ce8ac1d576e
dimension,looker:analytics:field:engagement_context_attribution:avg_engagement_level,engagement_context_attribution,,avg_engagement_level,dimension:column,mechanical,Low,,views/engagement_context_attribution.view.lkml,115,82b3ab594f0d8f518072f3e1cc4f4ce8ac1d576e
dimension,looker:analytics:field:engagement_context_attribution:avg_sentiment_score,engagement_context_attribution,,avg_sentiment_score,dimension:column,mechanical,Low,,views/engagement_context_attribution.view.lkml,107,82b3ab594f0d8f518072f3e1cc4f4ce8ac1d576e
dimension,looker:analytics:field:engagement_context_attribution:company_name,engagement_context_attribution,,company_name,dimension:column,mechanical,Low,,views/engagement_context_attribution.view.lkml,30,82b3ab594f0d8f518072f3e1cc4f4ce8ac1d576e
dimension,looker:analytics:field:engagement_context_attribution:engagement_code,engagement_context_attribution,,engagement_code,dimension:column,mechanical,Low,,views/engagement_context_attribution.view.lkml,23,82b3ab594f0d8f518072f3e1cc4f4ce8ac1d576e
dimension,looker:analytics:field:engagement_context_attribution:engagement_context_pk,engagement_context_attribution,,engagement_context_pk,dimension:column,mechanical,Low,,views/engagement_context_attribution.view.lkml,14,82b3ab594f0d8f518072f3e1cc4f4ce8ac1d576e
dimension,looker:analytics:field:engagement_context_attribution:engagement_fk,engagement_context_attribution,,engagement_fk,dimension:column,mechanical,Low,,views/engagement_context_attribution.view.lkml,21,82b3ab594f0d8f518072f3e1cc4f4ce8ac1d576e
dimension,looker:analytics:field:engagement_context_attribution:engagement_name,engagement_context_attribution,,engagement_name,dimension:column,mechanical,Low,,views/engagement_context_attribution.view.lkml,44,82b3ab594f0d8f518072f3e1cc4f4ce8ac1d576e
dimension,looker:analytics:field:engagement_context_attribution:item_company_name,engagement_context_attribution,,item_company_name,dimension:column,mechanical,Low,,views/engagement_context_attribution.view.lkml,37,82b3ab594f0d8f518072f3e1cc4f4ce8ac1d576e
dimension,looker:analytics:field:engagement_context_attribution:item_source_name,engagement_context_attribution,,item_source_name,dimension:column,mechanical,Low,,views/engagement_context_attribution.view.lkml,72,82b3ab594f0d8f518072f3e1cc4f4ce8ac1d576e
dimension,looker:analytics:field:engagement_context_attribution:item_text,engagement_context_attribution,,item_text,dimension:column,mechanical,Low,,views/engagement_context_attribution.view.lkml,79,82b3ab594f0d8f518072f3e1cc4f4ce8ac1d576e
dimension,looker:analytics:field:engagement_context_attribution:item_title,engagement_context_attribution,,item_title,dimension:column,mechanical,Low,,views/engagement_context_attribution.view.lkml,66,82b3ab594f0d8f518072f3e1cc4f4ce8ac1d576e
dimension,looker:analytics:field:engagement_context_attribution:source_system,engagement_context_attribution,,source_system,dimension:column,mechanical,Low,,views/engagement_context_attribution.view.lkml,50,82b3ab594f0d8f518072f3e1cc4f4ce8ac1d576e
dimension,looker:analytics:field:engagement_details:background,engagement_details,,background,dimension:column,mechanical,Low,,views/engagement_details.view.lkml,6,82b3ab594f0d8f518072f3e1cc4f4ce8ac1d576e
dimension,looker:analytics:field:engagement_details:deal_id,engagement_details,,deal_id,dimension:column,mechanical,Low,,views/engagement_details.view.lkml,11,82b3ab594f0d8f518072f3e1cc4f4ce8ac1d576e
dimension,looker:analytics:field:engagement_details:deliverables,engagement_details,,deliverables,dimension:column,mechanical,Low,,views/engagement_details.view.lkml,16,82b3ab594f0d8f518072f3e1cc4f4ce8ac1d576e
dimension,looker:analytics:field:engagement_details:deliverables_json,engagement_details,,deliverables_json,dimension:column,mechanical,Low,,views/engagement_details.view.lkml,20,82b3ab594f0d8f518072f3e1cc4f4ce8ac1d576e
dimension,looker:analytics:field:engagement_details:objectives,engagement_details,,objectives,dimension:column,mechanical,Low,,views/engagement_details.view.lkml,25,82b3ab594f0d8f518072f3e1cc4f4ce8ac1d576e
dimension,looker:analytics:field:engagement_details:objectives_json,engagement_details,,objectives_json,dimension:column,mechanical,Low,,views/engagement_details.view.lkml,29,82b3ab594f0d8f518072f3e1cc4f4ce8ac1d576e
dimension,looker:analytics:field:engagement_details:requirements,engagement_details,,requirements,dimension:column,mechanical,Low,,views/engagement_details.view.lkml,34,82b3ab594f0d8f518072f3e1cc4f4ce8ac1d576e
dimension,looker:analytics:field:engagement_details:solution,engagement_details,,solution,dimension:column,mechanical,Low,,views/engagement_details.view.lkml,40,82b3ab594f0d8f518072f3e1cc4f4ce8ac1d576e
dimension,looker:analytics:field:engagement_details__deliverables:acceptance_criteria,engagement_details__deliverables,,acceptance_criteria,dimension:derived,mechanical,Low,,views/engagement_details.view.lkml,85,82b3ab594f0d8f518072f3e1cc4f4ce8ac1d576e
dimension,looker:analytics:field:engagement_details__deliverables:deliverable_details,engagement_details__deliverables,,deliverable_details,dimension:derived,mechanical,Low,,views/engagement_details.view.lkml,92,82b3ab594f0d8f518072f3e1cc4f4ce8ac1d576e
dimension,looker:analytics:field:engagement_details__deliverables:deliverable_format,engagement_details__deliverables,,deliverable_format,dimension:derived,mechanical,Low,,views/engagement_details.view.lkml,99,82b3ab594f0d8f518072f3e1cc4f4ce8ac1d576e
dimension,looker:analytics:field:engagement_details__deliverables:deliverable_number,engagement_details__deliverables,,deliverable_number,dimension:derived,mechanical,Low,,views/engagement_details.view.lkml,106,82b3ab594f0d8f518072f3e1cc4f4ce8ac1d576e
dimension,looker:analytics:field:engagement_details__deliverables:engagement_details__deliverables,engagement_details__deliverables,,engagement_details__deliverables,dimension:derived,mechanical,Low,,views/engagement_details.view.lkml,113,82b3ab594f0d8f518072f3e1cc4f4ce8ac1d576e
dimension,looker:analytics:field:engagement_details__objectives:engagement_details__objectives,engagement_details__objectives,,engagement_details__objectives,dimension:derived,mechanical,Low,,views/engagement_details.view.lkml,51,82b3ab594f0d8f518072f3e1cc4f4ce8ac1d576e
dimension,looker:analytics:field:engagement_details__objectives:expected_benefit,engagement_details__objectives,,expected_benefit,dimension:derived,mechanical,Low,,views/engagement_details.view.lkml,56,82b3ab594f0d8f518072f3e1cc4f4ce8ac1d576e
dimension,looker:analytics:field:engagement_details__objectives:objective_details,engagement_details__objectives,,objective_details,dimension:derived,mechanical,Low,,views/engagement_details.view.lkml,62,82b3ab594f0d8f518072f3e1cc4f4ce8ac1d576e
dimension,looker:analytics:field:engagement_details__objectives:objective_metric,engagement_details__objectives,,objective_metric,dimension:derived,mechanical,Low,,views/engagement_details.view.lkml,68,82b3ab594f0d8f518072f3e1cc4f4ce8ac1d576e
dimension,looker:analytics:field:engagement_details__objectives:objective_number,engagement_details__objectives,,objective_number,dimension:derived,mechanical,Low,,views/engagement_details.view.lkml,75,82b3ab594f0d8f518072f3e1cc4f4ce8ac1d576e
dimension,looker:analytics:field:engagement_health_fact:as_of_date,engagement_health_fact,,as_of_date,dimension:column,mechanical,Low,,views/engagement_health_fact.view.lkml,66,82b3ab594f0d8f518072f3e1cc4f4ce8ac1d576e
dimension,looker:analytics:field:engagement_health_fact:budget_exhausted_date,engagement_health_fact,,budget_exhausted_date,dimension:column,mechanical,Low,,views/engagement_health_fact.view.lkml,310,82b3ab594f0d8f518072f3e1cc4f4ce8ac1d576e
dimension,looker:analytics:field:engagement_health_fact:budget_hourly_rate_gbp,engagement_health_fact,,budget_hourly_rate_gbp,dimension:column,mechanical,Low,,views/engagement_health_fact.view.lkml,442,82b3ab594f0d8f518072f3e1cc4f4ce8ac1d576e
dimension,looker:analytics:field:engagement_health_fact:budget_hours,engagement_health_fact,,budget_hours,dimension:column,mechanical,Low,,views/engagement_health_fact.view.lkml,262,82b3ab594f0d8f518072f3e1cc4f4ce8ac1d576e
dimension,looker:analytics:field:engagement_health_fact:budget_hours_remaining,engagement_health_fact,,budget_hours_remaining,dimension:column,mechanical,Low,,views/engagement_health_fact.view.lkml,303,82b3ab594f0d8f518072f3e1cc4f4ce8ac1d576e
dimension,looker:analytics:field:engagement_health_fact:budget_rate_signal,engagement_health_fact,,budget_rate_signal,dimension:column,mechanical,Low,,views/engagement_health_fact.view.lkml,222,82b3ab594f0d8f518072f3e1cc4f4ce8ac1d576e
dimension,looker:analytics:field:engagement_health_fact:budget_used_pct,engagement_health_fact,,budget_used_pct,dimension:column,mechanical,Low,,views/engagement_health_fact.view.lkml,278,82b3ab594f0d8f518072f3e1cc4f4ce8ac1d576e
dimension,looker:analytics:field:engagement_health_fact:budget_used_signal,engagement_health_fact,,budget_used_signal,dimension:column,mechanical,Low,,views/engagement_health_fact.view.lkml,218,82b3ab594f0d8f518072f3e1cc4f4ce8ac1d576e
dimension,looker:analytics:field:engagement_health_fact:burn_variance_pts,engagement_health_fact,,burn_variance_pts,dimension:column,mechanical,Low,,views/engagement_health_fact.view.lkml,294,82b3ab594f0d8f518072f3e1cc4f4ce8ac1d576e
dimension,looker:analytics:field:engagement_health_fact:burn_variance_signal,engagement_health_fact,,burn_variance_signal,dimension:column,mechanical,Low,,views/engagement_health_fact.view.lkml,219,82b3ab594f0d8f518072f3e1cc4f4ce8ac1d576e
dimension,looker:analytics:field:engagement_health_fact:catch_up_ratio,engagement_health_fact,,catch_up_ratio,dimension:column,mechanical,Low,,views/engagement_health_fact.view.lkml,361,82b3ab594f0d8f518072f3e1cc4f4ce8ac1d576e
dimension,looker:analytics:field:engagement_health_fact:client_commentary,engagement_health_fact,,client_commentary,dimension:column,mechanical,Low,,views/engagement_health_fact.view.lkml,245,82b3ab594f0d8f518072f3e1cc4f4ce8ac1d576e
dimension,looker:analytics:field:engagement_health_fact:client_context_basis,engagement_health_fact,,client_context_basis,dimension:column,mechanical,Low,,views/engagement_health_fact.view.lkml,516,82b3ab594f0d8f518072f3e1cc4f4ce8ac1d576e
dimension,looker:analytics:field:engagement_health_fact:client_meetings_in_month,engagement_health_fact,,client_meetings_in_month,dimension:column,mechanical,Low,,views/engagement_health_fact.view.lkml,552,82b3ab594f0d8f518072f3e1cc4f4ce8ac1d576e
dimension,looker:analytics:field:engagement_health_fact:client_messages_in_month,engagement_health_fact,,client_messages_in_month,dimension:column,mechanical,Low,,views/engagement_health_fact.view.lkml,553,82b3ab594f0d8f518072f3e1cc4f4ce8ac1d576e
dimension,looker:analytics:field:engagement_health_fact:client_status,engagement_health_fact,,client_status,dimension:column,mechanical,Low,,views/engagement_health_fact.view.lkml,122,82b3ab594f0d8f518072f3e1cc4f4ce8ac1d576e
dimension,looker:analytics:field:engagement_health_fact:client_status_block,engagement_health_fact,,client_status_block,dimension:html,redesign,High,html (Liquid) withheld; the dimension itself is still emitted,views/engagement_health_fact.view.lkml,159,82b3ab594f0d8f518072f3e1cc4f4ce8ac1d576e
dimension,looker:analytics:field:engagement_health_fact:client_status_caption,engagement_health_fact,,client_status_caption,dimension:derived,mechanical,Low,,views/engagement_health_fact.view.lkml,200,82b3ab594f0d8f518072f3e1cc4f4ce8ac1d576e
dimension,looker:analytics:field:engagement_health_fact:commentary_parsed_ok,engagement_health_fact,,commentary_parsed_ok,dimension:column,mechanical,Low,,views/engagement_health_fact.view.lkml,252,82b3ab594f0d8f518072f3e1cc4f4ce8ac1d576e
dimension,looker:analytics:field:engagement_health_fact:commercial_commentary,engagement_health_fact,,commercial_commentary,dimension:column,mechanical,Low,,views/engagement_health_fact.view.lkml,238,82b3ab594f0d8f518072f3e1cc4f4ce8ac1d576e
dimension,looker:analytics:field:engagement_health_fact:commercial_status,engagement_health_fact,,commercial_status,dimension:column,mechanical,Low,,views/engagement_health_fact.view.lkml,115,82b3ab594f0d8f518072f3e1cc4f4ce8ac1d576e
dimension,looker:analytics:field:engagement_health_fact:commercial_status_block,engagement_health_fact,,commercial_status_block,dimension:html,redesign,High,html (Liquid) withheld; the dimension itself is still emitted,views/engagement_health_fact.view.lkml,149,82b3ab594f0d8f518072f3e1cc4f4ce8ac1d576e
dimension,looker:analytics:field:engagement_health_fact:commercial_status_caption,engagement_health_fact,,commercial_status_caption,dimension:derived,mechanical,Low,,views/engagement_health_fact.view.lkml,191,82b3ab594f0d8f518072f3e1cc4f4ce8ac1d576e
dimension,looker:analytics:field:engagement_health_fact:company_name,engagement_health_fact,,company_name,dimension:column,mechanical,Low,,views/engagement_health_fact.view.lkml,36,82b3ab594f0d8f518072f3e1cc4f4ce8ac1d576e
dimension,looker:analytics:field:engagement_health_fact:contact_gap_signal,engagement_health_fact,,contact_gap_signal,dimension:column,mechanical,Low,,views/engagement_health_fact.view.lkml,226,82b3ab594f0d8f518072f3e1cc4f4ce8ac1d576e
dimension,looker:analytics:field:engagement_health_fact:contact_meetings_in_month,engagement_health_fact,,contact_meetings_in_month,dimension:column,mechanical,Low,,views/engagement_health_fact.view.lkml,524,82b3ab594f0d8f518072f3e1cc4f4ce8ac1d576e
dimension,looker:analytics:field:engagement_health_fact:contact_sentiment_score,engagement_health_fact,,contact_sentiment_score,dimension:column,mechanical,Low,,views/engagement_health_fact.view.lkml,531,82b3ab594f0d8f518072f3e1cc4f4ce8ac1d576e
dimension,looker:analytics:field:engagement_health_fact:days_remaining,engagement_health_fact,,days_remaining,dimension:column,mechanical,Low,,views/engagement_health_fact.view.lkml,346,82b3ab594f0d8f518072f3e1cc4f4ce8ac1d576e
dimension,looker:analytics:field:engagement_health_fact:days_since_last_meeting,engagement_health_fact,,days_since_last_meeting,dimension:column,mechanical,Low,,views/engagement_health_fact.view.lkml,540,82b3ab594f0d8f518072f3e1cc4f4ce8ac1d576e
dimension,looker:analytics:field:engagement_health_fact:delivery_commentary,engagement_health_fact,,delivery_commentary,dimension:column,mechanical,Low,,views/engagement_health_fact.view.lkml,231,82b3ab594f0d8f518072f3e1cc4f4ce8ac1d576e
dimension,looker:analytics:field:engagement_health_fact:delivery_cost_in_month_gbp,engagement_health_fact,,delivery_cost_in_month_gbp,dimension:column,mechanical,Low,,views/engagement_health_fact.view.lkml,506,82b3ab594f0d8f518072f3e1cc4f4ce8ac1d576e
dimension,looker:analytics:field:engagement_health_fact:delivery_cost_to_date_gbp,engagement_health_fact,,delivery_cost_to_date_gbp,dimension:column,mechanical,Low,,views/engagement_health_fact.view.lkml,433,82b3ab594f0d8f518072f3e1cc4f4ce8ac1d576e
dimension,looker:analytics:field:engagement_health_fact:delivery_status,engagement_health_fact,,delivery_status,dimension:column,mechanical,Low,,views/engagement_health_fact.view.lkml,108,82b3ab594f0d8f518072f3e1cc4f4ce8ac1d576e
dimension,looker:analytics:field:engagement_health_fact:delivery_status_block,engagement_health_fact,,delivery_status_block,dimension:html,redesign,High,html (Liquid) withheld; the dimension itself is still emitted,views/engagement_health_fact.view.lkml,139,82b3ab594f0d8f518072f3e1cc4f4ce8ac1d576e
dimension,looker:analytics:field:engagement_health_fact:delivery_status_caption,engagement_health_fact,,delivery_status_caption,dimension:derived,mechanical,Low,,views/engagement_health_fact.view.lkml,181,82b3ab594f0d8f518072f3e1cc4f4ce8ac1d576e
dimension,looker:analytics:field:engagement_health_fact:docs_published_in_month,engagement_health_fact,,docs_published_in_month,dimension:column,mechanical,Low,,views/engagement_health_fact.view.lkml,547,82b3ab594f0d8f518072f3e1cc4f4ce8ac1d576e
dimension,looker:analytics:field:engagement_health_fact:earned_margin_pct,engagement_health_fact,,earned_margin_pct,dimension:column,mechanical,Low,,views/engagement_health_fact.view.lkml,460,82b3ab594f0d8f518072f3e1cc4f4ce8ac1d576e
dimension,looker:analytics:field:engagement_health_fact:elapsed_pct,engagement_health_fact,,elapsed_pct,dimension:column,mechanical,Low,,views/engagement_health_fact.view.lkml,286,82b3ab594f0d8f518072f3e1cc4f4ce8ac1d576e
dimension,looker:analytics:field:engagement_health_fact:engagement_code,engagement_health_fact,,engagement_code,dimension:column,mechanical,Low,,views/engagement_health_fact.view.lkml,27,82b3ab594f0d8f518072f3e1cc4f4ce8ac1d576e
dimension,looker:analytics:field:engagement_health_fact:engagement_description,engagement_health_fact,,engagement_description,dimension:column,mechanical,Low,,views/engagement_health_fact.view.lkml,50,82b3ab594f0d8f518072f3e1cc4f4ce8ac1d576e
dimension,looker:analytics:field:engagement_health_fact:engagement_end_date,engagement_health_fact,,engagement_end_date,dimension:column,mechanical,Low,,views/engagement_health_fact.view.lkml,83,82b3ab594f0d8f518072f3e1cc4f4ce8ac1d576e
dimension,looker:analytics:field:engagement_health_fact:engagement_fk,engagement_health_fact,,engagement_fk,dimension:column,mechanical,Low,,views/engagement_health_fact.view.lkml,21,82b3ab594f0d8f518072f3e1cc4f4ce8ac1d576e
dimension,looker:analytics:field:engagement_health_fact:engagement_health_pk,engagement_health_fact,,engagement_health_pk,dimension:column,mechanical,Low,,views/engagement_health_fact.view.lkml,14,82b3ab594f0d8f518072f3e1cc4f4ce8ac1d576e
dimension,looker:analytics:field:engagement_health_fact:engagement_name,engagement_health_fact,,engagement_name,dimension:column,mechanical,Low,,views/engagement_health_fact.view.lkml,43,82b3ab594f0d8f518072f3e1cc4f4ce8ac1d576e
dimension,looker:analytics:field:engagement_health_fact:engagement_start_date,engagement_health_fact,,engagement_start_date,dimension:column,mechanical,Low,,views/engagement_health_fact.view.lkml,75,82b3ab594f0d8f518072f3e1cc4f4ce8ac1d576e
dimension,looker:analytics:field:engagement_health_fact:expense_cost_to_date_gbp,engagement_health_fact,,expense_cost_to_date_gbp,dimension:column,mechanical,Low,,views/engagement_health_fact.view.lkml,425,82b3ab594f0d8f518072f3e1cc4f4ce8ac1d576e
dimension,looker:analytics:field:engagement_health_fact:fanout_meeting_count,engagement_health_fact,,fanout_meeting_count,dimension:column,mechanical,Low,,views/engagement_health_fact.view.lkml,550,82b3ab594f0d8f518072f3e1cc4f4ce8ac1d576e
dimension,looker:analytics:field:engagement_health_fact:fee_amount_gbp,engagement_health_fact,,fee_amount_gbp,dimension:column,mechanical,Low,,views/engagement_health_fact.view.lkml,400,82b3ab594f0d8f518072f3e1cc4f4ce8ac1d576e
dimension,looker:analytics:field:engagement_health_fact:fee_at_risk_signal,engagement_health_fact,,fee_at_risk_signal,dimension:column,mechanical,Low,,views/engagement_health_fact.view.lkml,380,82b3ab594f0d8f518072f3e1cc4f4ce8ac1d576e
dimension,looker:analytics:field:engagement_health_fact:hours_in_month,engagement_health_fact,,hours_in_month,dimension:column,mechanical,Low,,views/engagement_health_fact.view.lkml,491,82b3ab594f0d8f518072f3e1cc4f4ce8ac1d576e
dimension,looker:analytics:field:engagement_health_fact:hours_to_date,engagement_health_fact,,hours_to_date,dimension:column,mechanical,Low,,views/engagement_health_fact.view.lkml,270,82b3ab594f0d8f518072f3e1cc4f4ce8ac1d576e
dimension,looker:analytics:field:engagement_health_fact:is_current_month,engagement_health_fact,,is_current_month,dimension:derived,mechanical,Low,,views/engagement_health_fact.view.lkml,91,82b3ab594f0d8f518072f3e1cc4f4ce8ac1d576e
dimension,looker:analytics:field:engagement_health_fact:is_live_engagement,engagement_health_fact,,is_live_engagement,dimension:derived,mechanical,Low,,views/engagement_health_fact.view.lkml,98,82b3ab594f0d8f518072f3e1cc4f4ce8ac1d576e
dimension,looker:analytics:field:engagement_health_fact:labour_cost_to_date_gbp,engagement_health_fact,,labour_cost_to_date_gbp,dimension:column,mechanical,Low,,views/engagement_health_fact.view.lkml,417,82b3ab594f0d8f518072f3e1cc4f4ce8ac1d576e
dimension,looker:analytics:field:engagement_health_fact:margin_signal,engagement_health_fact,,margin_signal,dimension:column,mechanical,Low,,views/engagement_health_fact.view.lkml,224,82b3ab594f0d8f518072f3e1cc4f4ce8ac1d576e
dimension,looker:analytics:field:engagement_health_fact:max_days_overdue,engagement_health_fact,,max_days_overdue,dimension:column,mechanical,Low,,views/engagement_health_fact.view.lkml,470,82b3ab594f0d8f518072f3e1cc4f4ce8ac1d576e
dimension,looker:analytics:field:engagement_health_fact:max_sprint_days_late,engagement_health_fact,,max_sprint_days_late,dimension:column,mechanical,Low,,views/engagement_health_fact.view.lkml,396,82b3ab594f0d8f518072f3e1cc4f4ce8ac1d576e
dimension,looker:analytics:field:engagement_health_fact:messages_in_month,engagement_health_fact,,messages_in_month,dimension:column,mechanical,Low,,views/engagement_health_fact.view.lkml,549,82b3ab594f0d8f518072f3e1cc4f4ce8ac1d576e
dimension,looker:analytics:field:engagement_health_fact:open_invoice_amount_gbp,engagement_health_fact,,open_invoice_amount_gbp,dimension:column,mechanical,Low,,views/engagement_health_fact.view.lkml,480,82b3ab594f0d8f518072f3e1cc4f4ce8ac1d576e
dimension,looker:analytics:field:engagement_health_fact:overall_status,engagement_health_fact,,overall_status,dimension:column,mechanical,Low,,views/engagement_health_fact.view.lkml,129,82b3ab594f0d8f518072f3e1cc4f4ce8ac1d576e
dimension,looker:analytics:field:engagement_health_fact:overall_status_block,engagement_health_fact,,overall_status_block,dimension:html,redesign,High,html (Liquid) withheld; the dimension itself is still emitted,views/engagement_health_fact.view.lkml,169,82b3ab594f0d8f518072f3e1cc4f4ce8ac1d576e
dimension,looker:analytics:field:engagement_health_fact:overall_status_sort_order,engagement_health_fact,,overall_status_sort_order,dimension:derived,mechanical,Low,,views/engagement_health_fact.view.lkml,211,82b3ab594f0d8f518072f3e1cc4f4ce8ac1d576e
dimension,looker:analytics:field:engagement_health_fact:overdue_amount_gbp,engagement_health_fact,,overdue_amount_gbp,dimension:column,mechanical,Low,,views/engagement_health_fact.view.lkml,472,82b3ab594f0d8f518072f3e1cc4f4ce8ac1d576e
dimension,looker:analytics:field:engagement_health_fact:overdue_invoice_count,engagement_health_fact,,overdue_invoice_count,dimension:column,mechanical,Low,,views/engagement_health_fact.view.lkml,469,82b3ab594f0d8f518072f3e1cc4f4ce8ac1d576e
dimension,looker:analytics:field:engagement_health_fact:overdue_signal,engagement_health_fact,,overdue_signal,dimension:column,mechanical,Low,,views/engagement_health_fact.view.lkml,225,82b3ab594f0d8f518072f3e1cc4f4ce8ac1d576e
dimension,looker:analytics:field:engagement_health_fact:projected_delivery_pct,engagement_health_fact,,projected_delivery_pct,dimension:column,mechanical,Low,,views/engagement_health_fact.view.lkml,370,82b3ab594f0d8f518072f3e1cc4f4ce8ac1d576e
dimension,looker:analytics:field:engagement_health_fact:projected_delivery_signal,engagement_health_fact,,projected_delivery_signal,dimension:column,mechanical,Low,,views/engagement_health_fact.view.lkml,379,82b3ab594f0d8f518072f3e1cc4f4ce8ac1d576e
dimension,looker:analytics:field:engagement_health_fact:projected_total_hours,engagement_health_fact,,projected_total_hours,dimension:column,mechanical,Low,,views/engagement_health_fact.view.lkml,353,82b3ab594f0d8f518072f3e1cc4f4ce8ac1d576e
dimension,looker:analytics:field:engagement_health_fact:realised_hourly_rate_gbp,engagement_health_fact,,realised_hourly_rate_gbp,dimension:column,mechanical,Low,,views/engagement_health_fact.view.lkml,451,82b3ab594f0d8f518072f3e1cc4f4ce8ac1d576e
dimension,looker:analytics:field:engagement_health_fact:realised_rate_signal,engagement_health_fact,,realised_rate_signal,dimension:column,mechanical,Low,,views/engagement_health_fact.view.lkml,223,82b3ab594f0d8f518072f3e1cc4f4ce8ac1d576e
dimension,looker:analytics:field:engagement_health_fact:revenue_in_month_gbp,engagement_health_fact,,revenue_in_month_gbp,dimension:column,mechanical,Low,,views/engagement_health_fact.view.lkml,498,82b3ab594f0d8f518072f3e1cc4f4ce8ac1d576e
dimension,looker:analytics:field:engagement_health_fact:revenue_to_date_gbp,engagement_health_fact,,revenue_to_date_gbp,dimension:column,mechanical,Low,,views/engagement_health_fact.view.lkml,409,82b3ab594f0d8f518072f3e1cc4f4ce8ac1d576e
dimension,looker:analytics:field:engagement_health_fact:runway_weeks,engagement_health_fact,,runway_weeks,dimension:column,mechanical,Low,,views/engagement_health_fact.view.lkml,329,82b3ab594f0d8f518072f3e1cc4f4ce8ac1d576e
dimension,looker:analytics:field:engagement_health_fact:sentiment_signal,engagement_health_fact,,sentiment_signal,dimension:column,mechanical,Low,,views/engagement_health_fact.view.lkml,227,82b3ab594f0d8f518072f3e1cc4f4ce8ac1d576e
dimension,looker:analytics:field:engagement_health_fact:sprint_budget_signal,engagement_health_fact,,sprint_budget_signal,dimension:column,mechanical,Low,,views/engagement_health_fact.view.lkml,220,82b3ab594f0d8f518072f3e1cc4f4ce8ac1d576e
dimension,looker:analytics:field:engagement_health_fact:sprint_start_signal,engagement_health_fact,,sprint_start_signal,dimension:column,mechanical,Low,,views/engagement_health_fact.view.lkml,221,82b3ab594f0d8f518072f3e1cc4f4ce8ac1d576e
dimension,looker:analytics:field:engagement_health_fact:sprints_in_flight,engagement_health_fact,,sprints_in_flight,dimension:column,mechanical,Low,,views/engagement_health_fact.view.lkml,393,82b3ab594f0d8f518072f3e1cc4f4ce8ac1d576e
dimension,looker:analytics:field:engagement_health_fact:sprints_late_start,engagement_health_fact,,sprints_late_start,dimension:column,mechanical,Low,,views/engagement_health_fact.view.lkml,395,82b3ab594f0d8f518072f3e1cc4f4ce8ac1d576e
dimension,looker:analytics:field:engagement_health_fact:sprints_over_budget,engagement_health_fact,,sprints_over_budget,dimension:column,mechanical,Low,,views/engagement_health_fact.view.lkml,394,82b3ab594f0d8f518072f3e1cc4f4ce8ac1d576e
dimension,looker:analytics:field:engagement_health_fact:sprints_over_budget_pct,engagement_health_fact,,sprints_over_budget_pct,dimension:column,mechanical,Low,,views/engagement_health_fact.view.lkml,385,82b3ab594f0d8f518072f3e1cc4f4ce8ac1d576e
dimension,looker:analytics:field:engagement_health_fact:sprints_total,engagement_health_fact,,sprints_total,dimension:column,mechanical,Low,,views/engagement_health_fact.view.lkml,382,82b3ab594f0d8f518072f3e1cc4f4ce8ac1d576e
dimension,looker:analytics:field:engagement_health_fact:sprints_with_budget,engagement_health_fact,,sprints_with_budget,dimension:column,mechanical,Low,,views/engagement_health_fact.view.lkml,383,82b3ab594f0d8f518072f3e1cc4f4ce8ac1d576e
dimension,looker:analytics:field:engagement_health_fact:tasks_active_in_month,engagement_health_fact,,tasks_active_in_month,dimension:column,mechanical,Low,,views/engagement_health_fact.view.lkml,548,82b3ab594f0d8f518072f3e1cc4f4ce8ac1d576e
dimension,looker:analytics:field:engagement_health_fact:weekly_pace_hours,engagement_health_fact,,weekly_pace_hours,dimension:column,mechanical,Low,,views/engagement_health_fact.view.lkml,320,82b3ab594f0d8f518072f3e1cc4f4ce8ac1d576e
dimension,looker:analytics:field:engagement_health_fact:weeks_remaining,engagement_health_fact,,weeks_remaining,dimension:column,mechanical,Low,,views/engagement_health_fact.view.lkml,338,82b3ab594f0d8f518072f3e1cc4f4ce8ac1d576e
dimension,looker:analytics:field:engagement_renewal_analysis:churn_quarter_label,engagement_renewal_analysis,,churn_quarter_label,dimension:column,mechanical,Low,,views/engagement_renewal_analysis.view.lkml,342,82b3ab594f0d8f518072f3e1cc4f4ce8ac1d576e
dimension,looker:analytics:field:engagement_renewal_analysis:company_name,engagement_renewal_analysis,,company_name,dimension,assisted,Medium,link: confirm Omni links syntax and Mustache tokens,views/engagement_renewal_analysis.view.lkml,177,82b3ab594f0d8f518072f3e1cc4f4ce8ac1d576e
dimension,looker:analytics:field:engagement_renewal_analysis:company_pk,engagement_renewal_analysis,,company_pk,dimension:column,mechanical,Low,,views/engagement_renewal_analysis.view.lkml,171,82b3ab594f0d8f518072f3e1cc4f4ce8ac1d576e
dimension,looker:analytics:field:engagement_renewal_analysis:days_from_previous_engagement,engagement_renewal_analysis,,days_from_previous_engagement,dimension:column,mechanical,Low,,views/engagement_renewal_analysis.view.lkml,246,82b3ab594f0d8f518072f3e1cc4f4ce8ac1d576e
dimension,looker:analytics:field:engagement_renewal_analysis:days_since_engagement_ended,engagement_renewal_analysis,,days_since_engagement_ended,dimension:column,mechanical,Low,,views/engagement_renewal_analysis.view.lkml,252,82b3ab594f0d8f518072f3e1cc4f4ce8ac1d576e
dimension,looker:analytics:field:engagement_renewal_analysis:days_to_next_engagement,engagement_renewal_analysis,,days_to_next_engagement,dimension:column,mechanical,Low,,views/engagement_renewal_analysis.view.lkml,240,82b3ab594f0d8f518072f3e1cc4f4ce8ac1d576e
dimension,looker:analytics:field:engagement_renewal_analysis:end_quarter_label,engagement_renewal_analysis,,end_quarter_label,dimension:column,mechanical,Low,,views/engagement_renewal_analysis.view.lkml,327,82b3ab594f0d8f518072f3e1cc4f4ce8ac1d576e
dimension,looker:analytics:field:engagement_renewal_analysis:engagement_deal_amount_gbp,engagement_renewal_analysis,,engagement_deal_amount_gbp,dimension:column,mechanical,Low,,views/engagement_renewal_analysis.view.lkml,192,82b3ab594f0d8f518072f3e1cc4f4ce8ac1d576e
dimension,looker:analytics:field:engagement_renewal_analysis:engagement_name,engagement_renewal_analysis,,engagement_name,dimension:column,mechanical,Low,,views/engagement_renewal_analysis.view.lkml,186,82b3ab594f0d8f518072f3e1cc4f4ce8ac1d576e
dimension,looker:analytics:field:engagement_renewal_analysis:engagement_outcome,engagement_renewal_analysis,,engagement_outcome,dimension:derived,mechanical,Low,,views/engagement_renewal_analysis.view.lkml,317,82b3ab594f0d8f518072f3e1cc4f4ce8ac1d576e
dimension,looker:analytics:field:engagement_renewal_analysis:engagement_pk,engagement_renewal_analysis,,engagement_pk,dimension:column,mechanical,Low,,views/engagement_renewal_analysis.view.lkml,163,82b3ab594f0d8f518072f3e1cc4f4ce8ac1d576e
dimension,looker:analytics:field:engagement_renewal_analysis:engagement_status,engagement_renewal_analysis,,engagement_status,dimension:derived,mechanical,Low,,views/engagement_renewal_analysis.view.lkml,260,82b3ab594f0d8f518072f3e1cc4f4ce8ac1d576e
dimension,looker:analytics:field:engagement_renewal_analysis:is_churned,engagement_renewal_analysis,,is_churned,dimension:column,mechanical,Low,,views/engagement_renewal_analysis.view.lkml,305,82b3ab594f0d8f518072f3e1cc4f4ce8ac1d576e
dimension,looker:analytics:field:engagement_renewal_analysis:is_reactivation,engagement_renewal_analysis,,is_reactivation,dimension:column,mechanical,Low,,views/engagement_renewal_analysis.view.lkml,311,82b3ab594f0d8f518072f3e1cc4f4ce8ac1d576e
dimension,looker:analytics:field:engagement_renewal_analysis:is_renewed,engagement_renewal_analysis,,is_renewed,dimension:column,mechanical,Low,,views/engagement_renewal_analysis.view.lkml,299,82b3ab594f0d8f518072f3e1cc4f4ce8ac1d576e
dimension,looker:analytics:field:engagement_renewal_analysis:next_engagement_deal_amount_gbp,engagement_renewal_analysis,,next_engagement_deal_amount_gbp,dimension:column,mechanical,Low,,views/engagement_renewal_analysis.view.lkml,200,82b3ab594f0d8f518072f3e1cc4f4ce8ac1d576e
dimension,looker:analytics:field:engagement_renewal_analysis:reactivation_quarter_label,engagement_renewal_analysis,,reactivation_quarter_label,dimension:column,mechanical,Low,,views/engagement_renewal_analysis.view.lkml,349,82b3ab594f0d8f518072f3e1cc4f4ce8ac1d576e
dimension,looker:analytics:field:engagement_renewal_analysis:renewal_quarter_label,engagement_renewal_analysis,,renewal_quarter_label,dimension:column,mechanical,Low,,views/engagement_renewal_analysis.view.lkml,335,82b3ab594f0d8f518072f3e1cc4f4ce8ac1d576e
dimension,looker:analytics:field:engagement_renewal_analysis:renewal_window_category,engagement_renewal_analysis,,renewal_window_category,dimension:derived,mechanical,Low,,views/engagement_renewal_analysis.view.lkml,272,82b3ab594f0d8f518072f3e1cc4f4ce8ac1d576e
dimension,looker:analytics:field:engagement_renewal_analysis:renewal_window_category_sort,engagement_renewal_analysis,,renewal_window_category_sort,dimension:derived,mechanical,Low,,views/engagement_renewal_analysis.view.lkml,285,82b3ab594f0d8f518072f3e1cc4f4ce8ac1d576e
dimension,looker:analytics:field:engagement_sprint_burn_fact:company_name,engagement_sprint_burn_fact,,company_name,dimension:column,mechanical,Low,,views/engagement_sprint_burn_fact.view.lkml,28,82b3ab594f0d8f518072f3e1cc4f4ce8ac1d576e
dimension,looker:analytics:field:engagement_sprint_burn_fact:engagement_code,engagement_sprint_burn_fact,,engagement_code,dimension:column,mechanical,Low,,views/engagement_sprint_burn_fact.view.lkml,22,82b3ab594f0d8f518072f3e1cc4f4ce8ac1d576e
dimension,looker:analytics:field:engagement_sprint_burn_fact:engagement_fk,engagement_sprint_burn_fact,,engagement_fk,dimension:column,mechanical,Low,,views/engagement_sprint_burn_fact.view.lkml,19,82b3ab594f0d8f518072f3e1cc4f4ce8ac1d576e
dimension,looker:analytics:field:engagement_sprint_burn_fact:engagement_name,engagement_sprint_burn_fact,,engagement_name,dimension:column,mechanical,Low,,views/engagement_sprint_burn_fact.view.lkml,34,82b3ab594f0d8f518072f3e1cc4f4ce8ac1d576e
dimension,looker:analytics:field:engagement_sprint_burn_fact:engagement_sprint_burn_pk,engagement_sprint_burn_fact,,engagement_sprint_burn_pk,dimension:column,mechanical,Low,,views/engagement_sprint_burn_fact.view.lkml,12,82b3ab594f0d8f518072f3e1cc4f4ce8ac1d576e
dimension,looker:analytics:field:engagement_sprint_burn_fact:last_hours_booked_date,engagement_sprint_burn_fact,,last_hours_booked_date,dimension:column,mechanical,Low,,views/engagement_sprint_burn_fact.view.lkml,104,82b3ab594f0d8f518072f3e1cc4f4ce8ac1d576e
dimension,looker:analytics:field:engagement_sprint_burn_fact:sprint_days_late_start,engagement_sprint_burn_fact,,sprint_days_late_start,dimension:column,mechanical,Low,,views/engagement_sprint_burn_fact.view.lkml,112,82b3ab594f0d8f518072f3e1cc4f4ce8ac1d576e
dimension,looker:analytics:field:engagement_sprint_burn_fact:sprint_end_date,engagement_sprint_burn_fact,,sprint_end_date,dimension:column,mechanical,Low,,views/engagement_sprint_burn_fact.view.lkml,64,82b3ab594f0d8f518072f3e1cc4f4ce8ac1d576e
dimension,looker:analytics:field:engagement_sprint_burn_fact:sprint_fk,engagement_sprint_burn_fact,,sprint_fk,dimension:column,mechanical,Low,,views/engagement_sprint_burn_fact.view.lkml,20,82b3ab594f0d8f518072f3e1cc4f4ce8ac1d576e
dimension,looker:analytics:field:engagement_sprint_burn_fact:sprint_is_closed,engagement_sprint_burn_fact,,sprint_is_closed,dimension:column,mechanical,Low,,views/engagement_sprint_burn_fact.view.lkml,101,82b3ab594f0d8f518072f3e1cc4f4ce8ac1d576e
dimension,looker:analytics:field:engagement_sprint_burn_fact:sprint_is_over_budget,engagement_sprint_burn_fact,,sprint_is_over_budget,dimension:column,mechanical,Low,,views/engagement_sprint_burn_fact.view.lkml,102,82b3ab594f0d8f518072f3e1cc4f4ce8ac1d576e
dimension,looker:analytics:field:engagement_sprint_burn_fact:sprint_name,engagement_sprint_burn_fact,,sprint_name,dimension:column,mechanical,Low,,views/engagement_sprint_burn_fact.view.lkml,49,82b3ab594f0d8f518072f3e1cc4f4ce8ac1d576e
dimension,looker:analytics:field:engagement_sprint_burn_fact:sprint_start_date,engagement_sprint_burn_fact,,sprint_start_date,dimension:column,mechanical,Low,,views/engagement_sprint_burn_fact.view.lkml,56,82b3ab594f0d8f518072f3e1cc4f4ce8ac1d576e
dimension,looker:analytics:field:engagement_sprint_burn_fact:sprint_state,engagement_sprint_burn_fact,,sprint_state,dimension:column,mechanical,Low,,views/engagement_sprint_burn_fact.view.lkml,80,82b3ab594f0d8f518072f3e1cc4f4ce8ac1d576e
dimension,looker:analytics:field:engagement_sprint_burn_fact:sprint_state_sort_order,engagement_sprint_burn_fact,,sprint_state_sort_order,dimension:derived,mechanical,Low,,views/engagement_sprint_burn_fact.view.lkml,87,82b3ab594f0d8f518072f3e1cc4f4ce8ac1d576e
dimension,looker:analytics:field:engagement_sprint_burn_fact:sprint_window,engagement_sprint_burn_fact,,sprint_window,dimension:derived,mechanical,Low,,views/engagement_sprint_burn_fact.view.lkml,72,82b3ab594f0d8f518072f3e1cc4f4ce8ac1d576e
dimension,looker:analytics:field:engagements:company_fk,engagements,,company_fk,dimension:column,mechanical,Low,,views/engagements.view.lkml,29,82b3ab594f0d8f518072f3e1cc4f4ce8ac1d576e
dimension,looker:analytics:field:engagements:deal_amount,engagements,,deal_amount,dimension:column,mechanical,Low,,views/engagements.view.lkml,124,82b3ab594f0d8f518072f3e1cc4f4ce8ac1d576e
dimension,looker:analytics:field:engagements:deal_created_days_to_engagement_start,engagements,,deal_created_days_to_engagement_start,dimension:derived,mechanical,Low,,views/engagements.view.lkml,85,82b3ab594f0d8f518072f3e1cc4f4ce8ac1d576e
dimension,looker:analytics:field:engagements:deal_days_to_close,engagements,,deal_days_to_close,dimension:column,mechanical,Low,,views/engagements.view.lkml,183,82b3ab594f0d8f518072f3e1cc4f4ce8ac1d576e
dimension,looker:analytics:field:engagements:deal_description,engagements,,deal_description,dimension:column,mechanical,Low,,views/engagements.view.lkml,152,82b3ab594f0d8f518072f3e1cc4f4ce8ac1d576e
dimension,looker:analytics:field:engagements:deal_hourly_rate,engagements,,deal_hourly_rate,dimension:column,mechanical,Low,,views/engagements.view.lkml,133,82b3ab594f0d8f518072f3e1cc4f4ce8ac1d576e
dimension,looker:analytics:field:engagements:deal_id,engagements,,deal_id,dimension:column,mechanical,Low,,views/engagements.view.lkml,117,82b3ab594f0d8f518072f3e1cc4f4ce8ac1d576e
dimension,looker:analytics:field:engagements:deal_name,engagements,,deal_name,dimension:column,mechanical,Low,,views/engagements.view.lkml,167,82b3ab594f0d8f518072f3e1cc4f4ce8ac1d576e
dimension,looker:analytics:field:engagements:deal_partner_referral,engagements,,deal_partner_referral,dimension:column,mechanical,Low,,views/engagements.view.lkml,265,82b3ab594f0d8f518072f3e1cc4f4ce8ac1d576e
dimension,looker:analytics:field:engagements:deal_source,engagements,,deal_source,dimension:column,mechanical,Low,,views/engagements.view.lkml,257,82b3ab594f0d8f518072f3e1cc4f4ce8ac1d576e
dimension,looker:analytics:field:engagements:deal_type,engagements,,deal_type,dimension:column,mechanical,Low,,views/engagements.view.lkml,175,82b3ab594f0d8f518072f3e1cc4f4ce8ac1d576e
dimension,looker:analytics:field:engagements:engagement_code,engagements,,engagement_code,dimension:column,mechanical,Low,,views/engagements.view.lkml,22,82b3ab594f0d8f518072f3e1cc4f4ce8ac1d576e
dimension,looker:analytics:field:engagements:project_engagement_pk,engagements,,project_engagement_pk,dimension:column,mechanical,Low,,views/engagements.view.lkml,15,82b3ab594f0d8f518072f3e1cc4f4ce8ac1d576e
dimension,looker:analytics:field:engagements:projects,engagements,,projects,dimension:column,mechanical,Low,,views/engagements.view.lkml,273,82b3ab594f0d8f518072f3e1cc4f4ce8ac1d576e
dimension,looker:analytics:field:engagements:sow_agreed_days_to_engagement_start,engagements,,sow_agreed_days_to_engagement_start,dimension:derived,mechanical,Low,,views/engagements.view.lkml,62,82b3ab594f0d8f518072f3e1cc4f4ce8ac1d576e
dimension,looker:analytics:field:engagements:sow_drafted_days_to_engagement_start,engagements,,sow_drafted_days_to_engagement_start,dimension:derived,mechanical,Low,,views/engagements.view.lkml,45,82b3ab594f0d8f518072f3e1cc4f4ce8ac1d576e
dimension,looker:analytics:field:engagements:sow_signed_days_to_engagement_start,engagements,,sow_signed_days_to_engagement_start,dimension:derived,mechanical,Low,,views/engagements.view.lkml,79,82b3ab594f0d8f518072f3e1cc4f4ce8ac1d576e
dimension,looker:analytics:field:exchange_rates:currency_code,exchange_rates,,currency_code,dimension:column,mechanical,Low,,views/exchange_rates.view.lkml,14,82b3ab594f0d8f518072f3e1cc4f4ce8ac1d576e
dimension,looker:analytics:field:exchange_rates:currency_rate,exchange_rates,,currency_rate,dimension:column,mechanical,Low,,views/exchange_rates.view.lkml,21,82b3ab594f0d8f518072f3e1cc4f4ce8ac1d576e
dimension,looker:analytics:field:fathom_meeting_actions:action_item_contact_email,fathom_meeting_actions,,action_item_contact_email,dimension:column,mechanical,Low,,views/fathom_meeting_actions.view.lkml,48,82b3ab594f0d8f518072f3e1cc4f4ce8ac1d576e
dimension,looker:analytics:field:fathom_meeting_actions:action_item_contact_name,fathom_meeting_actions,,action_item_contact_name,dimension:column,mechanical,Low,,views/fathom_meeting_actions.view.lkml,43,82b3ab594f0d8f518072f3e1cc4f4ce8ac1d576e
dimension,looker:analytics:field:fathom_meeting_actions:action_item_description,fathom_meeting_actions,,action_item_description,dimension:column,mechanical,Low,,views/fathom_meeting_actions.view.lkml,26,82b3ab594f0d8f518072f3e1cc4f4ce8ac1d576e
dimension,looker:analytics:field:fathom_meeting_actions:is_ai_generated,fathom_meeting_actions,,is_ai_generated,dimension:column,mechanical,Low,,views/fathom_meeting_actions.view.lkml,31,82b3ab594f0d8f518072f3e1cc4f4ce8ac1d576e
dimension,looker:analytics:field:fathom_meeting_actions:is_completed,fathom_meeting_actions,,is_completed,dimension:column,mechanical,Low,,views/fathom_meeting_actions.view.lkml,36,82b3ab594f0d8f518072f3e1cc4f4ce8ac1d576e
dimension,looker:analytics:field:fathom_meeting_actions:pk,fathom_meeting_actions,,pk,dimension:derived,mechanical,Low,,views/fathom_meeting_actions.view.lkml,17,82b3ab594f0d8f518072f3e1cc4f4ce8ac1d576e
dimension,looker:analytics:field:fathom_meeting_actions:recording_url,fathom_meeting_actions,,recording_url,dimension:column,mechanical,Low,,views/fathom_meeting_actions.view.lkml,12,82b3ab594f0d8f518072f3e1cc4f4ce8ac1d576e
dimension,looker:analytics:field:fathom_meetings:fathom_user_email,fathom_meetings,,fathom_user_email,dimension:column,mechanical,Low,,views/fathom_meetings.view.lkml,93,82b3ab594f0d8f518072f3e1cc4f4ce8ac1d576e
dimension,looker:analytics:field:fathom_meetings:fathom_user_name,fathom_meetings,,fathom_user_name,dimension:column,mechanical,Low,,views/fathom_meetings.view.lkml,87,82b3ab594f0d8f518072f3e1cc4f4ce8ac1d576e
dimension,looker:analytics:field:fathom_meetings:fathom_user_team,fathom_meetings,,fathom_user_team,dimension:column,mechanical,Low,,views/fathom_meetings.view.lkml,99,82b3ab594f0d8f518072f3e1cc4f4ce8ac1d576e
dimension,looker:analytics:field:fathom_meetings:meeting_controls_review,fathom_meetings,,meeting_controls_review,dimension:column,mechanical,Low,,views/fathom_meetings.view.lkml,126,82b3ab594f0d8f518072f3e1cc4f4ce8ac1d576e
dimension,looker:analytics:field:fathom_meetings:meeting_critique,fathom_meetings,,meeting_critique,dimension:column,mechanical,Low,,views/fathom_meetings.view.lkml,136,82b3ab594f0d8f518072f3e1cc4f4ce8ac1d576e
dimension,looker:analytics:field:fathom_meetings:meeting_external_domain_names,fathom_meetings,,meeting_external_domain_names,dimension:column,mechanical,Low,,views/fathom_meetings.view.lkml,67,82b3ab594f0d8f518072f3e1cc4f4ce8ac1d576e
dimension,looker:analytics:field:fathom_meetings:meeting_has_external_invitees,fathom_meetings,,meeting_has_external_invitees,dimension:column,mechanical,Low,,views/fathom_meetings.view.lkml,62,82b3ab594f0d8f518072f3e1cc4f4ce8ac1d576e
dimension,looker:analytics:field:fathom_meetings:meeting_invitee_emails,fathom_meetings,,meeting_invitee_emails,dimension:column,mechanical,Low,,views/fathom_meetings.view.lkml,77,82b3ab594f0d8f518072f3e1cc4f4ce8ac1d576e
dimension,looker:analytics:field:fathom_meetings:meeting_invitee_is_external,fathom_meetings,,meeting_invitee_is_external,dimension:column,mechanical,Low,,views/fathom_meetings.view.lkml,82,82b3ab594f0d8f518072f3e1cc4f4ce8ac1d576e
dimension,looker:analytics:field:fathom_meetings:meeting_invitee_names,fathom_meetings,,meeting_invitee_names,dimension:column,mechanical,Low,,views/fathom_meetings.view.lkml,72,82b3ab594f0d8f518072f3e1cc4f4ce8ac1d576e
dimension,looker:analytics:field:fathom_meetings:meeting_is_hate_harrassment_flagged,fathom_meetings,,meeting_is_hate_harrassment_flagged,dimension:column,mechanical,Low,,views/fathom_meetings.view.lkml,147,82b3ab594f0d8f518072f3e1cc4f4ce8ac1d576e
dimension,looker:analytics:field:fathom_meetings:meeting_is_moderation_flagged,fathom_meetings,,meeting_is_moderation_flagged,dimension:column,mechanical,Low,,views/fathom_meetings.view.lkml,141,82b3ab594f0d8f518072f3e1cc4f4ce8ac1d576e
dimension,looker:analytics:field:fathom_meetings:meeting_is_sexual_flagged,fathom_meetings,,meeting_is_sexual_flagged,dimension:column,mechanical,Low,,views/fathom_meetings.view.lkml,154,82b3ab594f0d8f518072f3e1cc4f4ce8ac1d576e
dimension,looker:analytics:field:fathom_meetings:meeting_sales_revenue_opportunities,fathom_meetings,,meeting_sales_revenue_opportunities,dimension:column,mechanical,Low,,views/fathom_meetings.view.lkml,131,82b3ab594f0d8f518072f3e1cc4f4ce8ac1d576e
dimension,looker:analytics:field:fathom_meetings:meeting_scheduled_duration_in_minutes,fathom_meetings,,meeting_scheduled_duration_in_minutes,dimension:column,mechanical,Low,,views/fathom_meetings.view.lkml,49,82b3ab594f0d8f518072f3e1cc4f4ce8ac1d576e
dimension,looker:analytics:field:fathom_meetings:meeting_sentiment,fathom_meetings,,meeting_sentiment,dimension:column,mechanical,Low,,views/fathom_meetings.view.lkml,111,82b3ab594f0d8f518072f3e1cc4f4ce8ac1d576e
dimension,looker:analytics:field:fathom_meetings:meeting_sentiment_details,fathom_meetings,,meeting_sentiment_details,dimension:column,mechanical,Low,,views/fathom_meetings.view.lkml,161,82b3ab594f0d8f518072f3e1cc4f4ce8ac1d576e
dimension,looker:analytics:field:fathom_meetings:meeting_summary,fathom_meetings,,meeting_summary,dimension:column,mechanical,Low,,views/fathom_meetings.view.lkml,116,82b3ab594f0d8f518072f3e1cc4f4ce8ac1d576e
dimension,looker:analytics:field:fathom_meetings:meeting_title,fathom_meetings,,meeting_title,dimension:column,mechanical,Low,,views/fathom_meetings.view.lkml,57,82b3ab594f0d8f518072f3e1cc4f4ce8ac1d576e
dimension,looker:analytics:field:fathom_meetings:meeting_transcript,fathom_meetings,,meeting_transcript,dimension:column,mechanical,Low,,views/fathom_meetings.view.lkml,105,82b3ab594f0d8f518072f3e1cc4f4ce8ac1d576e
dimension,looker:analytics:field:fathom_meetings:meeting_type,fathom_meetings,,meeting_type,dimension:column,mechanical,Low,,views/fathom_meetings.view.lkml,121,82b3ab594f0d8f518072f3e1cc4f4ce8ac1d576e
dimension,looker:analytics:field:fathom_meetings:needs_parsing,fathom_meetings,,needs_parsing,dimension:column,mechanical,Low,,views/fathom_meetings.view.lkml,166,82b3ab594f0d8f518072f3e1cc4f4ce8ac1d576e
dimension,looker:analytics:field:fathom_meetings:pk,fathom_meetings,,pk,dimension:derived,mechanical,Low,,views/fathom_meetings.view.lkml,17,82b3ab594f0d8f518072f3e1cc4f4ce8ac1d576e
dimension,looker:analytics:field:fathom_meetings:recording_duration_in_minutes,fathom_meetings,,recording_duration_in_minutes,dimension:column,mechanical,Low,,views/fathom_meetings.view.lkml,30,82b3ab594f0d8f518072f3e1cc4f4ce8ac1d576e
dimension,looker:analytics:field:fathom_meetings:recording_share_url,fathom_meetings,,recording_share_url,dimension:column,mechanical,Low,,views/fathom_meetings.view.lkml,24,82b3ab594f0d8f518072f3e1cc4f4ce8ac1d576e
dimension,looker:analytics:field:fathom_meetings:recording_url,fathom_meetings,,recording_url,dimension:column,mechanical,Low,,views/fathom_meetings.view.lkml,11,82b3ab594f0d8f518072f3e1cc4f4ce8ac1d576e
dimension,looker:analytics:field:fct_boost_transactions:acquisition_channel,fct_boost_transactions,,acquisition_channel,dimension:column,mechanical,Low,,views/booksy_demo.view.lkml,37,82b3ab594f0d8f518072f3e1cc4f4ce8ac1d576e
dimension,looker:analytics:field:fct_boost_transactions:boost_revenue_usd,fct_boost_transactions,,boost_revenue_usd,dimension:column,mechanical,Low,,views/booksy_demo.view.lkml,47,82b3ab594f0d8f518072f3e1cc4f4ce8ac1d576e
dimension,looker:analytics:field:fct_boost_transactions:business_category,fct_boost_transactions,,business_category,dimension:column,mechanical,Low,,views/booksy_demo.view.lkml,42,82b3ab594f0d8f518072f3e1cc4f4ce8ac1d576e
dimension,looker:analytics:field:fct_boost_transactions:country_code,fct_boost_transactions,,country_code,dimension:column,mechanical,Low,,views/booksy_demo.view.lkml,32,82b3ab594f0d8f518072f3e1cc4f4ce8ac1d576e
dimension,looker:analytics:field:fct_boost_transactions:gmv_usd,fct_boost_transactions,,gmv_usd,dimension:column,mechanical,Low,,views/booksy_demo.view.lkml,53,82b3ab594f0d8f518072f3e1cc4f4ce8ac1d576e
dimension,looker:analytics:field:fct_boost_transactions:is_current_period,fct_boost_transactions,,is_current_period,dimension:liquid,redesign,High,Liquid in sql or label: templated filter or dashboard control,views/booksy_demo.view.lkml,112,82b3ab594f0d8f518072f3e1cc4f4ce8ac1d576e
dimension,looker:analytics:field:fct_boost_transactions:provider_id,fct_boost_transactions,,provider_id,dimension:column,mechanical,Low,,views/booksy_demo.view.lkml,27,82b3ab594f0d8f518072f3e1cc4f4ce8ac1d576e
dimension,looker:analytics:field:fct_boost_transactions:transaction_id,fct_boost_transactions,,transaction_id,dimension:column,mechanical,Low,,views/booksy_demo.view.lkml,13,82b3ab594f0d8f518072f3e1cc4f4ce8ac1d576e
dimension,looker:analytics:field:ga_multi_cycle_multi_touch_attribution:channel,ga_multi_cycle_multi_touch_attribution,,channel,dimension:column,mechanical,Low,,views/ga_multi_cycle_multi_touch_attribution.view.lkml,824,82b3ab594f0d8f518072f3e1cc4f4ce8ac1d576e
dimension,looker:analytics:field:ga_multi_cycle_multi_touch_attribution:city,ga_multi_cycle_multi_touch_attribution,,city,dimension:column,mechanical,Low,,views/ga_multi_cycle_multi_touch_attribution.view.lkml,829,82b3ab594f0d8f518072f3e1cc4f4ce8ac1d576e
dimension,looker:analytics:field:ga_multi_cycle_multi_touch_attribution:continent,ga_multi_cycle_multi_touch_attribution,,continent,dimension:column,mechanical,Low,,views/ga_multi_cycle_multi_touch_attribution.view.lkml,834,82b3ab594f0d8f518072f3e1cc4f4ce8ac1d576e
dimension,looker:analytics:field:ga_multi_cycle_multi_touch_attribution:country,ga_multi_cycle_multi_touch_attribution,,country,dimension:column,mechanical,Low,,views/ga_multi_cycle_multi_touch_attribution.view.lkml,839,82b3ab594f0d8f518072f3e1cc4f4ce8ac1d576e
dimension,looker:analytics:field:ga_multi_cycle_multi_touch_attribution:first_order_conversions,ga_multi_cycle_multi_touch_attribution,,first_order_conversions,dimension:column,mechanical,Low,,views/ga_multi_cycle_multi_touch_attribution.view.lkml,855,82b3ab594f0d8f518072f3e1cc4f4ce8ac1d576e
dimension,looker:analytics:field:ga_multi_cycle_multi_touch_attribution:first_order_revenue,ga_multi_cycle_multi_touch_attribution,,first_order_revenue,dimension:column,mechanical,Low,,views/ga_multi_cycle_multi_touch_attribution.view.lkml,869,82b3ab594f0d8f518072f3e1cc4f4ce8ac1d576e
dimension,looker:analytics:field:ga_multi_cycle_multi_touch_attribution:model,ga_multi_cycle_multi_touch_attribution,,model,dimension:column,mechanical,Low,,views/ga_multi_cycle_multi_touch_attribution.view.lkml,774,82b3ab594f0d8f518072f3e1cc4f4ce8ac1d576e
dimension,looker:analytics:field:ga_multi_cycle_multi_touch_attribution:pk,ga_multi_cycle_multi_touch_attribution,,pk,dimension:derived,mechanical,Low,,views/ga_multi_cycle_multi_touch_attribution.view.lkml,766,82b3ab594f0d8f518072f3e1cc4f4ce8ac1d576e
dimension,looker:analytics:field:ga_multi_cycle_multi_touch_attribution:referrer_host,ga_multi_cycle_multi_touch_attribution,,referrer_host,dimension:column,mechanical,Low,,views/ga_multi_cycle_multi_touch_attribution.view.lkml,819,82b3ab594f0d8f518072f3e1cc4f4ce8ac1d576e
dimension,looker:analytics:field:ga_multi_cycle_multi_touch_attribution:region,ga_multi_cycle_multi_touch_attribution,,region,dimension:column,mechanical,Low,,views/ga_multi_cycle_multi_touch_attribution.view.lkml,844,82b3ab594f0d8f518072f3e1cc4f4ce8ac1d576e
dimension,looker:analytics:field:ga_multi_cycle_multi_touch_attribution:repeat_order_conversions,ga_multi_cycle_multi_touch_attribution,,repeat_order_conversions,dimension:column,mechanical,Low,,views/ga_multi_cycle_multi_touch_attribution.view.lkml,862,82b3ab594f0d8f518072f3e1cc4f4ce8ac1d576e
dimension,looker:analytics:field:ga_multi_cycle_multi_touch_attribution:repeat_order_revenue,ga_multi_cycle_multi_touch_attribution,,repeat_order_revenue,dimension:column,mechanical,Low,,views/ga_multi_cycle_multi_touch_attribution.view.lkml,876,82b3ab594f0d8f518072f3e1cc4f4ce8ac1d576e
dimension,looker:analytics:field:ga_multi_cycle_multi_touch_attribution:session_seq,ga_multi_cycle_multi_touch_attribution,,session_seq,dimension:column,mechanical,Low,,views/ga_multi_cycle_multi_touch_attribution.view.lkml,794,82b3ab594f0d8f518072f3e1cc4f4ce8ac1d576e
dimension,looker:analytics:field:ga_multi_cycle_multi_touch_attribution:stitched_user_id,ga_multi_cycle_multi_touch_attribution,,stitched_user_id,dimension:column,mechanical,Low,,views/ga_multi_cycle_multi_touch_attribution.view.lkml,779,82b3ab594f0d8f518072f3e1cc4f4ce8ac1d576e
dimension,looker:analytics:field:ga_multi_cycle_multi_touch_attribution:user_conversion_cycle,ga_multi_cycle_multi_touch_attribution,,user_conversion_cycle,dimension:column,mechanical,Low,,views/ga_multi_cycle_multi_touch_attribution.view.lkml,799,82b3ab594f0d8f518072f3e1cc4f4ce8ac1d576e
dimension,looker:analytics:field:ga_multi_cycle_multi_touch_attribution:user_registration_conversions,ga_multi_cycle_multi_touch_attribution,,user_registration_conversions,dimension:column,mechanical,Low,,views/ga_multi_cycle_multi_touch_attribution.view.lkml,849,82b3ab594f0d8f518072f3e1cc4f4ce8ac1d576e
dimension,looker:analytics:field:ga_multi_cycle_multi_touch_attribution:utm_campaign,ga_multi_cycle_multi_touch_attribution,,utm_campaign,dimension:column,mechanical,Low,,views/ga_multi_cycle_multi_touch_attribution.view.lkml,814,82b3ab594f0d8f518072f3e1cc4f4ce8ac1d576e
dimension,looker:analytics:field:ga_multi_cycle_multi_touch_attribution:utm_medium,ga_multi_cycle_multi_touch_attribution,,utm_medium,dimension:column,mechanical,Low,,views/ga_multi_cycle_multi_touch_attribution.view.lkml,809,82b3ab594f0d8f518072f3e1cc4f4ce8ac1d576e
dimension,looker:analytics:field:ga_multi_cycle_multi_touch_attribution:utm_source,ga_multi_cycle_multi_touch_attribution,,utm_source,dimension:column,mechanical,Low,,views/ga_multi_cycle_multi_touch_attribution.view.lkml,804,82b3ab594f0d8f518072f3e1cc4f4ce8ac1d576e
dimension,looker:analytics:field:gcp_billing_fact:avg_currency_conversion_rate,gcp_billing_fact,,avg_currency_conversion_rate,dimension:column,mechanical,Low,,views/gcp_billing_fact.view.lkml,5,82b3ab594f0d8f518072f3e1cc4f4ce8ac1d576e
dimension,looker:analytics:field:gcp_billing_fact:billing_account_id,gcp_billing_fact,,billing_account_id,dimension:column,mechanical,Low,,views/gcp_billing_fact.view.lkml,11,82b3ab594f0d8f518072f3e1cc4f4ce8ac1d576e
dimension,looker:analytics:field:gcp_billing_fact:billing_data_country,gcp_billing_fact,,billing_data_country,dimension:column,mechanical,Low,,views/gcp_billing_fact.view.lkml,18,82b3ab594f0d8f518072f3e1cc4f4ce8ac1d576e
dimension,looker:analytics:field:gcp_billing_fact:billing_data_location,gcp_billing_fact,,billing_data_location,dimension:column,mechanical,Low,,views/gcp_billing_fact.view.lkml,24,82b3ab594f0d8f518072f3e1cc4f4ce8ac1d576e
dimension,looker:analytics:field:gcp_billing_fact:company_pk,gcp_billing_fact,,company_pk,dimension:column,mechanical,Low,,views/gcp_billing_fact.view.lkml,39,82b3ab594f0d8f518072f3e1cc4f4ce8ac1d576e
dimension,looker:analytics:field:gcp_billing_fact:cost,gcp_billing_fact,,cost,dimension:column,mechanical,Low,,views/gcp_billing_fact.view.lkml,100,82b3ab594f0d8f518072f3e1cc4f4ce8ac1d576e
dimension,looker:analytics:field:gcp_billing_fact:currency,gcp_billing_fact,,currency,dimension:column,mechanical,Low,,views/gcp_billing_fact.view.lkml,45,82b3ab594f0d8f518072f3e1cc4f4ce8ac1d576e
dimension,looker:analytics:field:gcp_billing_fact:description,gcp_billing_fact,,description,dimension:column,mechanical,Low,,views/gcp_billing_fact.view.lkml,52,82b3ab594f0d8f518072f3e1cc4f4ce8ac1d576e
dimension,looker:analytics:field:gcp_billing_fact:gcp_billing_pk,gcp_billing_fact,,gcp_billing_pk,dimension:column,mechanical,Low,,views/gcp_billing_fact.view.lkml,58,82b3ab594f0d8f518072f3e1cc4f4ce8ac1d576e
dimension,looker:analytics:field:gcp_billing_fact:pricing_unit,gcp_billing_fact,,pricing_unit,dimension:column,mechanical,Low,,views/gcp_billing_fact.view.lkml,65,82b3ab594f0d8f518072f3e1cc4f4ce8ac1d576e
dimension,looker:analytics:field:gcp_billing_fact:project_id,gcp_billing_fact,,project_id,dimension:column,mechanical,Low,,views/gcp_billing_fact.view.lkml,72,82b3ab594f0d8f518072f3e1cc4f4ce8ac1d576e
dimension,looker:analytics:field:gcp_billing_fact:region,gcp_billing_fact,,region,dimension:column,mechanical,Low,,views/gcp_billing_fact.view.lkml,79,82b3ab594f0d8f518072f3e1cc4f4ce8ac1d576e
dimension,looker:analytics:field:gcp_billing_fact:service_id,gcp_billing_fact,,service_id,dimension:column,mechanical,Low,,views/gcp_billing_fact.view.lkml,86,82b3ab594f0d8f518072f3e1cc4f4ce8ac1d576e
dimension,looker:analytics:field:gcp_billing_fact:total_amount_in_pricing_units,gcp_billing_fact,,total_amount_in_pricing_units,dimension:column,mechanical,Low,,views/gcp_billing_fact.view.lkml,93,82b3ab594f0d8f518072f3e1cc4f4ce8ac1d576e
dimension,looker:analytics:field:gcp_billing_fact:unit,gcp_billing_fact,,unit,dimension:column,mechanical,Low,,views/gcp_billing_fact.view.lkml,131,82b3ab594f0d8f518072f3e1cc4f4ce8ac1d576e
dimension,looker:analytics:field:gcp_billing_fact:usage_amount,gcp_billing_fact,,usage_amount,dimension:column,mechanical,Low,,views/gcp_billing_fact.view.lkml,116,82b3ab594f0d8f518072f3e1cc4f4ce8ac1d576e
dimension,looker:analytics:field:gcp_billing_fact:zone,gcp_billing_fact,,zone,dimension:column,mechanical,Low,,views/gcp_billing_fact.view.lkml,138,82b3ab594f0d8f518072f3e1cc4f4ce8ac1d576e
dimension,looker:analytics:field:general_ledger_fact:account_class,general_ledger_fact,,account_class,dimension:column,mechanical,Low,,views/general_ledger_fact.view.lkml,14,82b3ab594f0d8f518072f3e1cc4f4ce8ac1d576e
dimension,looker:analytics:field:general_ledger_fact:account_code,general_ledger_fact,,account_code,dimension:column,mechanical,Low,,views/general_ledger_fact.view.lkml,20,82b3ab594f0d8f518072f3e1cc4f4ce8ac1d576e
dimension,looker:analytics:field:general_ledger_fact:account_id,general_ledger_fact,,account_id,dimension:column,mechanical,Low,,views/general_ledger_fact.view.lkml,26,82b3ab594f0d8f518072f3e1cc4f4ce8ac1d576e
dimension,looker:analytics:field:general_ledger_fact:account_name,general_ledger_fact,,account_name,dimension:column,mechanical,Low,,views/general_ledger_fact.view.lkml,35,82b3ab594f0d8f518072f3e1cc4f4ce8ac1d576e
dimension,looker:analytics:field:general_ledger_fact:account_report_category,general_ledger_fact,,account_report_category,dimension:column,mechanical,Low,,views/general_ledger_fact.view.lkml,42,82b3ab594f0d8f518072f3e1cc4f4ce8ac1d576e
dimension,looker:analytics:field:general_ledger_fact:account_report_group,general_ledger_fact,,account_report_group,dimension:column,mechanical,Low,,views/general_ledger_fact.view.lkml,49,82b3ab594f0d8f518072f3e1cc4f4ce8ac1d576e
dimension,looker:analytics:field:general_ledger_fact:account_report_order,general_ledger_fact,,account_report_order,dimension:column,mechanical,Low,,views/general_ledger_fact.view.lkml,56,82b3ab594f0d8f518072f3e1cc4f4ce8ac1d576e
dimension,looker:analytics:field:general_ledger_fact:account_report_sub_category,general_ledger_fact,,account_report_sub_category,dimension:column,mechanical,Low,,views/general_ledger_fact.view.lkml,63,82b3ab594f0d8f518072f3e1cc4f4ce8ac1d576e
dimension,looker:analytics:field:general_ledger_fact:account_type,general_ledger_fact,,account_type,dimension:column,mechanical,Low,,views/general_ledger_fact.view.lkml,70,82b3ab594f0d8f518072f3e1cc4f4ce8ac1d576e
dimension,looker:analytics:field:general_ledger_fact:bank_transaction_id,general_ledger_fact,,bank_transaction_id,dimension:column,mechanical,Low,,views/general_ledger_fact.view.lkml,77,82b3ab594f0d8f518072f3e1cc4f4ce8ac1d576e
dimension,looker:analytics:field:general_ledger_fact:bank_transfer_id,general_ledger_fact,,bank_transfer_id,dimension:column,mechanical,Low,,views/general_ledger_fact.view.lkml,84,82b3ab594f0d8f518072f3e1cc4f4ce8ac1d576e
dimension,looker:analytics:field:general_ledger_fact:description,general_ledger_fact,,description,dimension:derived,mechanical,Low,,views/general_ledger_fact.view.lkml,93,82b3ab594f0d8f518072f3e1cc4f4ce8ac1d576e
dimension,looker:analytics:field:general_ledger_fact:gross_amount,general_ledger_fact,,gross_amount,dimension:column,mechanical,Low,,views/general_ledger_fact.view.lkml,99,82b3ab594f0d8f518072f3e1cc4f4ce8ac1d576e
dimension,looker:analytics:field:general_ledger_fact:invoice_id,general_ledger_fact,,invoice_id,dimension:column,mechanical,Low,,views/general_ledger_fact.view.lkml,106,82b3ab594f0d8f518072f3e1cc4f4ce8ac1d576e
dimension,looker:analytics:field:general_ledger_fact:journal_id,general_ledger_fact,,journal_id,dimension:column,mechanical,Low,,views/general_ledger_fact.view.lkml,136,82b3ab594f0d8f518072f3e1cc4f4ce8ac1d576e
dimension,looker:analytics:field:general_ledger_fact:journal_line_id,general_ledger_fact,,journal_line_id,dimension:column,mechanical,Low,,views/general_ledger_fact.view.lkml,143,82b3ab594f0d8f518072f3e1cc4f4ce8ac1d576e
dimension,looker:analytics:field:general_ledger_fact:journal_net_amount,general_ledger_fact,,journal_net_amount,dimension:column,mechanical,Low,,views/general_ledger_fact.view.lkml,171,82b3ab594f0d8f518072f3e1cc4f4ce8ac1d576e
dimension,looker:analytics:field:general_ledger_fact:journal_number,general_ledger_fact,,journal_number,dimension:column,mechanical,Low,,views/general_ledger_fact.view.lkml,150,82b3ab594f0d8f518072f3e1cc4f4ce8ac1d576e
dimension,looker:analytics:field:general_ledger_fact:journal_pk,general_ledger_fact,,journal_pk,dimension:column,mechanical,Low,,views/general_ledger_fact.view.lkml,157,82b3ab594f0d8f518072f3e1cc4f4ce8ac1d576e
dimension,looker:analytics:field:general_ledger_fact:manual_journal_id,general_ledger_fact,,manual_journal_id,dimension:column,mechanical,Low,,views/general_ledger_fact.view.lkml,164,82b3ab594f0d8f518072f3e1cc4f4ce8ac1d576e
dimension,looker:analytics:field:general_ledger_fact:payment_id,general_ledger_fact,,payment_id,dimension:column,mechanical,Low,,views/general_ledger_fact.view.lkml,182,82b3ab594f0d8f518072f3e1cc4f4ce8ac1d576e
dimension,looker:analytics:field:general_ledger_fact:reference,general_ledger_fact,,reference,dimension:column,mechanical,Low,,views/general_ledger_fact.view.lkml,189,82b3ab594f0d8f518072f3e1cc4f4ce8ac1d576e
dimension,looker:analytics:field:general_ledger_fact:source_id,general_ledger_fact,,source_id,dimension:column,mechanical,Low,,views/general_ledger_fact.view.lkml,194,82b3ab594f0d8f518072f3e1cc4f4ce8ac1d576e
dimension,looker:analytics:field:general_ledger_fact:source_type,general_ledger_fact,,source_type,dimension:column,mechanical,Low,,views/general_ledger_fact.view.lkml,201,82b3ab594f0d8f518072f3e1cc4f4ce8ac1d576e
dimension,looker:analytics:field:general_ledger_fact:tax_name,general_ledger_fact,,tax_name,dimension:column,mechanical,Low,,views/general_ledger_fact.view.lkml,213,82b3ab594f0d8f518072f3e1cc4f4ce8ac1d576e
dimension,looker:analytics:field:general_ledger_fact:tax_type,general_ledger_fact,,tax_type,dimension:column,mechanical,Low,,views/general_ledger_fact.view.lkml,218,82b3ab594f0d8f518072f3e1cc4f4ce8ac1d576e
dimension,looker:analytics:field:has_viewed_pricing:user_has_viewed_pricing,has_viewed_pricing,,user_has_viewed_pricing,dimension:derived,mechanical,Low,,views/has_viewed_pricing.view.lkml,29,82b3ab594f0d8f518072f3e1cc4f4ce8ac1d576e
dimension,looker:analytics:field:has_viewed_pricing:web_sessions_fact_blended_user_id,has_viewed_pricing,,web_sessions_fact_blended_user_id,dimension:column,mechanical,Low,,views/has_viewed_pricing.view.lkml,22,82b3ab594f0d8f518072f3e1cc4f4ce8ac1d576e
dimension,looker:analytics:field:hr_survey_results_fact:e_nps,hr_survey_results_fact,,e_nps,dimension:column,mechanical,Low,,views/hr_survey_results_fact.view.lkml,39,82b3ab594f0d8f518072f3e1cc4f4ce8ac1d576e
dimension,looker:analytics:field:hr_survey_results_fact:engagement_score,hr_survey_results_fact,,engagement_score,dimension:column,mechanical,Low,,views/hr_survey_results_fact.view.lkml,26,82b3ab594f0d8f518072f3e1cc4f4ce8ac1d576e
dimension,looker:analytics:field:hr_survey_results_fact:overall_alignment_score,hr_survey_results_fact,,overall_alignment_score,dimension:column,mechanical,Low,,views/hr_survey_results_fact.view.lkml,88,82b3ab594f0d8f518072f3e1cc4f4ce8ac1d576e
dimension,looker:analytics:field:hr_survey_results_fact:overall_ambassadorship_score,hr_survey_results_fact,,overall_ambassadorship_score,dimension:column,mechanical,Low,,views/hr_survey_results_fact.view.lkml,53,82b3ab594f0d8f518072f3e1cc4f4ce8ac1d576e
dimension,looker:analytics:field:hr_survey_results_fact:overall_feedback_score,hr_survey_results_fact,,overall_feedback_score,dimension:column,mechanical,Low,,views/hr_survey_results_fact.view.lkml,60,82b3ab594f0d8f518072f3e1cc4f4ce8ac1d576e
dimension,looker:analytics:field:hr_survey_results_fact:overall_happiness_score,hr_survey_results_fact,,overall_happiness_score,dimension:column,mechanical,Low,,views/hr_survey_results_fact.view.lkml,95,82b3ab594f0d8f518072f3e1cc4f4ce8ac1d576e
dimension,looker:analytics:field:hr_survey_results_fact:overall_participation_score,hr_survey_results_fact,,overall_participation_score,dimension:column,mechanical,Low,,views/hr_survey_results_fact.view.lkml,32,82b3ab594f0d8f518072f3e1cc4f4ce8ac1d576e
dimension,looker:analytics:field:hr_survey_results_fact:overall_personal_growth_score,hr_survey_results_fact,,overall_personal_growth_score,dimension:column,mechanical,Low,,views/hr_survey_results_fact.view.lkml,109,82b3ab594f0d8f518072f3e1cc4f4ce8ac1d576e
dimension,looker:analytics:field:hr_survey_results_fact:overall_recognition_score,hr_survey_results_fact,,overall_recognition_score,dimension:column,mechanical,Low,,views/hr_survey_results_fact.view.lkml,46,82b3ab594f0d8f518072f3e1cc4f4ce8ac1d576e
dimension,looker:analytics:field:hr_survey_results_fact:overall_satisfaction_score,hr_survey_results_fact,,overall_satisfaction_score,dimension:column,mechanical,Low,,views/hr_survey_results_fact.view.lkml,81,82b3ab594f0d8f518072f3e1cc4f4ce8ac1d576e
dimension,looker:analytics:field:hr_survey_results_fact:overall_wellness_score,hr_survey_results_fact,,overall_wellness_score,dimension:column,mechanical,Low,,views/hr_survey_results_fact.view.lkml,102,82b3ab594f0d8f518072f3e1cc4f4ce8ac1d576e
dimension,looker:analytics:field:hr_survey_results_fact:relationship_with_manager_score,hr_survey_results_fact,,relationship_with_manager_score,dimension:column,mechanical,Low,,views/hr_survey_results_fact.view.lkml,74,82b3ab594f0d8f518072f3e1cc4f4ce8ac1d576e
dimension,looker:analytics:field:hr_survey_results_fact:relationship_with_peers_score,hr_survey_results_fact,,relationship_with_peers_score,dimension:column,mechanical,Low,,views/hr_survey_results_fact.view.lkml,67,82b3ab594f0d8f518072f3e1cc4f4ce8ac1d576e
dimension,looker:analytics:field:hr_survey_results_fact:survey_pk,hr_survey_results_fact,,survey_pk,dimension:column,mechanical,Low,,views/hr_survey_results_fact.view.lkml,9,82b3ab594f0d8f518072f3e1cc4f4ce8ac1d576e
dimension,looker:analytics:field:icp_lookalike_audience_uk_ie_eu_only:company,icp_lookalike_audience_uk_ie_eu_only,,company,dimension:column,mechanical,Low,,views/icp_lookalike_audience_uk_ie_eu_only.view.lkml,10,82b3ab594f0d8f518072f3e1cc4f4ce8ac1d576e
dimension,looker:analytics:field:icp_lookalike_audience_uk_ie_eu_only:data_rich,icp_lookalike_audience_uk_ie_eu_only,,data_rich,dimension:column,mechanical,Low,,views/icp_lookalike_audience_uk_ie_eu_only.view.lkml,14,82b3ab594f0d8f518072f3e1cc4f4ce8ac1d576e
dimension,looker:analytics:field:icp_lookalike_audience_uk_ie_eu_only:digitally_native,icp_lookalike_audience_uk_ie_eu_only,,digitally_native,dimension:column,mechanical,Low,,views/icp_lookalike_audience_uk_ie_eu_only.view.lkml,18,82b3ab594f0d8f518072f3e1cc4f4ce8ac1d576e
dimension,looker:analytics:field:icp_lookalike_audience_uk_ie_eu_only:domain_name,icp_lookalike_audience_uk_ie_eu_only,,domain_name,dimension:column,mechanical,Low,,views/icp_lookalike_audience_uk_ie_eu_only.view.lkml,22,82b3ab594f0d8f518072f3e1cc4f4ce8ac1d576e
dimension,looker:analytics:field:icp_lookalike_audience_uk_ie_eu_only:est_size,icp_lookalike_audience_uk_ie_eu_only,,est_size,dimension:column,mechanical,Low,,views/icp_lookalike_audience_uk_ie_eu_only.view.lkml,26,82b3ab594f0d8f518072f3e1cc4f4ce8ac1d576e
dimension,looker:analytics:field:icp_lookalike_audience_uk_ie_eu_only:id,icp_lookalike_audience_uk_ie_eu_only,,id,dimension:column,mechanical,Low,,views/icp_lookalike_audience_uk_ie_eu_only.view.lkml,5,82b3ab594f0d8f518072f3e1cc4f4ce8ac1d576e
dimension,looker:analytics:field:icp_lookalike_audience_uk_ie_eu_only:industry,icp_lookalike_audience_uk_ie_eu_only,,industry,dimension:column,mechanical,Low,,views/icp_lookalike_audience_uk_ie_eu_only.view.lkml,30,82b3ab594f0d8f518072f3e1cc4f4ce8ac1d576e
dimension,looker:analytics:field:icp_lookalike_audience_uk_ie_eu_only:notes,icp_lookalike_audience_uk_ie_eu_only,,notes,dimension:column,mechanical,Low,,views/icp_lookalike_audience_uk_ie_eu_only.view.lkml,34,82b3ab594f0d8f518072f3e1cc4f4ce8ac1d576e
dimension,looker:analytics:field:icp_lookalike_audience_uk_ie_eu_only:primary_engagement_strategy,icp_lookalike_audience_uk_ie_eu_only,,primary_engagement_strategy,dimension:column,mechanical,Low,,views/icp_lookalike_audience_uk_ie_eu_only.view.lkml,38,82b3ab594f0d8f518072f3e1cc4f4ce8ac1d576e
dimension,looker:analytics:field:icp_lookalike_audience_uk_ie_eu_only:project_sponsor,icp_lookalike_audience_uk_ie_eu_only,,project_sponsor,dimension:column,mechanical,Low,,views/icp_lookalike_audience_uk_ie_eu_only.view.lkml,42,82b3ab594f0d8f518072f3e1cc4f4ce8ac1d576e
dimension,looker:analytics:field:icp_lookalike_audience_uk_ie_eu_only:region,icp_lookalike_audience_uk_ie_eu_only,,region,dimension:column,mechanical,Low,,views/icp_lookalike_audience_uk_ie_eu_only.view.lkml,46,82b3ab594f0d8f518072f3e1cc4f4ce8ac1d576e
dimension,looker:analytics:field:icp_lookalike_audience_uk_ie_eu_only:sponsor_title,icp_lookalike_audience_uk_ie_eu_only,,sponsor_title,dimension:column,mechanical,Low,,views/icp_lookalike_audience_uk_ie_eu_only.view.lkml,50,82b3ab594f0d8f518072f3e1cc4f4ce8ac1d576e
dimension,looker:analytics:field:ideal_customer_2025:appeal_of_ra_to_buyer,ideal_customer_2025,,appeal_of_ra_to_buyer,dimension:column,mechanical,Low,,views/ideal_customer_2025.view.lkml,4,82b3ab594f0d8f518072f3e1cc4f4ce8ac1d576e
dimension,looker:analytics:field:ideal_customer_2025:average_monthly_revenue_gbp,ideal_customer_2025,,average_monthly_revenue_gbp,dimension:column,mechanical,Low,,views/ideal_customer_2025.view.lkml,10,82b3ab594f0d8f518072f3e1cc4f4ce8ac1d576e
dimension,looker:analytics:field:ideal_customer_2025:average_nps_score,ideal_customer_2025,,average_nps_score,dimension:column,mechanical,Low,,views/ideal_customer_2025.view.lkml,16,82b3ab594f0d8f518072f3e1cc4f4ce8ac1d576e
dimension,looker:analytics:field:ideal_customer_2025:avg__hourly_rate,ideal_customer_2025,,avg__hourly_rate,dimension:column,mechanical,Low,,views/ideal_customer_2025.view.lkml,22,82b3ab594f0d8f518072f3e1cc4f4ce8ac1d576e
dimension,looker:analytics:field:ideal_customer_2025:bi_tool,ideal_customer_2025,,bi_tool,dimension:column,mechanical,Low,,views/ideal_customer_2025.view.lkml,28,82b3ab594f0d8f518072f3e1cc4f4ce8ac1d576e
dimension,looker:analytics:field:ideal_customer_2025:buyer_challenge,ideal_customer_2025,,buyer_challenge,dimension:column,mechanical,Low,,views/ideal_customer_2025.view.lkml,34,82b3ab594f0d8f518072f3e1cc4f4ce8ac1d576e
dimension,looker:analytics:field:ideal_customer_2025:buyer_data_maturity,ideal_customer_2025,,buyer_data_maturity,dimension:column,mechanical,Low,,views/ideal_customer_2025.view.lkml,40,82b3ab594f0d8f518072f3e1cc4f4ce8ac1d576e
dimension,looker:analytics:field:ideal_customer_2025:buyer_requirement,ideal_customer_2025,,buyer_requirement,dimension:column,mechanical,Low,,views/ideal_customer_2025.view.lkml,46,82b3ab594f0d8f518072f3e1cc4f4ce8ac1d576e
dimension,looker:analytics:field:ideal_customer_2025:buyer_role,ideal_customer_2025,,buyer_role,dimension:column,mechanical,Low,,views/ideal_customer_2025.view.lkml,52,82b3ab594f0d8f518072f3e1cc4f4ce8ac1d576e
dimension,looker:analytics:field:ideal_customer_2025:churn_reason,ideal_customer_2025,,churn_reason,dimension:column,mechanical,Low,,views/ideal_customer_2025.view.lkml,58,82b3ab594f0d8f518072f3e1cc4f4ce8ac1d576e
dimension,looker:analytics:field:ideal_customer_2025:churned_year,ideal_customer_2025,,churned_year,dimension:column,mechanical,Low,,views/ideal_customer_2025.view.lkml,64,82b3ab594f0d8f518072f3e1cc4f4ce8ac1d576e
dimension,looker:analytics:field:ideal_customer_2025:client_contribution_gbp,ideal_customer_2025,,client_contribution_gbp,dimension:derived,mechanical,Low,,views/ideal_customer_2025.view.lkml,211,82b3ab594f0d8f518072f3e1cc4f4ce8ac1d576e
dimension,looker:analytics:field:ideal_customer_2025:cohort_year,ideal_customer_2025,,cohort_year,dimension:column,mechanical,Low,,views/ideal_customer_2025.view.lkml,70,82b3ab594f0d8f518072f3e1cc4f4ce8ac1d576e
dimension,looker:analytics:field:ideal_customer_2025:company_name,ideal_customer_2025,,company_name,dimension:column,mechanical,Low,,views/ideal_customer_2025.view.lkml,77,82b3ab594f0d8f518072f3e1cc4f4ce8ac1d576e
dimension,looker:analytics:field:ideal_customer_2025:database,ideal_customer_2025,,database,dimension:column,mechanical,Low,,views/ideal_customer_2025.view.lkml,84,82b3ab594f0d8f518072f3e1cc4f4ce8ac1d576e
dimension,looker:analytics:field:ideal_customer_2025:department,ideal_customer_2025,,department,dimension:column,mechanical,Low,,views/ideal_customer_2025.view.lkml,90,82b3ab594f0d8f518072f3e1cc4f4ce8ac1d576e
dimension,looker:analytics:field:ideal_customer_2025:digital_native_,ideal_customer_2025,,digital_native_,dimension:column,mechanical,Low,,views/ideal_customer_2025.view.lkml,96,82b3ab594f0d8f518072f3e1cc4f4ce8ac1d576e
dimension,looker:analytics:field:ideal_customer_2025:expectations_alignment,ideal_customer_2025,,expectations_alignment,dimension:column,mechanical,Low,,views/ideal_customer_2025.view.lkml,102,82b3ab594f0d8f518072f3e1cc4f4ce8ac1d576e
dimension,looker:analytics:field:ideal_customer_2025:fee_structure,ideal_customer_2025,,fee_structure,dimension:column,mechanical,Low,,views/ideal_customer_2025.view.lkml,108,82b3ab594f0d8f518072f3e1cc4f4ce8ac1d576e
dimension,looker:analytics:field:ideal_customer_2025:grouping,ideal_customer_2025,,grouping,dimension:derived,mechanical,Low,,views/ideal_customer_2025.view.lkml,114,82b3ab594f0d8f518072f3e1cc4f4ce8ac1d576e
dimension,looker:analytics:field:ideal_customer_2025:is_data_analyst_available,ideal_customer_2025,,is_data_analyst_available,dimension:column,mechanical,Low,,views/ideal_customer_2025.view.lkml,120,82b3ab594f0d8f518072f3e1cc4f4ce8ac1d576e
dimension,looker:analytics:field:ideal_customer_2025:is_handover_planned,ideal_customer_2025,,is_handover_planned,dimension:column,mechanical,Low,,views/ideal_customer_2025.view.lkml,126,82b3ab594f0d8f518072f3e1cc4f4ce8ac1d576e
dimension,looker:analytics:field:ideal_customer_2025:is_icp,ideal_customer_2025,,is_icp,dimension:column,mechanical,Low,,views/ideal_customer_2025.view.lkml,132,82b3ab594f0d8f518072f3e1cc4f4ce8ac1d576e
dimension,looker:analytics:field:ideal_customer_2025:lead_pathway,ideal_customer_2025,,lead_pathway,dimension:column,mechanical,Low,,views/ideal_customer_2025.view.lkml,138,82b3ab594f0d8f518072f3e1cc4f4ce8ac1d576e
dimension,looker:analytics:field:ideal_customer_2025:lead_pathway_source,ideal_customer_2025,,lead_pathway_source,dimension:column,mechanical,Low,,views/ideal_customer_2025.view.lkml,144,82b3ab594f0d8f518072f3e1cc4f4ce8ac1d576e
dimension,looker:analytics:field:ideal_customer_2025:lead_technology,ideal_customer_2025,,lead_technology,dimension:column,mechanical,Low,,views/ideal_customer_2025.view.lkml,150,82b3ab594f0d8f518072f3e1cc4f4ce8ac1d576e
dimension,looker:analytics:field:ideal_customer_2025:market,ideal_customer_2025,,market,dimension:column,mechanical,Low,,views/ideal_customer_2025.view.lkml,156,82b3ab594f0d8f518072f3e1cc4f4ce8ac1d576e
dimension,looker:analytics:field:ideal_customer_2025:months_billed,ideal_customer_2025,,months_billed,dimension:column,mechanical,Low,,views/ideal_customer_2025.view.lkml,162,82b3ab594f0d8f518072f3e1cc4f4ce8ac1d576e
dimension,looker:analytics:field:ideal_customer_2025:org_data_maturity,ideal_customer_2025,,org_data_maturity,dimension:column,mechanical,Low,,views/ideal_customer_2025.view.lkml,168,82b3ab594f0d8f518072f3e1cc4f4ce8ac1d576e
dimension,looker:analytics:field:ideal_customer_2025:project_margin_pct,ideal_customer_2025,,project_margin_pct,dimension:column,mechanical,Low,,views/ideal_customer_2025.view.lkml,174,82b3ab594f0d8f518072f3e1cc4f4ce8ac1d576e
dimension,looker:analytics:field:ideal_customer_2025:rank,ideal_customer_2025,,rank,dimension:column,mechanical,Low,,views/ideal_customer_2025.view.lkml,187,82b3ab594f0d8f518072f3e1cc4f4ce8ac1d576e
dimension,looker:analytics:field:ideal_customer_2025:renewals,ideal_customer_2025,,renewals,dimension:column,mechanical,Low,,views/ideal_customer_2025.view.lkml,257,82b3ab594f0d8f518072f3e1cc4f4ce8ac1d576e
dimension,looker:analytics:field:ideal_customer_2025:service,ideal_customer_2025,,service,dimension:column,mechanical,Low,,views/ideal_customer_2025.view.lkml,193,82b3ab594f0d8f518072f3e1cc4f4ce8ac1d576e
dimension,looker:analytics:field:ideal_customer_2025:size,ideal_customer_2025,,size,dimension:column,mechanical,Low,,views/ideal_customer_2025.view.lkml,199,82b3ab594f0d8f518072f3e1cc4f4ce8ac1d576e
dimension,looker:analytics:field:ideal_customer_2025:sprints,ideal_customer_2025,,sprints,dimension:column,mechanical,Low,,views/ideal_customer_2025.view.lkml,283,82b3ab594f0d8f518072f3e1cc4f4ce8ac1d576e
dimension,looker:analytics:field:ideal_customer_2025:testimonial_url,ideal_customer_2025,,testimonial_url,dimension:column,mechanical,Low,,views/ideal_customer_2025.view.lkml,205,82b3ab594f0d8f518072f3e1cc4f4ce8ac1d576e
dimension,looker:analytics:field:ideal_customer_2025:total_engagements,ideal_customer_2025,,total_engagements,dimension:column,mechanical,Low,,views/ideal_customer_2025.view.lkml,231,82b3ab594f0d8f518072f3e1cc4f4ce8ac1d576e
dimension,looker:analytics:field:ideal_customer_2025:total_invoiced_revenue_gbp,ideal_customer_2025,,total_invoiced_revenue_gbp,dimension:derived,mechanical,Low,,views/ideal_customer_2025.view.lkml,237,82b3ab594f0d8f518072f3e1cc4f4ce8ac1d576e
dimension,looker:analytics:field:ideal_customer_2025:total_score,ideal_customer_2025,,total_score,dimension:column,mechanical,Low,,views/ideal_customer_2025.view.lkml,276,82b3ab594f0d8f518072f3e1cc4f4ce8ac1d576e
dimension,looker:analytics:field:ideal_customer_2025:vertical,ideal_customer_2025,,vertical,dimension:column,mechanical,Low,,views/ideal_customer_2025.view.lkml,304,82b3ab594f0d8f518072f3e1cc4f4ce8ac1d576e
dimension,looker:analytics:field:ideal_customers:appeal_of_ra_to_buyer,ideal_customers,,appeal_of_ra_to_buyer,dimension:column,mechanical,Low,,views/ideal_customers.view.lkml,4,82b3ab594f0d8f518072f3e1cc4f4ce8ac1d576e
dimension,looker:analytics:field:ideal_customers:buyer_challenge,ideal_customers,,buyer_challenge,dimension:column,mechanical,Low,,views/ideal_customers.view.lkml,9,82b3ab594f0d8f518072f3e1cc4f4ce8ac1d576e
dimension,looker:analytics:field:ideal_customers:buyer_data_maturity,ideal_customers,,buyer_data_maturity,dimension:column,mechanical,Low,,views/ideal_customers.view.lkml,15,82b3ab594f0d8f518072f3e1cc4f4ce8ac1d576e
dimension,looker:analytics:field:ideal_customers:buyer_requirement,ideal_customers,,buyer_requirement,dimension:column,mechanical,Low,,views/ideal_customers.view.lkml,20,82b3ab594f0d8f518072f3e1cc4f4ce8ac1d576e
dimension,looker:analytics:field:ideal_customers:buyer_role,ideal_customers,,buyer_role,dimension:derived,mechanical,Low,,views/ideal_customers.view.lkml,26,82b3ab594f0d8f518072f3e1cc4f4ce8ac1d576e
dimension,looker:analytics:field:ideal_customers:company_name,ideal_customers,,company_name,dimension:derived,mechanical,Low,,views/ideal_customers.view.lkml,32,82b3ab594f0d8f518072f3e1cc4f4ce8ac1d576e
dimension,looker:analytics:field:ideal_customers:department,ideal_customers,,department,dimension:column,mechanical,Low,,views/ideal_customers.view.lkml,38,82b3ab594f0d8f518072f3e1cc4f4ce8ac1d576e
dimension,looker:analytics:field:ideal_customers:is_digital_native,ideal_customers,,is_digital_native,dimension:column,mechanical,Low,,views/ideal_customers.view.lkml,50,82b3ab594f0d8f518072f3e1cc4f4ce8ac1d576e
dimension,looker:analytics:field:ideal_customers:is_icp,ideal_customers,,is_icp,dimension:derived,mechanical,Low,,views/ideal_customers.view.lkml,56,82b3ab594f0d8f518072f3e1cc4f4ce8ac1d576e
dimension,looker:analytics:field:ideal_customers:lead_pathway,ideal_customers,,lead_pathway,dimension:column,mechanical,Low,,views/ideal_customers.view.lkml,62,82b3ab594f0d8f518072f3e1cc4f4ce8ac1d576e
dimension,looker:analytics:field:ideal_customers:lead_pathway_source,ideal_customers,,lead_pathway_source,dimension:column,mechanical,Low,,views/ideal_customers.view.lkml,68,82b3ab594f0d8f518072f3e1cc4f4ce8ac1d576e
dimension,looker:analytics:field:ideal_customers:org_data_maturity,ideal_customers,,org_data_maturity,dimension:column,mechanical,Low,,views/ideal_customers.view.lkml,74,82b3ab594f0d8f518072f3e1cc4f4ce8ac1d576e
dimension,looker:analytics:field:ideal_customers:rank,ideal_customers,,rank,dimension:column,mechanical,Low,,views/ideal_customers.view.lkml,80,82b3ab594f0d8f518072f3e1cc4f4ce8ac1d576e
dimension,looker:analytics:field:ideal_customers:segment,ideal_customers,,segment,dimension:derived,mechanical,Low,,views/ideal_customers.view.lkml,44,82b3ab594f0d8f518072f3e1cc4f4ce8ac1d576e
dimension,looker:analytics:field:ideal_customers:size,ideal_customers,,size,dimension:column,mechanical,Low,,views/ideal_customers.view.lkml,86,82b3ab594f0d8f518072f3e1cc4f4ce8ac1d576e
dimension,looker:analytics:field:ideal_customers:vertical,ideal_customers,,vertical,dimension:column,mechanical,Low,,views/ideal_customers.view.lkml,92,82b3ab594f0d8f518072f3e1cc4f4ce8ac1d576e
dimension,looker:analytics:field:invoices_fact:churned,invoices_fact,,churned,dimension:derived,mechanical,Low,,views/invoices_fact.view.lkml,19,82b3ab594f0d8f518072f3e1cc4f4ce8ac1d576e
dimension,looker:analytics:field:invoices_fact:company_fk,invoices_fact,,company_fk,dimension:column,mechanical,Low,,views/invoices_fact.view.lkml,13,82b3ab594f0d8f518072f3e1cc4f4ce8ac1d576e
dimension,looker:analytics:field:invoices_fact:company_id,invoices_fact,,company_id,dimension:column,mechanical,Low,,views/invoices_fact.view.lkml,7,82b3ab594f0d8f518072f3e1cc4f4ce8ac1d576e
dimension,looker:analytics:field:invoices_fact:invoice_currency,invoices_fact,,invoice_currency,dimension:column,mechanical,Low,,views/invoices_fact.view.lkml,72,82b3ab594f0d8f518072f3e1cc4f4ce8ac1d576e
dimension,looker:analytics:field:invoices_fact:invoice_currency_rate,invoices_fact,,invoice_currency_rate,dimension,assisted,Medium,cross-view field reference (exchange_rates): confirm every exposing topic joins it,views/invoices_fact.view.lkml,394,82b3ab594f0d8f518072f3e1cc4f4ce8ac1d576e
dimension,looker:analytics:field:invoices_fact:invoice_gbp_amount,invoices_fact,,invoice_gbp_amount,dimension:derived,mechanical,Low,,views/invoices_fact.view.lkml,375,82b3ab594f0d8f518072f3e1cc4f4ce8ac1d576e
dimension,looker:analytics:field:invoices_fact:invoice_gbp_net_amount,invoices_fact,,invoice_gbp_net_amount,dimension:derived,mechanical,Low,,views/invoices_fact.view.lkml,410,82b3ab594f0d8f518072f3e1cc4f4ce8ac1d576e
dimension,looker:analytics:field:invoices_fact:invoice_gbp_tax_amount,invoices_fact,,invoice_gbp_tax_amount,dimension:derived,mechanical,Low,,views/invoices_fact.view.lkml,402,82b3ab594f0d8f518072f3e1cc4f4ce8ac1d576e
dimension,looker:analytics:field:invoices_fact:invoice_local_total_tax_amount,invoices_fact,,invoice_local_total_tax_amount,dimension:derived,mechanical,Low,,views/invoices_fact.view.lkml,388,82b3ab594f0d8f518072f3e1cc4f4ce8ac1d576e
dimension,looker:analytics:field:invoices_fact:invoice_months_before_now,invoices_fact,,invoice_months_before_now,dimension:column,mechanical,Low,,views/invoices_fact.view.lkml,304,82b3ab594f0d8f518072f3e1cc4f4ce8ac1d576e
dimension,looker:analytics:field:invoices_fact:invoice_number,invoices_fact,,invoice_number,dimension:column,mechanical,Low,,views/invoices_fact.view.lkml,159,82b3ab594f0d8f518072f3e1cc4f4ce8ac1d576e
dimension,looker:analytics:field:invoices_fact:invoice_payment_term,invoices_fact,,invoice_payment_term,dimension:column,mechanical,Low,,views/invoices_fact.view.lkml,178,82b3ab594f0d8f518072f3e1cc4f4ce8ac1d576e
dimension,looker:analytics:field:invoices_fact:invoice_pk,invoices_fact,,invoice_pk,dimension:column,mechanical,Low,,views/invoices_fact.view.lkml,187,82b3ab594f0d8f518072f3e1cc4f4ce8ac1d576e
dimension,looker:analytics:field:invoices_fact:invoice_seq,invoices_fact,,invoice_seq,dimension:column,mechanical,Low,,views/invoices_fact.view.lkml,198,82b3ab594f0d8f518072f3e1cc4f4ce8ac1d576e
dimension,looker:analytics:field:invoices_fact:invoice_status,invoices_fact,,invoice_status,dimension:column,mechanical,Low,,views/invoices_fact.view.lkml,205,82b3ab594f0d8f518072f3e1cc4f4ce8ac1d576e
dimension,looker:analytics:field:invoices_fact:invoice_subject,invoices_fact,,invoice_subject,dimension:column,mechanical,Low,,views/invoices_fact.view.lkml,212,82b3ab594f0d8f518072f3e1cc4f4ce8ac1d576e
dimension,looker:analytics:field:invoices_fact:invoice_tax_rate_pct,invoices_fact,,invoice_tax_rate_pct,dimension:column,mechanical,Low,,views/invoices_fact.view.lkml,219,82b3ab594f0d8f518072f3e1cc4f4ce8ac1d576e
dimension,looker:analytics:field:invoices_fact:invoice_total_days_overdue,invoices_fact,,invoice_total_days_overdue,dimension:column,mechanical,Low,,views/invoices_fact.view.lkml,228,82b3ab594f0d8f518072f3e1cc4f4ce8ac1d576e
dimension,looker:analytics:field:invoices_fact:invoice_total_days_to_pay,invoices_fact,,invoice_total_days_to_pay,dimension:column,mechanical,Low,,views/invoices_fact.view.lkml,239,82b3ab594f0d8f518072f3e1cc4f4ce8ac1d576e
dimension,looker:analytics:field:invoices_fact:invoice_total_days_variance_on_payment_terms,invoices_fact,,invoice_total_days_variance_on_payment_terms,dimension:column,mechanical,Low,,views/invoices_fact.view.lkml,251,82b3ab594f0d8f518072f3e1cc4f4ce8ac1d576e
dimension,looker:analytics:field:invoices_fact:invoice_type,invoices_fact,,invoice_type,dimension:column,mechanical,Low,,views/invoices_fact.view.lkml,258,82b3ab594f0d8f518072f3e1cc4f4ce8ac1d576e
dimension,looker:analytics:field:invoices_fact:is_invoice_in_clients_last_12m,invoices_fact,,is_invoice_in_clients_last_12m,dimension:derived,mechanical,Low,,views/invoices_fact.view.lkml,281,82b3ab594f0d8f518072f3e1cc4f4ce8ac1d576e
dimension,looker:analytics:field:invoices_fact:months_before_last_invoice,invoices_fact,,months_before_last_invoice,dimension:column,mechanical,Low,,views/invoices_fact.view.lkml,273,82b3ab594f0d8f518072f3e1cc4f4ce8ac1d576e
dimension,looker:analytics:field:invoices_fact:months_since_first_invoice,invoices_fact,,months_since_first_invoice,dimension:column,mechanical,Low,,views/invoices_fact.view.lkml,265,82b3ab594f0d8f518072f3e1cc4f4ce8ac1d576e
dimension,looker:analytics:field:invoices_fact:project_id,invoices_fact,,project_id,dimension:column,mechanical,Low,,views/invoices_fact.view.lkml,343,82b3ab594f0d8f518072f3e1cc4f4ce8ac1d576e
dimension,looker:analytics:field:invoices_fact:quarters_since_first_invoice,invoices_fact,,quarters_since_first_invoice,dimension:column,mechanical,Low,,views/invoices_fact.view.lkml,350,82b3ab594f0d8f518072f3e1cc4f4ce8ac1d576e
dimension,looker:analytics:field:invoices_fact:timesheet_project_fk,invoices_fact,,timesheet_project_fk,dimension:column,mechanical,Low,,views/invoices_fact.view.lkml,358,82b3ab594f0d8f518072f3e1cc4f4ce8ac1d576e
dimension,looker:analytics:field:invoices_fact:total_local_amount,invoices_fact,,total_local_amount,dimension:column,mechanical,Low,,views/invoices_fact.view.lkml,365,82b3ab594f0d8f518072f3e1cc4f4ce8ac1d576e
dimension,looker:analytics:field:ips_enriched:asn,ips_enriched,,asn,dimension:column,mechanical,Low,,views/ips_enriched.view.lkml,9,82b3ab594f0d8f518072f3e1cc4f4ce8ac1d576e
dimension,looker:analytics:field:ips_enriched:city,ips_enriched,,city,dimension:column,mechanical,Low,,views/ips_enriched.view.lkml,15,82b3ab594f0d8f518072f3e1cc4f4ce8ac1d576e
dimension,looker:analytics:field:ips_enriched:company,ips_enriched,,company,dimension:column,mechanical,Low,,views/ips_enriched.view.lkml,20,82b3ab594f0d8f518072f3e1cc4f4ce8ac1d576e
dimension,looker:analytics:field:ips_enriched:country,ips_enriched,,country,dimension:column,mechanical,Low,,views/ips_enriched.view.lkml,26,82b3ab594f0d8f518072f3e1cc4f4ce8ac1d576e
dimension,looker:analytics:field:ips_enriched:domain,ips_enriched,,domain,dimension:column,mechanical,Low,,views/ips_enriched.view.lkml,32,82b3ab594f0d8f518072f3e1cc4f4ce8ac1d576e
dimension,looker:analytics:field:ips_enriched:enrichment_error,ips_enriched,,enrichment_error,dimension:column,mechanical,Low,,views/ips_enriched.view.lkml,38,82b3ab594f0d8f518072f3e1cc4f4ce8ac1d576e
dimension,looker:analytics:field:ips_enriched:enrichment_success,ips_enriched,,enrichment_success,dimension:column,mechanical,Low,,views/ips_enriched.view.lkml,44,82b3ab594f0d8f518072f3e1cc4f4ce8ac1d576e
dimension,looker:analytics:field:ips_enriched:ip,ips_enriched,,ip,dimension:column,mechanical,Low,,views/ips_enriched.view.lkml,4,82b3ab594f0d8f518072f3e1cc4f4ce8ac1d576e
dimension,looker:analytics:field:ips_enriched:ip_location,ips_enriched,,ip_location,dimension:location,redesign,High,type: location has no Omni equivalent,views/ips_enriched.view.lkml,61,82b3ab594f0d8f518072f3e1cc4f4ce8ac1d576e
dimension,looker:analytics:field:ips_enriched:isp,ips_enriched,,isp,dimension:column,mechanical,Low,,views/ips_enriched.view.lkml,49,82b3ab594f0d8f518072f3e1cc4f4ce8ac1d576e
dimension,looker:analytics:field:ips_enriched:isp_filtered,ips_enriched,,isp_filtered,dimension:column,mechanical,Low,,views/ips_enriched.view.lkml,55,82b3ab594f0d8f518072f3e1cc4f4ce8ac1d576e
dimension,looker:analytics:field:ips_enriched:latitude,ips_enriched,,latitude,dimension:column,mechanical,Low,,views/ips_enriched.view.lkml,68,82b3ab594f0d8f518072f3e1cc4f4ce8ac1d576e
dimension,looker:analytics:field:ips_enriched:longitude,ips_enriched,,longitude,dimension:column,mechanical,Low,,views/ips_enriched.view.lkml,73,82b3ab594f0d8f518072f3e1cc4f4ce8ac1d576e
dimension,looker:analytics:field:ips_enriched:region,ips_enriched,,region,dimension:column,mechanical,Low,,views/ips_enriched.view.lkml,79,82b3ab594f0d8f518072f3e1cc4f4ce8ac1d576e
dimension,looker:analytics:field:is_conversion_session:is_conversion_session,is_conversion_session,,is_conversion_session,dimension:column,mechanical,Low,,views/is_conversion_session.view.lkml,23,82b3ab594f0d8f518072f3e1cc4f4ce8ac1d576e
dimension,looker:analytics:field:is_conversion_session:is_goal_achieved_session,is_conversion_session,,is_goal_achieved_session,dimension:column,mechanical,Low,,views/is_conversion_session.view.lkml,30,82b3ab594f0d8f518072f3e1cc4f4ce8ac1d576e
dimension,looker:analytics:field:is_conversion_session:web_events_fact_session_id,is_conversion_session,,web_events_fact_session_id,dimension:column,mechanical,Low,,views/is_conversion_session.view.lkml,16,82b3ab594f0d8f518072f3e1cc4f4ce8ac1d576e
dimension,looker:analytics:field:journals_fact:account_code,journals_fact,,account_code,dimension:column,mechanical,Low,,views/journals_fact.view.lkml,14,82b3ab594f0d8f518072f3e1cc4f4ce8ac1d576e
dimension,looker:analytics:field:journals_fact:account_id,journals_fact,,account_id,dimension:column,mechanical,Low,,views/journals_fact.view.lkml,19,82b3ab594f0d8f518072f3e1cc4f4ce8ac1d576e
dimension,looker:analytics:field:journals_fact:account_name,journals_fact,,account_name,dimension:column,mechanical,Low,,views/journals_fact.view.lkml,24,82b3ab594f0d8f518072f3e1cc4f4ce8ac1d576e
dimension,looker:analytics:field:journals_fact:account_type,journals_fact,,account_type,dimension:column,mechanical,Low,,views/journals_fact.view.lkml,29,82b3ab594f0d8f518072f3e1cc4f4ce8ac1d576e
dimension,looker:analytics:field:journals_fact:description,journals_fact,,description,dimension:column,mechanical,Low,,views/journals_fact.view.lkml,34,82b3ab594f0d8f518072f3e1cc4f4ce8ac1d576e
dimension,looker:analytics:field:journals_fact:journal_id,journals_fact,,journal_id,dimension:column,mechanical,Low,,views/journals_fact.view.lkml,62,82b3ab594f0d8f518072f3e1cc4f4ce8ac1d576e
dimension,looker:analytics:field:journals_fact:journal_line_id,journals_fact,,journal_line_id,dimension:column,mechanical,Low,,views/journals_fact.view.lkml,67,82b3ab594f0d8f518072f3e1cc4f4ce8ac1d576e
dimension,looker:analytics:field:journals_fact:journal_number,journals_fact,,journal_number,dimension:column,mechanical,Low,,views/journals_fact.view.lkml,72,82b3ab594f0d8f518072f3e1cc4f4ce8ac1d576e
dimension,looker:analytics:field:journals_fact:journal_pk,journals_fact,,journal_pk,dimension:column,mechanical,Low,,views/journals_fact.view.lkml,77,82b3ab594f0d8f518072f3e1cc4f4ce8ac1d576e
dimension,looker:analytics:field:journals_fact:reference,journals_fact,,reference,dimension:column,mechanical,Low,,views/journals_fact.view.lkml,89,82b3ab594f0d8f518072f3e1cc4f4ce8ac1d576e
dimension,looker:analytics:field:journals_fact:source,journals_fact,,source,dimension:column,mechanical,Low,,views/journals_fact.view.lkml,94,82b3ab594f0d8f518072f3e1cc4f4ce8ac1d576e
dimension,looker:analytics:field:journals_fact:source_id,journals_fact,,source_id,dimension:column,mechanical,Low,,views/journals_fact.view.lkml,99,82b3ab594f0d8f518072f3e1cc4f4ce8ac1d576e
dimension,looker:analytics:field:journals_fact:source_type,journals_fact,,source_type,dimension:column,mechanical,Low,,views/journals_fact.view.lkml,104,82b3ab594f0d8f518072f3e1cc4f4ce8ac1d576e
dimension,looker:analytics:field:journals_fact:tax_name,journals_fact,,tax_name,dimension:column,mechanical,Low,,views/journals_fact.view.lkml,114,82b3ab594f0d8f518072f3e1cc4f4ce8ac1d576e
dimension,looker:analytics:field:journals_fact:tax_type,journals_fact,,tax_type,dimension:column,mechanical,Low,,views/journals_fact.view.lkml,119,82b3ab594f0d8f518072f3e1cc4f4ce8ac1d576e
dimension,looker:analytics:field:keyword_page_report:clicks,keyword_page_report,,clicks,dimension:column,mechanical,Low,,views/keyword_page_report.view.lkml,52,82b3ab594f0d8f518072f3e1cc4f4ce8ac1d576e
dimension,looker:analytics:field:keyword_page_report:country,keyword_page_report,,country,dimension:column,mechanical,Low,,views/keyword_page_report.view.lkml,32,82b3ab594f0d8f518072f3e1cc4f4ce8ac1d576e
dimension,looker:analytics:field:keyword_page_report:ctr,keyword_page_report,,ctr,dimension:column,mechanical,Low,,views/keyword_page_report.view.lkml,59,82b3ab594f0d8f518072f3e1cc4f4ce8ac1d576e
dimension,looker:analytics:field:keyword_page_report:device,keyword_page_report,,device,dimension:column,mechanical,Low,,views/keyword_page_report.view.lkml,27,82b3ab594f0d8f518072f3e1cc4f4ce8ac1d576e
dimension,looker:analytics:field:keyword_page_report:impressions,keyword_page_report,,impressions,dimension:column,mechanical,Low,,views/keyword_page_report.view.lkml,65,82b3ab594f0d8f518072f3e1cc4f4ce8ac1d576e
dimension,looker:analytics:field:keyword_page_report:page,keyword_page_report,,page,dimension:column,mechanical,Low,,views/keyword_page_report.view.lkml,47,82b3ab594f0d8f518072f3e1cc4f4ce8ac1d576e
dimension,looker:analytics:field:keyword_page_report:pk,keyword_page_report,,pk,dimension:derived,mechanical,Low,,views/keyword_page_report.view.lkml,15,82b3ab594f0d8f518072f3e1cc4f4ce8ac1d576e
dimension,looker:analytics:field:keyword_page_report:position,keyword_page_report,,position,dimension:column,mechanical,Low,,views/keyword_page_report.view.lkml,92,82b3ab594f0d8f518072f3e1cc4f4ce8ac1d576e
dimension,looker:analytics:field:keyword_page_report:query,keyword_page_report,,query,dimension:column,mechanical,Low,,views/keyword_page_report.view.lkml,22,82b3ab594f0d8f518072f3e1cc4f4ce8ac1d576e
dimension,looker:analytics:field:keyword_page_report:search_type,keyword_page_report,,search_type,dimension:column,mechanical,Low,,views/keyword_page_report.view.lkml,37,82b3ab594f0d8f518072f3e1cc4f4ce8ac1d576e
dimension,looker:analytics:field:keyword_page_report:site,keyword_page_report,,site,dimension:column,mechanical,Low,,views/keyword_page_report.view.lkml,42,82b3ab594f0d8f518072f3e1cc4f4ce8ac1d576e
dimension,looker:analytics:field:kpi_scorecard:amber_threshold,kpi_scorecard,,amber_threshold,dimension:column,mechanical,Low,,views/kpi_scorecard.view.lkml,162,82b3ab594f0d8f518072f3e1cc4f4ce8ac1d576e
dimension,looker:analytics:field:kpi_scorecard:green_threshold,kpi_scorecard,,green_threshold,dimension:column,mechanical,Low,,views/kpi_scorecard.view.lkml,154,82b3ab594f0d8f518072f3e1cc4f4ce8ac1d576e
dimension,looker:analytics:field:kpi_scorecard:higher_is_better,kpi_scorecard,,higher_is_better,dimension:column,mechanical,Low,,views/kpi_scorecard.view.lkml,89,82b3ab594f0d8f518072f3e1cc4f4ce8ac1d576e
dimension,looker:analytics:field:kpi_scorecard:is_complete_month,kpi_scorecard,,is_complete_month,dimension:derived,mechanical,Low,,views/kpi_scorecard.view.lkml,36,82b3ab594f0d8f518072f3e1cc4f4ce8ac1d576e
dimension,looker:analytics:field:kpi_scorecard:is_current_month,kpi_scorecard,,is_current_month,dimension:derived,mechanical,Low,,views/kpi_scorecard.view.lkml,29,82b3ab594f0d8f518072f3e1cc4f4ce8ac1d576e
dimension,looker:analytics:field:kpi_scorecard:kpi_code,kpi_scorecard,,kpi_code,dimension:column,mechanical,Low,,views/kpi_scorecard.view.lkml,53,82b3ab594f0d8f518072f3e1cc4f4ce8ac1d576e
dimension,looker:analytics:field:kpi_scorecard:kpi_domain,kpi_scorecard,,kpi_domain,dimension:column,mechanical,Low,,views/kpi_scorecard.view.lkml,68,82b3ab594f0d8f518072f3e1cc4f4ce8ac1d576e
dimension,looker:analytics:field:kpi_scorecard:kpi_input_value,kpi_scorecard,,kpi_input_value,dimension:column,mechanical,Low,,views/kpi_scorecard.view.lkml,120,82b3ab594f0d8f518072f3e1cc4f4ce8ac1d576e
dimension,looker:analytics:field:kpi_scorecard:kpi_name,kpi_scorecard,,kpi_name,dimension:column,mechanical,Low,,views/kpi_scorecard.view.lkml,61,82b3ab594f0d8f518072f3e1cc4f4ce8ac1d576e
dimension,looker:analytics:field:kpi_scorecard:kpi_rag_sort_order,kpi_scorecard,,kpi_rag_sort_order,dimension:derived,mechanical,Low,,views/kpi_scorecard.view.lkml,209,82b3ab594f0d8f518072f3e1cc4f4ce8ac1d576e
dimension,looker:analytics:field:kpi_scorecard:kpi_rag_status,kpi_scorecard,,kpi_rag_status,dimension:html,redesign,High,html (Liquid) withheld; the dimension itself is still emitted,views/kpi_scorecard.view.lkml,190,82b3ab594f0d8f518072f3e1cc4f4ce8ac1d576e
dimension,looker:analytics:field:kpi_scorecard:kpi_target,kpi_scorecard,,kpi_target,dimension:column,mechanical,Low,,views/kpi_scorecard.view.lkml,136,82b3ab594f0d8f518072f3e1cc4f4ce8ac1d576e
dimension,looker:analytics:field:kpi_scorecard:kpi_target_value,kpi_scorecard,,kpi_target_value,dimension:column,mechanical,Low,,views/kpi_scorecard.view.lkml,128,82b3ab594f0d8f518072f3e1cc4f4ce8ac1d576e
dimension,looker:analytics:field:kpi_scorecard:kpi_unit,kpi_scorecard,,kpi_unit,dimension:column,mechanical,Low,,views/kpi_scorecard.view.lkml,82,82b3ab594f0d8f518072f3e1cc4f4ce8ac1d576e
dimension,looker:analytics:field:kpi_scorecard:kpi_value,kpi_scorecard,,kpi_value,dimension:column,mechanical,Low,,views/kpi_scorecard.view.lkml,98,82b3ab594f0d8f518072f3e1cc4f4ce8ac1d576e
dimension,looker:analytics:field:kpi_scorecard:kpi_value_formatted,kpi_scorecard,,kpi_value_formatted,dimension:derived,mechanical,Low,,views/kpi_scorecard.view.lkml,106,82b3ab594f0d8f518072f3e1cc4f4ce8ac1d576e
dimension,looker:analytics:field:kpi_scorecard:mtd_fraction,kpi_scorecard,,mtd_fraction,dimension,assisted,Medium,custom value_format '0.0000' not in mapping table,views/kpi_scorecard.view.lkml,172,82b3ab594f0d8f518072f3e1cc4f4ce8ac1d576e
dimension,looker:analytics:field:kpi_scorecard:pct_of_target,kpi_scorecard,,pct_of_target,dimension:derived,mechanical,Low,,views/kpi_scorecard.view.lkml,144,82b3ab594f0d8f518072f3e1cc4f4ce8ac1d576e
dimension,looker:analytics:field:kpi_scorecard:pk,kpi_scorecard,,pk,dimension:derived,mechanical,Low,,views/kpi_scorecard.view.lkml,11,82b3ab594f0d8f518072f3e1cc4f4ce8ac1d576e
dimension,looker:analytics:field:kpi_scorecard:qtd_fraction,kpi_scorecard,,qtd_fraction,dimension,assisted,Medium,custom value_format '0.0000' not in mapping table,views/kpi_scorecard.view.lkml,180,82b3ab594f0d8f518072f3e1cc4f4ce8ac1d576e
dimension,looker:analytics:field:linkedin_company_pages:commentary,linkedin_company_pages,,commentary,dimension:column,mechanical,Low,,views/linkedin_company_pages.view.lkml,39,82b3ab594f0d8f518072f3e1cc4f4ce8ac1d576e
dimension,looker:analytics:field:linkedin_company_pages:lifecycle_state,linkedin_company_pages,,lifecycle_state,dimension:column,mechanical,Low,,views/linkedin_company_pages.view.lkml,34,82b3ab594f0d8f518072f3e1cc4f4ce8ac1d576e
dimension,looker:analytics:field:linkedin_company_pages:organization_id,linkedin_company_pages,,organization_id,dimension:column,mechanical,Low,,views/linkedin_company_pages.view.lkml,44,82b3ab594f0d8f518072f3e1cc4f4ce8ac1d576e
dimension,looker:analytics:field:linkedin_company_pages:organization_name,linkedin_company_pages,,organization_name,dimension:column,mechanical,Low,,views/linkedin_company_pages.view.lkml,59,82b3ab594f0d8f518072f3e1cc4f4ce8ac1d576e
dimension,looker:analytics:field:linkedin_company_pages:post_author,linkedin_company_pages,,post_author,dimension:column,mechanical,Low,,views/linkedin_company_pages.view.lkml,19,82b3ab594f0d8f518072f3e1cc4f4ce8ac1d576e
dimension,looker:analytics:field:linkedin_company_pages:post_title,linkedin_company_pages,,post_title,dimension:column,mechanical,Low,,views/linkedin_company_pages.view.lkml,49,82b3ab594f0d8f518072f3e1cc4f4ce8ac1d576e
dimension,looker:analytics:field:linkedin_company_pages:post_type,linkedin_company_pages,,post_type,dimension:column,mechanical,Low,,views/linkedin_company_pages.view.lkml,54,82b3ab594f0d8f518072f3e1cc4f4ce8ac1d576e
dimension,looker:analytics:field:linkedin_company_pages:post_url,linkedin_company_pages,,post_url,dimension:column,mechanical,Low,,views/linkedin_company_pages.view.lkml,24,82b3ab594f0d8f518072f3e1cc4f4ce8ac1d576e
dimension,looker:analytics:field:linkedin_company_pages:ugc_post_id,linkedin_company_pages,,ugc_post_id,dimension:column,mechanical,Low,,views/linkedin_company_pages.view.lkml,13,82b3ab594f0d8f518072f3e1cc4f4ce8ac1d576e
dimension,looker:analytics:field:looker_usage_fact:company_pk,looker_usage_fact,,company_pk,dimension:column,mechanical,Low,,views/looker_usage_fact.view.lkml,25,82b3ab594f0d8f518072f3e1cc4f4ce8ac1d576e
dimension,looker:analytics:field:looker_usage_fact:contact_pk,looker_usage_fact,,contact_pk,dimension:column,mechanical,Low,,views/looker_usage_fact.view.lkml,48,82b3ab594f0d8f518072f3e1cc4f4ce8ac1d576e
dimension,looker:analytics:field:looker_usage_fact:dashboard_title,looker_usage_fact,,dashboard_title,dimension:column,mechanical,Low,,views/looker_usage_fact.view.lkml,54,82b3ab594f0d8f518072f3e1cc4f4ce8ac1d576e
dimension,looker:analytics:field:looker_usage_fact:dialect,looker_usage_fact,,dialect,dimension:column,mechanical,Low,,views/looker_usage_fact.view.lkml,61,82b3ab594f0d8f518072f3e1cc4f4ce8ac1d576e
dimension,looker:analytics:field:looker_usage_fact:explore,looker_usage_fact,,explore,dimension:column,mechanical,Low,,views/looker_usage_fact.view.lkml,68,82b3ab594f0d8f518072f3e1cc4f4ce8ac1d576e
dimension,looker:analytics:field:looker_usage_fact:id,looker_usage_fact,,id,dimension:column,mechanical,Low,,views/looker_usage_fact.view.lkml,6,82b3ab594f0d8f518072f3e1cc4f4ce8ac1d576e
dimension,looker:analytics:field:looker_usage_fact:issuer_source,looker_usage_fact,,issuer_source,dimension:column,mechanical,Low,,views/looker_usage_fact.view.lkml,75,82b3ab594f0d8f518072f3e1cc4f4ce8ac1d576e
dimension,looker:analytics:field:looker_usage_fact:looker_usage_pk,looker_usage_fact,,looker_usage_pk,dimension:column,mechanical,Low,,views/looker_usage_fact.view.lkml,82,82b3ab594f0d8f518072f3e1cc4f4ce8ac1d576e
dimension,looker:analytics:field:looker_usage_fact:name,looker_usage_fact,,name,dimension:column,mechanical,Low,,views/looker_usage_fact.view.lkml,88,82b3ab594f0d8f518072f3e1cc4f4ce8ac1d576e
dimension,looker:analytics:field:looker_usage_fact:rebuild_pdts_yes_no_,looker_usage_fact,,rebuild_pdts_yes_no_,dimension:column,mechanical,Low,,views/looker_usage_fact.view.lkml,95,82b3ab594f0d8f518072f3e1cc4f4ce8ac1d576e
dimension,looker:analytics:field:looker_usage_fact:status,looker_usage_fact,,status,dimension:column,mechanical,Low,,views/looker_usage_fact.view.lkml,102,82b3ab594f0d8f518072f3e1cc4f4ce8ac1d576e
dimension,looker:analytics:field:looker_usage_fact:title,looker_usage_fact,,title,dimension:column,mechanical,Low,,views/looker_usage_fact.view.lkml,109,82b3ab594f0d8f518072f3e1cc4f4ce8ac1d576e
dimension,looker:analytics:field:looker_usage_stats:client,looker_usage_stats,,client,dimension:derived,mechanical,Low,,views/looker_usage_stats.view.lkml,40,82b3ab594f0d8f518072f3e1cc4f4ce8ac1d576e
dimension,looker:analytics:field:looker_usage_stats:client_alias,looker_usage_stats,,client_alias,dimension:derived,mechanical,Low,,views/looker_usage_stats.view.lkml,47,82b3ab594f0d8f518072f3e1cc4f4ce8ac1d576e
dimension,looker:analytics:field:looker_usage_stats:dashboard_title,looker_usage_stats,,dashboard_title,dimension:column,mechanical,Low,,views/looker_usage_stats.view.lkml,128,82b3ab594f0d8f518072f3e1cc4f4ce8ac1d576e
dimension,looker:analytics:field:looker_usage_stats:dialect,looker_usage_stats,,dialect,dimension:derived,mechanical,Low,,views/looker_usage_stats.view.lkml,74,82b3ab594f0d8f518072f3e1cc4f4ce8ac1d576e
dimension,looker:analytics:field:looker_usage_stats:explore,looker_usage_stats,,explore,dimension:derived,mechanical,Low,,views/looker_usage_stats.view.lkml,79,82b3ab594f0d8f518072f3e1cc4f4ce8ac1d576e
dimension,looker:analytics:field:looker_usage_stats:id,looker_usage_stats,,id,dimension:derived,mechanical,Low,,views/looker_usage_stats.view.lkml,84,82b3ab594f0d8f518072f3e1cc4f4ce8ac1d576e
dimension,looker:analytics:field:looker_usage_stats:issuer_source,looker_usage_stats,,issuer_source,dimension:derived,mechanical,Low,,views/looker_usage_stats.view.lkml,89,82b3ab594f0d8f518072f3e1cc4f4ce8ac1d576e
dimension,looker:analytics:field:looker_usage_stats:name,looker_usage_stats,,name,dimension:derived,mechanical,Low,,views/looker_usage_stats.view.lkml,94,82b3ab594f0d8f518072f3e1cc4f4ce8ac1d576e
dimension,looker:analytics:field:looker_usage_stats:pk,looker_usage_stats,,pk,dimension:column,mechanical,Low,,views/looker_usage_stats.view.lkml,100,82b3ab594f0d8f518072f3e1cc4f4ce8ac1d576e
dimension,looker:analytics:field:looker_usage_stats:rebuild_pdts_yes_no_,looker_usage_stats,,rebuild_pdts_yes_no_,dimension:derived,mechanical,Low,,views/looker_usage_stats.view.lkml,107,82b3ab594f0d8f518072f3e1cc4f4ce8ac1d576e
dimension,looker:analytics:field:looker_usage_stats:source,looker_usage_stats,,source,dimension:derived,mechanical,Low,,views/looker_usage_stats.view.lkml,112,82b3ab594f0d8f518072f3e1cc4f4ce8ac1d576e
dimension,looker:analytics:field:looker_usage_stats:status,looker_usage_stats,,status,dimension:derived,mechanical,Low,,views/looker_usage_stats.view.lkml,117,82b3ab594f0d8f518072f3e1cc4f4ce8ac1d576e
dimension,looker:analytics:field:looker_usage_stats:title,looker_usage_stats,,title,dimension:derived,mechanical,Low,,views/looker_usage_stats.view.lkml,122,82b3ab594f0d8f518072f3e1cc4f4ce8ac1d576e
dimension,looker:analytics:field:marketing_content_dim:article_stub,marketing_content_dim,,article_stub,dimension:derived,mechanical,Low,,views/marketing_content_dim.view.lkml,69,82b3ab594f0d8f518072f3e1cc4f4ce8ac1d576e
dimension,looker:analytics:field:marketing_content_dim:interaction_content,marketing_content_dim,,interaction_content,dimension:column,mechanical,Low,,views/marketing_content_dim.view.lkml,14,82b3ab594f0d8f518072f3e1cc4f4ce8ac1d576e
dimension,looker:analytics:field:marketing_content_dim:interaction_content_id,marketing_content_dim,,interaction_content_id,dimension:column,mechanical,Low,,views/marketing_content_dim.view.lkml,19,82b3ab594f0d8f518072f3e1cc4f4ce8ac1d576e
dimension,looker:analytics:field:marketing_content_dim:interaction_reported_comment_count,marketing_content_dim,,interaction_reported_comment_count,dimension:column,mechanical,Low,,views/marketing_content_dim.view.lkml,42,82b3ab594f0d8f518072f3e1cc4f4ce8ac1d576e
dimension,looker:analytics:field:marketing_content_dim:interaction_reported_like_count,marketing_content_dim,,interaction_reported_like_count,dimension:column,mechanical,Low,,views/marketing_content_dim.view.lkml,54,82b3ab594f0d8f518072f3e1cc4f4ce8ac1d576e
dimension,looker:analytics:field:marketing_content_dim:marketing_content_pk,marketing_content_dim,,marketing_content_pk,dimension:column,mechanical,Low,,views/marketing_content_dim.view.lkml,77,82b3ab594f0d8f518072f3e1cc4f4ce8ac1d576e
dimension,looker:analytics:field:marketing_content_dim:post_reported_follower_count,marketing_content_dim,,post_reported_follower_count,dimension:column,mechanical,Low,,views/marketing_content_dim.view.lkml,90,82b3ab594f0d8f518072f3e1cc4f4ce8ac1d576e
dimension,looker:analytics:field:marketing_content_dim:post_reported_impression_count,marketing_content_dim,,post_reported_impression_count,dimension:column,mechanical,Low,,views/marketing_content_dim.view.lkml,84,82b3ab594f0d8f518072f3e1cc4f4ce8ac1d576e
dimension,looker:analytics:field:marketing_content_dim:post_url,marketing_content_dim,,post_url,dimension:column,mechanical,Low,,views/marketing_content_dim.view.lkml,64,82b3ab594f0d8f518072f3e1cc4f4ce8ac1d576e
dimension,looker:analytics:field:marketing_content_dim:utm_account,marketing_content_dim,,utm_account,dimension:column,mechanical,Low,,views/marketing_content_dim.view.lkml,97,82b3ab594f0d8f518072f3e1cc4f4ce8ac1d576e
dimension,looker:analytics:field:marketing_content_dim:utm_medium,marketing_content_dim,,utm_medium,dimension:column,mechanical,Low,,views/marketing_content_dim.view.lkml,102,82b3ab594f0d8f518072f3e1cc4f4ce8ac1d576e
dimension,looker:analytics:field:marketing_content_dim:utm_source,marketing_content_dim,,utm_source,dimension:column,mechanical,Low,,views/marketing_content_dim.view.lkml,107,82b3ab594f0d8f518072f3e1cc4f4ce8ac1d576e
dimension,looker:analytics:field:marketing_interactions_fact:contact_id,marketing_interactions_fact,,contact_id,dimension:column,mechanical,Low,,views/marketing_interactions_fact.view.lkml,14,82b3ab594f0d8f518072f3e1cc4f4ce8ac1d576e
dimension,looker:analytics:field:marketing_interactions_fact:contact_pk,marketing_interactions_fact,,contact_pk,dimension:column,mechanical,Low,,views/marketing_interactions_fact.view.lkml,20,82b3ab594f0d8f518072f3e1cc4f4ce8ac1d576e
dimension,looker:analytics:field:marketing_interactions_fact:interaction_content_id,marketing_interactions_fact,,interaction_content_id,dimension:column,mechanical,Low,,views/marketing_interactions_fact.view.lkml,27,82b3ab594f0d8f518072f3e1cc4f4ce8ac1d576e
dimension,looker:analytics:field:marketing_interactions_fact:interaction_event_details,marketing_interactions_fact,,interaction_event_details,dimension:column,mechanical,Low,,views/marketing_interactions_fact.view.lkml,34,82b3ab594f0d8f518072f3e1cc4f4ce8ac1d576e
dimension,looker:analytics:field:marketing_interactions_fact:interaction_event_name,marketing_interactions_fact,,interaction_event_name,dimension:column,mechanical,Low,,views/marketing_interactions_fact.view.lkml,39,82b3ab594f0d8f518072f3e1cc4f4ce8ac1d576e
dimension,looker:analytics:field:marketing_interactions_fact:marketing_content_pk,marketing_interactions_fact,,marketing_content_pk,dimension:column,mechanical,Low,,views/marketing_interactions_fact.view.lkml,84,82b3ab594f0d8f518072f3e1cc4f4ce8ac1d576e
dimension,looker:analytics:field:marketing_interactions_fact:marketing_interaction_pk,marketing_interactions_fact,,marketing_interaction_pk,dimension:column,mechanical,Low,,views/marketing_interactions_fact.view.lkml,91,82b3ab594f0d8f518072f3e1cc4f4ce8ac1d576e
dimension,looker:analytics:field:marketing_interactions_fact:platform_name,marketing_interactions_fact,,platform_name,dimension:column,mechanical,Low,,views/marketing_interactions_fact.view.lkml,79,82b3ab594f0d8f518072f3e1cc4f4ce8ac1d576e
dimension,looker:analytics:field:meeting_contact_lines_fact:_dbt_source_relation,meeting_contact_lines_fact,,_dbt_source_relation,dimension:column,mechanical,Low,,views/meeting_contact_lines_fact.view.lkml,4,82b3ab594f0d8f518072f3e1cc4f4ce8ac1d576e
dimension,looker:analytics:field:meeting_contact_lines_fact:company_fk,meeting_contact_lines_fact,,company_fk,dimension:column,mechanical,Low,,views/meeting_contact_lines_fact.view.lkml,10,82b3ab594f0d8f518072f3e1cc4f4ce8ac1d576e
dimension,looker:analytics:field:meeting_contact_lines_fact:company_name,meeting_contact_lines_fact,,company_name,dimension:column,mechanical,Low,,views/meeting_contact_lines_fact.view.lkml,16,82b3ab594f0d8f518072f3e1cc4f4ce8ac1d576e
dimension,looker:analytics:field:meeting_contact_lines_fact:contact_name,meeting_contact_lines_fact,,contact_name,dimension:column,mechanical,Low,,views/meeting_contact_lines_fact.view.lkml,26,82b3ab594f0d8f518072f3e1cc4f4ce8ac1d576e
dimension,looker:analytics:field:meeting_contact_lines_fact:meeting_contact_line_pk,meeting_contact_lines_fact,,meeting_contact_line_pk,dimension:column,mechanical,Low,,views/meeting_contact_lines_fact.view.lkml,30,82b3ab594f0d8f518072f3e1cc4f4ce8ac1d576e
dimension,looker:analytics:field:meeting_contact_lines_fact:person_fk,meeting_contact_lines_fact,,person_fk,dimension:column,mechanical,Low,,views/meeting_contact_lines_fact.view.lkml,20,82b3ab594f0d8f518072f3e1cc4f4ce8ac1d576e
dimension,looker:analytics:field:meeting_contact_lines_fact:recording_url,meeting_contact_lines_fact,,recording_url,dimension:column,mechanical,Low,,views/meeting_contact_lines_fact.view.lkml,36,82b3ab594f0d8f518072f3e1cc4f4ce8ac1d576e
dimension,looker:analytics:field:meeting_contact_lines_fact:text,meeting_contact_lines_fact,,text,dimension:column,mechanical,Low,,views/meeting_contact_lines_fact.view.lkml,40,82b3ab594f0d8f518072f3e1cc4f4ce8ac1d576e
dimension,looker:analytics:field:messages_fact:_dbt_source_relation,messages_fact,,_dbt_source_relation,dimension:column,mechanical,Low,,views/messages_fact.view.lkml,4,82b3ab594f0d8f518072f3e1cc4f4ce8ac1d576e
dimension,looker:analytics:field:messages_fact:channel_id,messages_fact,,channel_id,dimension:column,mechanical,Low,,views/messages_fact.view.lkml,10,82b3ab594f0d8f518072f3e1cc4f4ce8ac1d576e
dimension,looker:analytics:field:messages_fact:channel_name,messages_fact,,channel_name,dimension:column,mechanical,Low,,views/messages_fact.view.lkml,15,82b3ab594f0d8f518072f3e1cc4f4ce8ac1d576e
dimension,looker:analytics:field:messages_fact:company_fk,messages_fact,,company_fk,dimension:column,mechanical,Low,,views/messages_fact.view.lkml,19,82b3ab594f0d8f518072f3e1cc4f4ce8ac1d576e
dimension,looker:analytics:field:messages_fact:contact_fk,messages_fact,,contact_fk,dimension:column,mechanical,Low,,views/messages_fact.view.lkml,25,82b3ab594f0d8f518072f3e1cc4f4ce8ac1d576e
dimension,looker:analytics:field:messages_fact:looked_up_user_name_1,messages_fact,,looked_up_user_name_1,dimension:column,mechanical,Low,,views/messages_fact.view.lkml,31,82b3ab594f0d8f518072f3e1cc4f4ce8ac1d576e
dimension,looker:analytics:field:messages_fact:looked_up_user_name_2,messages_fact,,looked_up_user_name_2,dimension:column,mechanical,Low,,views/messages_fact.view.lkml,37,82b3ab594f0d8f518072f3e1cc4f4ce8ac1d576e
dimension,looker:analytics:field:messages_fact:looked_up_user_name_3,messages_fact,,looked_up_user_name_3,dimension:column,mechanical,Low,,views/messages_fact.view.lkml,43,82b3ab594f0d8f518072f3e1cc4f4ce8ac1d576e
dimension,looker:analytics:field:messages_fact:message_id,messages_fact,,message_id,dimension:column,mechanical,Low,,views/messages_fact.view.lkml,49,82b3ab594f0d8f518072f3e1cc4f4ce8ac1d576e
dimension,looker:analytics:field:messages_fact:message_pk,messages_fact,,message_pk,dimension:column,mechanical,Low,,views/messages_fact.view.lkml,55,82b3ab594f0d8f518072f3e1cc4f4ce8ac1d576e
dimension,looker:analytics:field:messages_fact:message_subtype,messages_fact,,message_subtype,dimension:column,mechanical,Low,,views/messages_fact.view.lkml,61,82b3ab594f0d8f518072f3e1cc4f4ce8ac1d576e
dimension,looker:analytics:field:messages_fact:message_text,messages_fact,,message_text,dimension:column,mechanical,Low,,views/messages_fact.view.lkml,65,82b3ab594f0d8f518072f3e1cc4f4ce8ac1d576e
dimension,looker:analytics:field:messages_fact:message_type,messages_fact,,message_type,dimension:column,mechanical,Low,,views/messages_fact.view.lkml,74,82b3ab594f0d8f518072f3e1cc4f4ce8ac1d576e
dimension,looker:analytics:field:messages_fact:message_uuid,messages_fact,,message_uuid,dimension:column,mechanical,Low,,views/messages_fact.view.lkml,78,82b3ab594f0d8f518072f3e1cc4f4ce8ac1d576e
dimension,looker:analytics:field:messages_fact:parent_message_id,messages_fact,,parent_message_id,dimension:column,mechanical,Low,,views/messages_fact.view.lkml,85,82b3ab594f0d8f518072f3e1cc4f4ce8ac1d576e
dimension,looker:analytics:field:monthly_performance_fact:average_average_nps_survey_score,monthly_performance_fact,,average_average_nps_survey_score,dimension:column,mechanical,Low,,views/monthly_performance_fact.view.lkml,14,82b3ab594f0d8f518072f3e1cc4f4ce8ac1d576e
dimension,looker:analytics:field:monthly_performance_fact:date_spine_dim_date_month,monthly_performance_fact,,date_spine_dim_date_month,dimension:column,mechanical,Low,,views/monthly_performance_fact.view.lkml,19,82b3ab594f0d8f518072f3e1cc4f4ce8ac1d576e
dimension,looker:analytics:field:monthly_performance_fact:pct_blog_page_views_of_all_page_views,monthly_performance_fact,,pct_blog_page_views_of_all_page_views,dimension:column,mechanical,Low,,views/monthly_performance_fact.view.lkml,24,82b3ab594f0d8f518072f3e1cc4f4ce8ac1d576e
dimension,looker:analytics:field:monthly_performance_fact:pct_cost_of_delivery,monthly_performance_fact,,pct_cost_of_delivery,dimension:column,mechanical,Low,,views/monthly_performance_fact.view.lkml,29,82b3ab594f0d8f518072f3e1cc4f4ce8ac1d576e
dimension,looker:analytics:field:monthly_performance_fact:pct_cost_of_overheads,monthly_performance_fact,,pct_cost_of_overheads,dimension:column,mechanical,Low,,views/monthly_performance_fact.view.lkml,45,82b3ab594f0d8f518072f3e1cc4f4ce8ac1d576e
dimension,looker:analytics:field:monthly_performance_fact:pct_delivery_team_utilization,monthly_performance_fact,,pct_delivery_team_utilization,dimension:column,mechanical,Low,,views/monthly_performance_fact.view.lkml,50,82b3ab594f0d8f518072f3e1cc4f4ce8ac1d576e
dimension,looker:analytics:field:monthly_performance_fact:pct_marketing_page_views_of_all_page_views,monthly_performance_fact,,pct_marketing_page_views_of_all_page_views,dimension:column,mechanical,Low,,views/monthly_performance_fact.view.lkml,55,82b3ab594f0d8f518072f3e1cc4f4ce8ac1d576e
dimension,looker:analytics:field:monthly_performance_fact:pct_new_sales_leads_to_target,monthly_performance_fact,,pct_new_sales_leads_to_target,dimension:column,mechanical,Low,,views/monthly_performance_fact.view.lkml,60,82b3ab594f0d8f518072f3e1cc4f4ce8ac1d576e
dimension,looker:analytics:field:monthly_performance_fact:pct_profit_to_target,monthly_performance_fact,,pct_profit_to_target,dimension:column,mechanical,Low,,views/monthly_performance_fact.view.lkml,65,82b3ab594f0d8f518072f3e1cc4f4ce8ac1d576e
dimension,looker:analytics:field:monthly_performance_fact:pct_revenue_to_target,monthly_performance_fact,,pct_revenue_to_target,dimension:column,mechanical,Low,,views/monthly_performance_fact.view.lkml,70,82b3ab594f0d8f518072f3e1cc4f4ce8ac1d576e
dimension,looker:analytics:field:monthly_performance_fact:pct_services_page_views_of_all_page_views,monthly_performance_fact,,pct_services_page_views_of_all_page_views,dimension:column,mechanical,Low,,views/monthly_performance_fact.view.lkml,75,82b3ab594f0d8f518072f3e1cc4f4ce8ac1d576e
dimension,looker:analytics:field:monthly_performance_fact:pct_won_deal_amount_to_target,monthly_performance_fact,,pct_won_deal_amount_to_target,dimension:column,mechanical,Low,,views/monthly_performance_fact.view.lkml,80,82b3ab594f0d8f518072f3e1cc4f4ce8ac1d576e
dimension,looker:analytics:field:monthly_performance_fact:total_closed_opportunities_revenue_gbp_target,monthly_performance_fact,,total_closed_opportunities_revenue_gbp_target,dimension:column,mechanical,Low,,views/monthly_performance_fact.view.lkml,85,82b3ab594f0d8f518072f3e1cc4f4ce8ac1d576e
dimension,looker:analytics:field:monthly_performance_fact:total_cost_of_delivery_gbp,monthly_performance_fact,,total_cost_of_delivery_gbp,dimension:column,mechanical,Low,,views/monthly_performance_fact.view.lkml,90,82b3ab594f0d8f518072f3e1cc4f4ce8ac1d576e
dimension,looker:analytics:field:monthly_performance_fact:total_cost_of_overheads_gbp,monthly_performance_fact,,total_cost_of_overheads_gbp,dimension:column,mechanical,Low,,views/monthly_performance_fact.view.lkml,95,82b3ab594f0d8f518072f3e1cc4f4ce8ac1d576e
dimension,looker:analytics:field:monthly_performance_fact:total_delivery_tickets,monthly_performance_fact,,total_delivery_tickets,dimension:column,mechanical,Low,,views/monthly_performance_fact.view.lkml,100,82b3ab594f0d8f518072f3e1cc4f4ce8ac1d576e
dimension,looker:analytics:field:monthly_performance_fact:total_delivery_tickets_completed,monthly_performance_fact,,total_delivery_tickets_completed,dimension:column,mechanical,Low,,views/monthly_performance_fact.view.lkml,105,82b3ab594f0d8f518072f3e1cc4f4ce8ac1d576e
dimension,looker:analytics:field:monthly_performance_fact:total_delivery_tickets_in_progress,monthly_performance_fact,,total_delivery_tickets_in_progress,dimension:column,mechanical,Low,,views/monthly_performance_fact.view.lkml,110,82b3ab594f0d8f518072f3e1cc4f4ce8ac1d576e
dimension,looker:analytics:field:monthly_performance_fact:total_delivery_tickets_not_yet_started,monthly_performance_fact,,total_delivery_tickets_not_yet_started,dimension:column,mechanical,Low,,views/monthly_performance_fact.view.lkml,115,82b3ab594f0d8f518072f3e1cc4f4ce8ac1d576e
dimension,looker:analytics:field:monthly_performance_fact:total_lost_opportunity_amount_gbp,monthly_performance_fact,,total_lost_opportunity_amount_gbp,dimension:column,mechanical,Low,,views/monthly_performance_fact.view.lkml,120,82b3ab594f0d8f518072f3e1cc4f4ce8ac1d576e
dimension,looker:analytics:field:monthly_performance_fact:total_lost_oppportunities,monthly_performance_fact,,total_lost_oppportunities,dimension:column,mechanical,Low,,views/monthly_performance_fact.view.lkml,125,82b3ab594f0d8f518072f3e1cc4f4ce8ac1d576e
dimension,looker:analytics:field:monthly_performance_fact:total_net_profit_gbp,monthly_performance_fact,,total_net_profit_gbp,dimension:column,mechanical,Low,,views/monthly_performance_fact.view.lkml,130,82b3ab594f0d8f518072f3e1cc4f4ce8ac1d576e
dimension,looker:analytics:field:monthly_performance_fact:total_new_cdp_nsales_leads,monthly_performance_fact,,total_new_cdp_nsales_leads,dimension:column,mechanical,Low,,views/monthly_performance_fact.view.lkml,135,82b3ab594f0d8f518072f3e1cc4f4ce8ac1d576e
dimension,looker:analytics:field:monthly_performance_fact:total_new_data_centralization_sales_leads,monthly_performance_fact,,total_new_data_centralization_sales_leads,dimension:column,mechanical,Low,,views/monthly_performance_fact.view.lkml,140,82b3ab594f0d8f518072f3e1cc4f4ce8ac1d576e
dimension,looker:analytics:field:monthly_performance_fact:total_new_marketing_analytics_sales_leads,monthly_performance_fact,,total_new_marketing_analytics_sales_leads,dimension:column,mechanical,Low,,views/monthly_performance_fact.view.lkml,145,82b3ab594f0d8f518072f3e1cc4f4ce8ac1d576e
dimension,looker:analytics:field:monthly_performance_fact:total_nps_survey_results_received,monthly_performance_fact,,total_nps_survey_results_received,dimension:column,mechanical,Low,,views/monthly_performance_fact.view.lkml,150,82b3ab594f0d8f518072f3e1cc4f4ce8ac1d576e
dimension,looker:analytics:field:monthly_performance_fact:total_opportunities,monthly_performance_fact,,total_opportunities,dimension:column,mechanical,Low,,views/monthly_performance_fact.view.lkml,155,82b3ab594f0d8f518072f3e1cc4f4ce8ac1d576e
dimension,looker:analytics:field:monthly_performance_fact:total_opportunities_revenue_gbp_target,monthly_performance_fact,,total_opportunities_revenue_gbp_target,dimension:column,mechanical,Low,,views/monthly_performance_fact.view.lkml,160,82b3ab594f0d8f518072f3e1cc4f4ce8ac1d576e
dimension,looker:analytics:field:monthly_performance_fact:total_opportunity_amount_gbp,monthly_performance_fact,,total_opportunity_amount_gbp,dimension:column,mechanical,Low,,views/monthly_performance_fact.view.lkml,165,82b3ab594f0d8f518072f3e1cc4f4ce8ac1d576e
dimension,looker:analytics:field:monthly_performance_fact:total_other_new_sales_leads,monthly_performance_fact,,total_other_new_sales_leads,dimension:column,mechanical,Low,,views/monthly_performance_fact.view.lkml,170,82b3ab594f0d8f518072f3e1cc4f4ce8ac1d576e
dimension,looker:analytics:field:monthly_performance_fact:total_profit_gbp_target,monthly_performance_fact,,total_profit_gbp_target,dimension:column,mechanical,Low,,views/monthly_performance_fact.view.lkml,175,82b3ab594f0d8f518072f3e1cc4f4ce8ac1d576e
dimension,looker:analytics:field:monthly_performance_fact:total_revenue_gbp,monthly_performance_fact,,total_revenue_gbp,dimension:column,mechanical,Low,,views/monthly_performance_fact.view.lkml,180,82b3ab594f0d8f518072f3e1cc4f4ce8ac1d576e
dimension,looker:analytics:field:monthly_performance_fact:total_revenue_gbp_target,monthly_performance_fact,,total_revenue_gbp_target,dimension:column,mechanical,Low,,views/monthly_performance_fact.view.lkml,185,82b3ab594f0d8f518072f3e1cc4f4ce8ac1d576e
dimension,looker:analytics:field:monthly_performance_fact:total_sales_leads_target,monthly_performance_fact,,total_sales_leads_target,dimension:column,mechanical,Low,,views/monthly_performance_fact.view.lkml,190,82b3ab594f0d8f518072f3e1cc4f4ce8ac1d576e
dimension,looker:analytics:field:monthly_performance_fact:total_timesheet_billable_hours_billed,monthly_performance_fact,,total_timesheet_billable_hours_billed,dimension:column,mechanical,Low,,views/monthly_performance_fact.view.lkml,195,82b3ab594f0d8f518072f3e1cc4f4ce8ac1d576e
dimension,looker:analytics:field:monthly_performance_fact:total_timesheet_cost_amount_gbp,monthly_performance_fact,,total_timesheet_cost_amount_gbp,dimension:column,mechanical,Low,,views/monthly_performance_fact.view.lkml,200,82b3ab594f0d8f518072f3e1cc4f4ce8ac1d576e
dimension,looker:analytics:field:monthly_performance_fact:total_timesheet_hours_billed,monthly_performance_fact,,total_timesheet_hours_billed,dimension:column,mechanical,Low,,views/monthly_performance_fact.view.lkml,205,82b3ab594f0d8f518072f3e1cc4f4ce8ac1d576e
dimension,looker:analytics:field:monthly_performance_fact:total_timesheet_nonbillable_hours_billed,monthly_performance_fact,,total_timesheet_nonbillable_hours_billed,dimension:column,mechanical,Low,,views/monthly_performance_fact.view.lkml,210,82b3ab594f0d8f518072f3e1cc4f4ce8ac1d576e
dimension,looker:analytics:field:monthly_performance_fact:total_unique_website_users,monthly_performance_fact,,total_unique_website_users,dimension:column,mechanical,Low,,views/monthly_performance_fact.view.lkml,215,82b3ab594f0d8f518072f3e1cc4f4ce8ac1d576e
dimension,looker:analytics:field:monthly_performance_fact:total_website_blog_page_views,monthly_performance_fact,,total_website_blog_page_views,dimension:column,mechanical,Low,,views/monthly_performance_fact.view.lkml,220,82b3ab594f0d8f518072f3e1cc4f4ce8ac1d576e
dimension,looker:analytics:field:monthly_performance_fact:total_website_case_study_page_views,monthly_performance_fact,,total_website_case_study_page_views,dimension:column,mechanical,Low,,views/monthly_performance_fact.view.lkml,225,82b3ab594f0d8f518072f3e1cc4f4ce8ac1d576e
dimension,looker:analytics:field:monthly_performance_fact:total_website_marketing_page_views,monthly_performance_fact,,total_website_marketing_page_views,dimension:column,mechanical,Low,,views/monthly_performance_fact.view.lkml,230,82b3ab594f0d8f518072f3e1cc4f4ce8ac1d576e
dimension,looker:analytics:field:monthly_performance_fact:total_website_meeting_bookings,monthly_performance_fact,,total_website_meeting_bookings,dimension:column,mechanical,Low,,views/monthly_performance_fact.view.lkml,235,82b3ab594f0d8f518072f3e1cc4f4ce8ac1d576e
dimension,looker:analytics:field:monthly_performance_fact:total_website_page_views,monthly_performance_fact,,total_website_page_views,dimension:column,mechanical,Low,,views/monthly_performance_fact.view.lkml,240,82b3ab594f0d8f518072f3e1cc4f4ce8ac1d576e
dimension,looker:analytics:field:monthly_performance_fact:total_website_services_page_views,monthly_performance_fact,,total_website_services_page_views,dimension:column,mechanical,Low,,views/monthly_performance_fact.view.lkml,245,82b3ab594f0d8f518072f3e1cc4f4ce8ac1d576e
dimension,looker:analytics:field:monthly_performance_fact:total_website_sessions,monthly_performance_fact,,total_website_sessions,dimension:column,mechanical,Low,,views/monthly_performance_fact.view.lkml,250,82b3ab594f0d8f518072f3e1cc4f4ce8ac1d576e
dimension,looker:analytics:field:monthly_performance_fact:total_weighted_opportunity_pipeline_amount_gbp,monthly_performance_fact,,total_weighted_opportunity_pipeline_amount_gbp,dimension:column,mechanical,Low,,views/monthly_performance_fact.view.lkml,255,82b3ab594f0d8f518072f3e1cc4f4ce8ac1d576e
dimension,looker:analytics:field:monthly_performance_fact:total_won_opportunity_amount_gbp,monthly_performance_fact,,total_won_opportunity_amount_gbp,dimension:column,mechanical,Low,,views/monthly_performance_fact.view.lkml,260,82b3ab594f0d8f518072f3e1cc4f4ce8ac1d576e
dimension,looker:analytics:field:monthly_performance_fact:total_won_oppportunities,monthly_performance_fact,,total_won_oppportunities,dimension:column,mechanical,Low,,views/monthly_performance_fact.view.lkml,265,82b3ab594f0d8f518072f3e1cc4f4ce8ac1d576e
dimension,looker:analytics:field:monthly_resource_revenue_forecast_fact:buyer_confirmed_budget_available,monthly_resource_revenue_forecast_fact,,buyer_confirmed_budget_available,dimension:column,mechanical,Low,,views/monthly_resource_revenue_forecast_fact.view.lkml,137,82b3ab594f0d8f518072f3e1cc4f4ce8ac1d576e
dimension,looker:analytics:field:monthly_resource_revenue_forecast_fact:deal_partner_referral,monthly_resource_revenue_forecast_fact,,deal_partner_referral,dimension:column,mechanical,Low,,views/monthly_resource_revenue_forecast_fact.view.lkml,110,82b3ab594f0d8f518072f3e1cc4f4ce8ac1d576e
dimension,looker:analytics:field:monthly_resource_revenue_forecast_fact:deal_source,monthly_resource_revenue_forecast_fact,,deal_source,dimension:column,mechanical,Low,,views/monthly_resource_revenue_forecast_fact.view.lkml,115,82b3ab594f0d8f518072f3e1cc4f4ce8ac1d576e
dimension,looker:analytics:field:monthly_resource_revenue_forecast_fact:dynamic_split,monthly_resource_revenue_forecast_fact,,dynamic_split,dimension:liquid,redesign,High,Liquid in sql or label: templated filter or dashboard control,views/monthly_resource_revenue_forecast_fact.view.lkml,80,82b3ab594f0d8f518072f3e1cc4f4ce8ac1d576e
dimension,looker:analytics:field:monthly_resource_revenue_forecast_fact:engagement_name,monthly_resource_revenue_forecast_fact,,engagement_name,dimension:column,mechanical,Low,,views/monthly_resource_revenue_forecast_fact.view.lkml,105,82b3ab594f0d8f518072f3e1cc4f4ce8ac1d576e
dimension,looker:analytics:field:monthly_resource_revenue_forecast_fact:forecast_hourly_deal_rate,monthly_resource_revenue_forecast_fact,,forecast_hourly_deal_rate,dimension:column,mechanical,Low,,views/monthly_resource_revenue_forecast_fact.view.lkml,205,82b3ab594f0d8f518072f3e1cc4f4ce8ac1d576e
dimension,looker:analytics:field:monthly_resource_revenue_forecast_fact:forecast_monthly_deal_revenue_gbp,monthly_resource_revenue_forecast_fact,,forecast_monthly_deal_revenue_gbp,dimension:column,mechanical,Low,,views/monthly_resource_revenue_forecast_fact.view.lkml,167,82b3ab594f0d8f518072f3e1cc4f4ce8ac1d576e
dimension,looker:analytics:field:monthly_resource_revenue_forecast_fact:forecast_pk,monthly_resource_revenue_forecast_fact,,forecast_pk,dimension:column,mechanical,Low,,views/monthly_resource_revenue_forecast_fact.view.lkml,98,82b3ab594f0d8f518072f3e1cc4f4ce8ac1d576e
dimension,looker:analytics:field:monthly_resource_revenue_forecast_fact:forecast_type,monthly_resource_revenue_forecast_fact,,forecast_type,dimension:column,mechanical,Low,,views/monthly_resource_revenue_forecast_fact.view.lkml,132,82b3ab594f0d8f518072f3e1cc4f4ce8ac1d576e
dimension,looker:analytics:field:monthly_resource_revenue_forecast_fact:forecasted_monthly_hours,monthly_resource_revenue_forecast_fact,,forecasted_monthly_hours,dimension:column,mechanical,Low,,views/monthly_resource_revenue_forecast_fact.view.lkml,142,82b3ab594f0d8f518072f3e1cc4f4ce8ac1d576e
dimension,looker:analytics:field:monthly_resource_revenue_forecast_fact:forecasted_sac_fte,monthly_resource_revenue_forecast_fact,,forecasted_sac_fte,dimension:column,mechanical,Low,,views/monthly_resource_revenue_forecast_fact.view.lkml,180,82b3ab594f0d8f518072f3e1cc4f4ce8ac1d576e
dimension,looker:analytics:field:monthly_resource_revenue_forecast_fact:forecasted_weighted_monthly_hours,monthly_resource_revenue_forecast_fact,,forecasted_weighted_monthly_hours,dimension:column,mechanical,Low,,views/monthly_resource_revenue_forecast_fact.view.lkml,148,82b3ab594f0d8f518072f3e1cc4f4ce8ac1d576e
dimension,looker:analytics:field:monthly_resource_revenue_forecast_fact:forecasted_weighted_sac_fte,monthly_resource_revenue_forecast_fact,,forecasted_weighted_sac_fte,dimension:column,mechanical,Low,,views/monthly_resource_revenue_forecast_fact.view.lkml,192,82b3ab594f0d8f518072f3e1cc4f4ce8ac1d576e
dimension,looker:analytics:field:monthly_resource_revenue_forecast_fact:spend_agreed_with_buyer,monthly_resource_revenue_forecast_fact,,spend_agreed_with_buyer,dimension:column,mechanical,Low,,views/monthly_resource_revenue_forecast_fact.view.lkml,127,82b3ab594f0d8f518072f3e1cc4f4ce8ac1d576e
dimension,looker:analytics:field:monzo_bank_transactions_enriched:account_code,monzo_bank_transactions_enriched,,account_code,dimension:column,mechanical,Low,,views/monzo_bank_transactions_enriched.view.lkml,14,82b3ab594f0d8f518072f3e1cc4f4ce8ac1d576e
dimension,looker:analytics:field:monzo_bank_transactions_enriched:account_name,monzo_bank_transactions_enriched,,account_name,dimension:column,mechanical,Low,,views/monzo_bank_transactions_enriched.view.lkml,19,82b3ab594f0d8f518072f3e1cc4f4ce8ac1d576e
dimension,looker:analytics:field:monzo_bank_transactions_enriched:balance,monzo_bank_transactions_enriched,,balance,dimension:column,mechanical,Low,,views/monzo_bank_transactions_enriched.view.lkml,36,82b3ab594f0d8f518072f3e1cc4f4ce8ac1d576e
dimension,looker:analytics:field:monzo_bank_transactions_enriched:bank_transaction_id,monzo_bank_transactions_enriched,,bank_transaction_id,dimension:column,mechanical,Low,,views/monzo_bank_transactions_enriched.view.lkml,41,82b3ab594f0d8f518072f3e1cc4f4ce8ac1d576e
dimension,looker:analytics:field:monzo_bank_transactions_enriched:bank_trx_description,monzo_bank_transactions_enriched,,bank_trx_description,dimension:column,mechanical,Low,,views/monzo_bank_transactions_enriched.view.lkml,46,82b3ab594f0d8f518072f3e1cc4f4ce8ac1d576e
dimension,looker:analytics:field:monzo_bank_transactions_enriched:currency,monzo_bank_transactions_enriched,,currency,dimension:column,mechanical,Low,,views/monzo_bank_transactions_enriched.view.lkml,51,82b3ab594f0d8f518072f3e1cc4f4ce8ac1d576e
dimension,looker:analytics:field:monzo_bank_transactions_enriched:local_amount,monzo_bank_transactions_enriched,,local_amount,dimension:column,mechanical,Low,,views/monzo_bank_transactions_enriched.view.lkml,66,82b3ab594f0d8f518072f3e1cc4f4ce8ac1d576e
dimension,looker:analytics:field:monzo_bank_transactions_enriched:local_currency,monzo_bank_transactions_enriched,,local_currency,dimension:column,mechanical,Low,,views/monzo_bank_transactions_enriched.view.lkml,71,82b3ab594f0d8f518072f3e1cc4f4ce8ac1d576e
dimension,looker:analytics:field:monzo_bank_transactions_enriched:payer_payee_address,monzo_bank_transactions_enriched,,payer_payee_address,dimension:column,mechanical,Low,,views/monzo_bank_transactions_enriched.view.lkml,76,82b3ab594f0d8f518072f3e1cc4f4ce8ac1d576e
dimension,looker:analytics:field:monzo_bank_transactions_enriched:payer_payee_category,monzo_bank_transactions_enriched,,payer_payee_category,dimension:column,mechanical,Low,,views/monzo_bank_transactions_enriched.view.lkml,81,82b3ab594f0d8f518072f3e1cc4f4ce8ac1d576e
dimension,looker:analytics:field:monzo_bank_transactions_enriched:payer_payee_name,monzo_bank_transactions_enriched,,payer_payee_name,dimension:column,mechanical,Low,,views/monzo_bank_transactions_enriched.view.lkml,86,82b3ab594f0d8f518072f3e1cc4f4ce8ac1d576e
dimension,looker:analytics:field:monzo_bank_transactions_enriched:receipt,monzo_bank_transactions_enriched,,receipt,dimension:column,mechanical,Low,,views/monzo_bank_transactions_enriched.view.lkml,91,82b3ab594f0d8f518072f3e1cc4f4ce8ac1d576e
dimension,looker:analytics:field:monzo_bank_transactions_enriched:time,monzo_bank_transactions_enriched,,time,dimension:column,mechanical,Low,,views/monzo_bank_transactions_enriched.view.lkml,96,82b3ab594f0d8f518072f3e1cc4f4ce8ac1d576e
dimension,looker:analytics:field:monzo_bank_transactions_enriched:transaction_id,monzo_bank_transactions_enriched,,transaction_id,dimension:column,mechanical,Low,,views/monzo_bank_transactions_enriched.view.lkml,101,82b3ab594f0d8f518072f3e1cc4f4ce8ac1d576e
dimension,looker:analytics:field:monzo_bank_transactions_enriched:trx_seq,monzo_bank_transactions_enriched,,trx_seq,dimension:column,mechanical,Low,,views/monzo_bank_transactions_enriched.view.lkml,106,82b3ab594f0d8f518072f3e1cc4f4ce8ac1d576e
dimension,looker:analytics:field:monzo_bank_transactions_enriched:xero_description,monzo_bank_transactions_enriched,,xero_description,dimension:column,mechanical,Low,,views/monzo_bank_transactions_enriched.view.lkml,112,82b3ab594f0d8f518072f3e1cc4f4ce8ac1d576e
dimension,looker:analytics:field:nps_survey_results_fact:company_fk,nps_survey_results_fact,,company_fk,dimension:column,mechanical,Low,,views/nps_survey_results_fact.view.lkml,28,82b3ab594f0d8f518072f3e1cc4f4ce8ac1d576e
dimension,looker:analytics:field:nps_survey_results_fact:contact_email,nps_survey_results_fact,,contact_email,dimension:column,mechanical,Low,,views/nps_survey_results_fact.view.lkml,15,82b3ab594f0d8f518072f3e1cc4f4ce8ac1d576e
dimension,looker:analytics:field:nps_survey_results_fact:contact_fk,nps_survey_results_fact,,contact_fk,dimension:column,mechanical,Low,,views/nps_survey_results_fact.view.lkml,21,82b3ab594f0d8f518072f3e1cc4f4ce8ac1d576e
dimension,looker:analytics:field:nps_survey_results_fact:contact_name,nps_survey_results_fact,,contact_name,dimension:column,mechanical,Low,,views/nps_survey_results_fact.view.lkml,34,82b3ab594f0d8f518072f3e1cc4f4ce8ac1d576e
dimension,looker:analytics:field:nps_survey_results_fact:nps_score,nps_survey_results_fact,,nps_score,dimension:column,mechanical,Low,,views/nps_survey_results_fact.view.lkml,39,82b3ab594f0d8f518072f3e1cc4f4ce8ac1d576e
dimension,looker:analytics:field:nps_survey_results_fact:nps_sentiment,nps_survey_results_fact,,nps_sentiment,dimension:column,mechanical,Low,,views/nps_survey_results_fact.view.lkml,53,82b3ab594f0d8f518072f3e1cc4f4ce8ac1d576e
dimension,looker:analytics:field:nps_survey_results_fact:nps_survey_feedback,nps_survey_results_fact,,nps_survey_feedback,dimension:column,mechanical,Low,,views/nps_survey_results_fact.view.lkml,58,82b3ab594f0d8f518072f3e1cc4f4ce8ac1d576e
dimension,looker:analytics:field:nps_survey_results_fact:nps_survey_results_pk,nps_survey_results_fact,,nps_survey_results_pk,dimension:column,mechanical,Low,,views/nps_survey_results_fact.view.lkml,63,82b3ab594f0d8f518072f3e1cc4f4ce8ac1d576e
dimension,looker:analytics:field:organic_post_performance_fact:organic_post_fk,organic_post_performance_fact,,organic_post_fk,dimension:column,mechanical,Low,,views/organic_post_performance_fact.view.lkml,14,82b3ab594f0d8f518072f3e1cc4f4ce8ac1d576e
dimension,looker:analytics:field:organic_post_performance_fact:organic_post_natural_key,organic_post_performance_fact,,organic_post_natural_key,dimension:column,mechanical,Low,,views/organic_post_performance_fact.view.lkml,28,82b3ab594f0d8f518072f3e1cc4f4ce8ac1d576e
dimension,looker:analytics:field:organic_post_performance_fact:pk,organic_post_performance_fact,,pk,dimension:derived,mechanical,Low,,views/organic_post_performance_fact.view.lkml,21,82b3ab594f0d8f518072f3e1cc4f4ce8ac1d576e
dimension,looker:analytics:field:organic_post_performance_fact:post_total_comments,organic_post_performance_fact,,post_total_comments,dimension:column,mechanical,Low,,views/organic_post_performance_fact.view.lkml,34,82b3ab594f0d8f518072f3e1cc4f4ce8ac1d576e
dimension,looker:analytics:field:organic_post_performance_fact:post_total_likes,organic_post_performance_fact,,post_total_likes,dimension:column,mechanical,Low,,views/organic_post_performance_fact.view.lkml,64,82b3ab594f0d8f518072f3e1cc4f4ce8ac1d576e
dimension,looker:analytics:field:organic_post_performance_fact:source,organic_post_performance_fact,,source,dimension:column,mechanical,Low,,views/organic_post_performance_fact.view.lkml,80,82b3ab594f0d8f518072f3e1cc4f4ce8ac1d576e
dimension,looker:analytics:field:organic_posts_dim:organic_post_natural_key,organic_posts_dim,,organic_post_natural_key,dimension:column,mechanical,Low,,views/organic_posts_dim.view.lkml,14,82b3ab594f0d8f518072f3e1cc4f4ce8ac1d576e
dimension,looker:analytics:field:organic_posts_dim:organic_post_pk,organic_posts_dim,,organic_post_pk,dimension:column,mechanical,Low,,views/organic_posts_dim.view.lkml,21,82b3ab594f0d8f518072f3e1cc4f4ce8ac1d576e
dimension,looker:analytics:field:organic_posts_dim:post_content,organic_posts_dim,,post_content,dimension:column,mechanical,Low,,views/organic_posts_dim.view.lkml,28,82b3ab594f0d8f518072f3e1cc4f4ce8ac1d576e
dimension,looker:analytics:field:organic_posts_dim:post_link_url,organic_posts_dim,,post_link_url,dimension:column,mechanical,Low,,views/organic_posts_dim.view.lkml,33,82b3ab594f0d8f518072f3e1cc4f4ce8ac1d576e
dimension,looker:analytics:field:organic_posts_dim:post_title,organic_posts_dim,,post_title,dimension:column,mechanical,Low,,views/organic_posts_dim.view.lkml,38,82b3ab594f0d8f518072f3e1cc4f4ce8ac1d576e
dimension,looker:analytics:field:organic_posts_dim:post_url,organic_posts_dim,,post_url,dimension:column,mechanical,Low,,views/organic_posts_dim.view.lkml,52,82b3ab594f0d8f518072f3e1cc4f4ce8ac1d576e
dimension,looker:analytics:field:organic_posts_dim:source,organic_posts_dim,,source,dimension:column,mechanical,Low,,views/organic_posts_dim.view.lkml,57,82b3ab594f0d8f518072f3e1cc4f4ce8ac1d576e
dimension,looker:analytics:field:page_first_published:web_sessions_fact_first_page_title,page_first_published,,web_sessions_fact_first_page_title,dimension:column,mechanical,Low,,views/page_first_published.view.lkml,15,82b3ab594f0d8f518072f3e1cc4f4ce8ac1d576e
dimension,looker:analytics:field:page_keyword_performance:clicks,page_keyword_performance,,clicks,dimension:column,mechanical,Low,,views/page_keyword_performance.view.lkml,136,82b3ab594f0d8f518072f3e1cc4f4ce8ac1d576e
dimension,looker:analytics:field:page_keyword_performance:ctr,page_keyword_performance,,ctr,dimension:column,mechanical,Low,,views/page_keyword_performance.view.lkml,167,82b3ab594f0d8f518072f3e1cc4f4ce8ac1d576e
dimension,looker:analytics:field:page_keyword_performance:impressions,page_keyword_performance,,impressions,dimension:column,mechanical,Low,,views/page_keyword_performance.view.lkml,162,82b3ab594f0d8f518072f3e1cc4f4ce8ac1d576e
dimension,looker:analytics:field:page_keyword_performance:position,page_keyword_performance,,position,dimension:column,mechanical,Low,,views/page_keyword_performance.view.lkml,172,82b3ab594f0d8f518072f3e1cc4f4ce8ac1d576e
dimension,looker:analytics:field:page_keyword_performance:post_category,page_keyword_performance,,post_category,dimension:derived,mechanical,Low,,views/page_keyword_performance.view.lkml,126,82b3ab594f0d8f518072f3e1cc4f4ce8ac1d576e
dimension,looker:analytics:field:page_keyword_performance:post_date,page_keyword_performance,,post_date,dimension:column,mechanical,Low,,views/page_keyword_performance.view.lkml,111,82b3ab594f0d8f518072f3e1cc4f4ce8ac1d576e
dimension,looker:analytics:field:page_keyword_performance:post_title,page_keyword_performance,,post_title,dimension:column,mechanical,Low,,views/page_keyword_performance.view.lkml,106,82b3ab594f0d8f518072f3e1cc4f4ce8ac1d576e
dimension,looker:analytics:field:page_keyword_performance:post_type,page_keyword_performance,,post_type,dimension:column,mechanical,Low,,views/page_keyword_performance.view.lkml,131,82b3ab594f0d8f518072f3e1cc4f4ce8ac1d576e
dimension,looker:analytics:field:page_keyword_performance:query,page_keyword_performance,,query,dimension:column,mechanical,Low,,views/page_keyword_performance.view.lkml,121,82b3ab594f0d8f518072f3e1cc4f4ce8ac1d576e
dimension,looker:analytics:field:page_keyword_performance:weekly_click_rank,page_keyword_performance,,weekly_click_rank,dimension:column,mechanical,Low,,views/page_keyword_performance.view.lkml,177,82b3ab594f0d8f518072f3e1cc4f4ce8ac1d576e
dimension,looker:analytics:field:page_keyword_performance:weekly_ctr_rank,page_keyword_performance,,weekly_ctr_rank,dimension:column,mechanical,Low,,views/page_keyword_performance.view.lkml,192,82b3ab594f0d8f518072f3e1cc4f4ce8ac1d576e
dimension,looker:analytics:field:page_keyword_performance:weekly_impressions_rank,page_keyword_performance,,weekly_impressions_rank,dimension:column,mechanical,Low,,views/page_keyword_performance.view.lkml,182,82b3ab594f0d8f518072f3e1cc4f4ce8ac1d576e
dimension,looker:analytics:field:page_keyword_performance:weekly_position_rank,page_keyword_performance,,weekly_position_rank,dimension:column,mechanical,Low,,views/page_keyword_performance.view.lkml,187,82b3ab594f0d8f518072f3e1cc4f4ce8ac1d576e
dimension,looker:analytics:field:page_keyword_performance:weeks_since_post_date,page_keyword_performance,,weeks_since_post_date,dimension:column,mechanical,Low,,views/page_keyword_performance.view.lkml,116,82b3ab594f0d8f518072f3e1cc4f4ce8ac1d576e
dimension,looker:analytics:field:page_report:clicks,page_report,,clicks,dimension:column,mechanical,Low,,views/page_report.view.lkml,9,82b3ab594f0d8f518072f3e1cc4f4ce8ac1d576e
dimension,looker:analytics:field:page_report:country,page_report,,country,dimension:column,mechanical,Low,,views/page_report.view.lkml,13,82b3ab594f0d8f518072f3e1cc4f4ce8ac1d576e
dimension,looker:analytics:field:page_report:ctr,page_report,,ctr,dimension:column,mechanical,Low,,views/page_report.view.lkml,18,82b3ab594f0d8f518072f3e1cc4f4ce8ac1d576e
dimension,looker:analytics:field:page_report:device,page_report,,device,dimension:column,mechanical,Low,,views/page_report.view.lkml,52,82b3ab594f0d8f518072f3e1cc4f4ce8ac1d576e
dimension,looker:analytics:field:page_report:impressions,page_report,,impressions,dimension:column,mechanical,Low,,views/page_report.view.lkml,56,82b3ab594f0d8f518072f3e1cc4f4ce8ac1d576e
dimension,looker:analytics:field:page_report:page,page_report,,page,dimension:column,mechanical,Low,,views/page_report.view.lkml,60,82b3ab594f0d8f518072f3e1cc4f4ce8ac1d576e
dimension,looker:analytics:field:page_report:pk,page_report,,pk,dimension:derived,mechanical,Low,,views/page_report.view.lkml,38,82b3ab594f0d8f518072f3e1cc4f4ce8ac1d576e
dimension,looker:analytics:field:page_report:position,page_report,,position,dimension:column,mechanical,Low,,views/page_report.view.lkml,64,82b3ab594f0d8f518072f3e1cc4f4ce8ac1d576e
dimension,looker:analytics:field:page_report:search_type,page_report,,search_type,dimension:column,mechanical,Low,,views/page_report.view.lkml,68,82b3ab594f0d8f518072f3e1cc4f4ce8ac1d576e
dimension,looker:analytics:field:page_report:site,page_report,,site,dimension:column,mechanical,Low,,views/page_report.view.lkml,72,82b3ab594f0d8f518072f3e1cc4f4ce8ac1d576e
dimension,looker:analytics:field:payments_fact:account_id,payments_fact,,account_id,dimension:column,mechanical,Low,,views/payments_fact.view.lkml,14,82b3ab594f0d8f518072f3e1cc4f4ce8ac1d576e
dimension,looker:analytics:field:payments_fact:company_id,payments_fact,,company_id,dimension:column,mechanical,Low,,views/payments_fact.view.lkml,20,82b3ab594f0d8f518072f3e1cc4f4ce8ac1d576e
dimension,looker:analytics:field:payments_fact:currency_code,payments_fact,,currency_code,dimension:column,mechanical,Low,,views/payments_fact.view.lkml,27,82b3ab594f0d8f518072f3e1cc4f4ce8ac1d576e
dimension,looker:analytics:field:payments_fact:invoice_id,payments_fact,,invoice_id,dimension:column,mechanical,Low,,views/payments_fact.view.lkml,34,82b3ab594f0d8f518072f3e1cc4f4ce8ac1d576e
dimension,looker:analytics:field:payments_fact:invoice_number,payments_fact,,invoice_number,dimension:column,mechanical,Low,,views/payments_fact.view.lkml,41,82b3ab594f0d8f518072f3e1cc4f4ce8ac1d576e
dimension,looker:analytics:field:payments_fact:invoice_type,payments_fact,,invoice_type,dimension:column,mechanical,Low,,views/payments_fact.view.lkml,54,82b3ab594f0d8f518072f3e1cc4f4ce8ac1d576e
dimension,looker:analytics:field:payments_fact:payment_amount,payments_fact,,payment_amount,dimension:derived,mechanical,Low,,views/payments_fact.view.lkml,61,82b3ab594f0d8f518072f3e1cc4f4ce8ac1d576e
dimension,looker:analytics:field:payments_fact:payment_bank_amount,payments_fact,,payment_bank_amount,dimension:derived,mechanical,Low,,views/payments_fact.view.lkml,75,82b3ab594f0d8f518072f3e1cc4f4ce8ac1d576e
dimension,looker:analytics:field:payments_fact:payment_code,payments_fact,,payment_code,dimension:column,mechanical,Low,,views/payments_fact.view.lkml,84,82b3ab594f0d8f518072f3e1cc4f4ce8ac1d576e
dimension,looker:analytics:field:payments_fact:payment_currency_rate,payments_fact,,payment_currency_rate,dimension:column,mechanical,Low,,views/payments_fact.view.lkml,91,82b3ab594f0d8f518072f3e1cc4f4ce8ac1d576e
dimension,looker:analytics:field:payments_fact:payment_id,payments_fact,,payment_id,dimension:column,mechanical,Low,,views/payments_fact.view.lkml,117,82b3ab594f0d8f518072f3e1cc4f4ce8ac1d576e
dimension,looker:analytics:field:payments_fact:payment_invoice_fk,payments_fact,,payment_invoice_fk,dimension:column,mechanical,Low,,views/payments_fact.view.lkml,48,82b3ab594f0d8f518072f3e1cc4f4ce8ac1d576e
dimension,looker:analytics:field:payments_fact:payment_is_discounted,payments_fact,,payment_is_discounted,dimension:column,mechanical,Low,,views/payments_fact.view.lkml,124,82b3ab594f0d8f518072f3e1cc4f4ce8ac1d576e
dimension,looker:analytics:field:payments_fact:payment_is_reconciled,payments_fact,,payment_is_reconciled,dimension:column,mechanical,Low,,views/payments_fact.view.lkml,131,82b3ab594f0d8f518072f3e1cc4f4ce8ac1d576e
dimension,looker:analytics:field:payments_fact:payment_pk,payments_fact,,payment_pk,dimension:column,mechanical,Low,,views/payments_fact.view.lkml,138,82b3ab594f0d8f518072f3e1cc4f4ce8ac1d576e
dimension,looker:analytics:field:payments_fact:payment_reference,payments_fact,,payment_reference,dimension:column,mechanical,Low,,views/payments_fact.view.lkml,145,82b3ab594f0d8f518072f3e1cc4f4ce8ac1d576e
dimension,looker:analytics:field:payments_fact:payment_status,payments_fact,,payment_status,dimension:column,mechanical,Low,,views/payments_fact.view.lkml,152,82b3ab594f0d8f518072f3e1cc4f4ce8ac1d576e
dimension,looker:analytics:field:payments_fact:payment_type,payments_fact,,payment_type,dimension:column,mechanical,Low,,views/payments_fact.view.lkml,159,82b3ab594f0d8f518072f3e1cc4f4ce8ac1d576e
dimension,looker:analytics:field:payments_fact:source,payments_fact,,source,dimension:column,mechanical,Low,,views/payments_fact.view.lkml,166,82b3ab594f0d8f518072f3e1cc4f4ce8ac1d576e
dimension,looker:analytics:field:performance_narrative_fact:delivery_summary,performance_narrative_fact,,delivery_summary,dimension:column,mechanical,Low,,views/performance_narrative_fact.view.lkml,24,82b3ab594f0d8f518072f3e1cc4f4ce8ac1d576e
dimension,looker:analytics:field:performance_narrative_fact:finance_summary,performance_narrative_fact,,finance_summary,dimension:column,mechanical,Low,,views/performance_narrative_fact.view.lkml,29,82b3ab594f0d8f518072f3e1cc4f4ce8ac1d576e
dimension,looker:analytics:field:performance_narrative_fact:overall_summary,performance_narrative_fact,,overall_summary,dimension:html,redesign,High,html (Liquid) withheld; the dimension itself is still emitted,views/performance_narrative_fact.view.lkml,34,82b3ab594f0d8f518072f3e1cc4f4ce8ac1d576e
dimension,looker:analytics:field:performance_narrative_fact:sales_marketing_summary,performance_narrative_fact,,sales_marketing_summary,dimension:column,mechanical,Low,,views/performance_narrative_fact.view.lkml,40,82b3ab594f0d8f518072f3e1cc4f4ce8ac1d576e
dimension,looker:analytics:field:persons_dim:all_emails,persons_dim,,all_emails,dimension:column,mechanical,Low,,views/persons_dim.view.lkml,64,82b3ab594f0d8f518072f3e1cc4f4ce8ac1d576e
dimension,looker:analytics:field:persons_dim:all_emails_concatenated,persons_dim,,all_emails_concatenated,dimension:derived,mechanical,Low,,views/persons_dim.view.lkml,69,82b3ab594f0d8f518072f3e1cc4f4ce8ac1d576e
dimension,looker:analytics:field:persons_dim:candidate_current_application_stage,persons_dim,,candidate_current_application_stage,dimension:derived,mechanical,Low,,views/persons_dim.view.lkml,566,82b3ab594f0d8f518072f3e1cc4f4ce8ac1d576e
dimension,looker:analytics:field:persons_dim:candidate_is_referred,persons_dim,,candidate_is_referred,dimension:derived,mechanical,Low,,views/persons_dim.view.lkml,552,82b3ab594f0d8f518072f3e1cc4f4ce8ac1d576e
dimension,looker:analytics:field:persons_dim:candidate_pitch,persons_dim,,candidate_pitch,dimension:derived,mechanical,Low,,views/persons_dim.view.lkml,545,82b3ab594f0d8f518072f3e1cc4f4ce8ac1d576e
dimension,looker:analytics:field:persons_dim:candidate_referring_site,persons_dim,,candidate_referring_site,dimension:derived,mechanical,Low,,views/persons_dim.view.lkml,559,82b3ab594f0d8f518072f3e1cc4f4ce8ac1d576e
dimension,looker:analytics:field:persons_dim:candidate_resume,persons_dim,,candidate_resume,dimension:derived,mechanical,Low,,views/persons_dim.view.lkml,538,82b3ab594f0d8f518072f3e1cc4f4ce8ac1d576e
dimension,looker:analytics:field:persons_dim:community_is_dbt_slack_member,persons_dim,,community_is_dbt_slack_member,dimension:derived,mechanical,Low,,views/persons_dim.view.lkml,608,82b3ab594f0d8f518072f3e1cc4f4ce8ac1d576e
dimension,looker:analytics:field:persons_dim:community_is_github_interactor,persons_dim,,community_is_github_interactor,dimension:derived,mechanical,Low,,views/persons_dim.view.lkml,637,82b3ab594f0d8f518072f3e1cc4f4ce8ac1d576e
dimension,looker:analytics:field:persons_dim:community_is_linkedin_interactor,persons_dim,,community_is_linkedin_interactor,dimension:derived,mechanical,Low,,views/persons_dim.view.lkml,623,82b3ab594f0d8f518072f3e1cc4f4ce8ac1d576e
dimension,looker:analytics:field:persons_dim:community_is_medium_interactor,persons_dim,,community_is_medium_interactor,dimension:derived,mechanical,Low,,views/persons_dim.view.lkml,644,82b3ab594f0d8f518072f3e1cc4f4ce8ac1d576e
dimension,looker:analytics:field:persons_dim:community_is_twitter_interactor,persons_dim,,community_is_twitter_interactor,dimension:derived,mechanical,Low,,views/persons_dim.view.lkml,630,82b3ab594f0d8f518072f3e1cc4f4ce8ac1d576e
dimension,looker:analytics:field:persons_dim:community_twitter_bio,persons_dim,,community_twitter_bio,dimension:derived,mechanical,Low,,views/persons_dim.view.lkml,651,82b3ab594f0d8f518072f3e1cc4f4ce8ac1d576e
dimension,looker:analytics:field:persons_dim:community_twitter_handle,persons_dim,,community_twitter_handle,dimension:derived,mechanical,Low,,views/persons_dim.view.lkml,658,82b3ab594f0d8f518072f3e1cc4f4ce8ac1d576e
dimension,looker:analytics:field:persons_dim:crm_conversion_event_name,persons_dim,,crm_conversion_event_name,dimension:derived,mechanical,Low,,views/persons_dim.view.lkml,279,82b3ab594f0d8f518072f3e1cc4f4ce8ac1d576e
dimension,looker:analytics:field:persons_dim:crm_conversion_event_source,persons_dim,,crm_conversion_event_source,dimension:derived,mechanical,Low,,views/persons_dim.view.lkml,286,82b3ab594f0d8f518072f3e1cc4f4ce8ac1d576e
dimension,looker:analytics:field:persons_dim:crm_in_workflow,persons_dim,,crm_in_workflow,dimension:derived,mechanical,Low,,views/persons_dim.view.lkml,300,82b3ab594f0d8f518072f3e1cc4f4ce8ac1d576e
dimension,looker:analytics:field:persons_dim:crm_initial_referrer,persons_dim,,crm_initial_referrer,dimension:derived,mechanical,Low,,views/persons_dim.view.lkml,272,82b3ab594f0d8f518072f3e1cc4f4ce8ac1d576e
dimension,looker:analytics:field:persons_dim:crm_lead_source,persons_dim,,crm_lead_source,dimension:derived,mechanical,Low,,views/persons_dim.view.lkml,265,82b3ab594f0d8f518072f3e1cc4f4ce8ac1d576e
dimension,looker:analytics:field:persons_dim:crm_lead_status,persons_dim,,crm_lead_status,dimension:derived,mechanical,Low,,views/persons_dim.view.lkml,258,82b3ab594f0d8f518072f3e1cc4f4ce8ac1d576e
dimension,looker:analytics:field:persons_dim:crm_lifecycle_stage,persons_dim,,crm_lifecycle_stage,dimension:derived,mechanical,Low,,views/persons_dim.view.lkml,251,82b3ab594f0d8f518072f3e1cc4f4ce8ac1d576e
dimension,looker:analytics:field:persons_dim:crm_marketing_legal_basis,persons_dim,,crm_marketing_legal_basis,dimension:derived,mechanical,Low,,views/persons_dim.view.lkml,293,82b3ab594f0d8f518072f3e1cc4f4ce8ac1d576e
dimension,looker:analytics:field:persons_dim:current_role_count,persons_dim,,current_role_count,dimension:derived,mechanical,Low,,views/persons_dim.view.lkml,138,82b3ab594f0d8f518072f3e1cc4f4ce8ac1d576e
dimension,looker:analytics:field:persons_dim:current_roles,persons_dim,,current_roles,dimension:column,mechanical,Low,,views/persons_dim.view.lkml,126,82b3ab594f0d8f518072f3e1cc4f4ce8ac1d576e
dimension,looker:analytics:field:persons_dim:current_roles_list,persons_dim,,current_roles_list,dimension:derived,mechanical,Low,,views/persons_dim.view.lkml,131,82b3ab594f0d8f518072f3e1cc4f4ce8ac1d576e
dimension,looker:analytics:field:persons_dim:email_click_count,persons_dim,,email_click_count,dimension:derived,mechanical,Low,,views/persons_dim.view.lkml,416,82b3ab594f0d8f518072f3e1cc4f4ce8ac1d576e
dimension,looker:analytics:field:persons_dim:email_delivered_count,persons_dim,,email_delivered_count,dimension:derived,mechanical,Low,,views/persons_dim.view.lkml,402,82b3ab594f0d8f518072f3e1cc4f4ce8ac1d576e
dimension,looker:analytics:field:persons_dim:email_hard_bounce_reason,persons_dim,,email_hard_bounce_reason,dimension:derived,mechanical,Low,,views/persons_dim.view.lkml,430,82b3ab594f0d8f518072f3e1cc4f4ce8ac1d576e
dimension,looker:analytics:field:persons_dim:email_is_opted_out,persons_dim,,email_is_opted_out,dimension:derived,mechanical,Low,,views/persons_dim.view.lkml,423,82b3ab594f0d8f518072f3e1cc4f4ce8ac1d576e
dimension,looker:analytics:field:persons_dim:email_open_count,persons_dim,,email_open_count,dimension:derived,mechanical,Low,,views/persons_dim.view.lkml,409,82b3ab594f0d8f518072f3e1cc4f4ce8ac1d576e
dimension,looker:analytics:field:persons_dim:has_multiple_roles,persons_dim,,has_multiple_roles,dimension:derived,mechanical,Low,,views/persons_dim.view.lkml,152,82b3ab594f0d8f518072f3e1cc4f4ce8ac1d576e
dimension,looker:analytics:field:persons_dim:is_candidate,persons_dim,,is_candidate,dimension:column,mechanical,Low,,views/persons_dim.view.lkml,115,82b3ab594f0d8f518072f3e1cc4f4ce8ac1d576e
dimension,looker:analytics:field:persons_dim:is_client_contact,persons_dim,,is_client_contact,dimension:column,mechanical,Low,,views/persons_dim.view.lkml,94,82b3ab594f0d8f518072f3e1cc4f4ce8ac1d576e
dimension,looker:analytics:field:persons_dim:is_contractor,persons_dim,,is_contractor,dimension:column,mechanical,Low,,views/persons_dim.view.lkml,87,82b3ab594f0d8f518072f3e1cc4f4ce8ac1d576e
dimension,looker:analytics:field:persons_dim:is_partner_contact,persons_dim,,is_partner_contact,dimension:column,mechanical,Low,,views/persons_dim.view.lkml,101,82b3ab594f0d8f518072f3e1cc4f4ce8ac1d576e
dimension,looker:analytics:field:persons_dim:is_prospect,persons_dim,,is_prospect,dimension:column,mechanical,Low,,views/persons_dim.view.lkml,108,82b3ab594f0d8f518072f3e1cc4f4ce8ac1d576e
dimension,looker:analytics:field:persons_dim:is_staff,persons_dim,,is_staff,dimension:column,mechanical,Low,,views/persons_dim.view.lkml,80,82b3ab594f0d8f518072f3e1cc4f4ce8ac1d576e
dimension,looker:analytics:field:persons_dim:nps_category,persons_dim,,nps_category,dimension:derived,mechanical,Low,,views/persons_dim.view.lkml,683,82b3ab594f0d8f518072f3e1cc4f4ce8ac1d576e
dimension,looker:analytics:field:persons_dim:nps_last_follow_up,persons_dim,,nps_last_follow_up,dimension:derived,mechanical,Low,,views/persons_dim.view.lkml,676,82b3ab594f0d8f518072f3e1cc4f4ce8ac1d576e
dimension,looker:analytics:field:persons_dim:nps_last_rating,persons_dim,,nps_last_rating,dimension:derived,mechanical,Low,,views/persons_dim.view.lkml,669,82b3ab594f0d8f518072f3e1cc4f4ce8ac1d576e
dimension,looker:analytics:field:persons_dim:partner_company_fk,persons_dim,,partner_company_fk,dimension:derived,mechanical,Low,,views/persons_dim.view.lkml,577,82b3ab594f0d8f518072f3e1cc4f4ce8ac1d576e
dimension,looker:analytics:field:persons_dim:partner_has_signatory_authority,persons_dim,,partner_has_signatory_authority,dimension:derived,mechanical,Low,,views/persons_dim.view.lkml,597,82b3ab594f0d8f518072f3e1cc4f4ce8ac1d576e
dimension,looker:analytics:field:persons_dim:partner_is_primary_contact,persons_dim,,partner_is_primary_contact,dimension:derived,mechanical,Low,,views/persons_dim.view.lkml,590,82b3ab594f0d8f518072f3e1cc4f4ce8ac1d576e
dimension,looker:analytics:field:persons_dim:partner_role_title,persons_dim,,partner_role_title,dimension:derived,mechanical,Low,,views/persons_dim.view.lkml,583,82b3ab594f0d8f518072f3e1cc4f4ce8ac1d576e
dimension,looker:analytics:field:persons_dim:person_bio,persons_dim,,person_bio,dimension:column,mechanical,Low,,views/persons_dim.view.lkml,37,82b3ab594f0d8f518072f3e1cc4f4ce8ac1d576e
dimension,looker:analytics:field:persons_dim:person_linkedin_url,persons_dim,,person_linkedin_url,dimension,assisted,Medium,link: confirm Omni links syntax and Mustache tokens,views/persons_dim.view.lkml,44,82b3ab594f0d8f518072f3e1cc4f4ce8ac1d576e
dimension,looker:analytics:field:persons_dim:person_name,persons_dim,,person_name,dimension:column,mechanical,Low,,views/persons_dim.view.lkml,23,82b3ab594f0d8f518072f3e1cc4f4ce8ac1d576e
dimension,looker:analytics:field:persons_dim:person_phone,persons_dim,,person_phone,dimension:column,mechanical,Low,,views/persons_dim.view.lkml,30,82b3ab594f0d8f518072f3e1cc4f4ce8ac1d576e
dimension,looker:analytics:field:persons_dim:person_pk,persons_dim,,person_pk,dimension:column,mechanical,Low,,views/persons_dim.view.lkml,12,82b3ab594f0d8f518072f3e1cc4f4ce8ac1d576e
dimension,looker:analytics:field:persons_dim:person_primary_email,persons_dim,,person_primary_email,dimension:column,mechanical,Low,,views/persons_dim.view.lkml,56,82b3ab594f0d8f518072f3e1cc4f4ce8ac1d576e
dimension,looker:analytics:field:persons_dim:primary_role,persons_dim,,primary_role,dimension:column,mechanical,Low,,views/persons_dim.view.lkml,145,82b3ab594f0d8f518072f3e1cc4f4ce8ac1d576e
dimension,looker:analytics:field:persons_dim:sales_is_unworked,persons_dim,,sales_is_unworked,dimension:derived,mechanical,Low,,views/persons_dim.view.lkml,520,82b3ab594f0d8f518072f3e1cc4f4ce8ac1d576e
dimension,looker:analytics:field:persons_dim:sales_num_associated_deals,persons_dim,,sales_num_associated_deals,dimension:derived,mechanical,Low,,views/persons_dim.view.lkml,473,82b3ab594f0d8f518072f3e1cc4f4ce8ac1d576e
dimension,looker:analytics:field:persons_dim:sales_num_notes,persons_dim,,sales_num_notes,dimension:derived,mechanical,Low,,views/persons_dim.view.lkml,527,82b3ab594f0d8f518072f3e1cc4f4ce8ac1d576e
dimension,looker:analytics:field:persons_dim:sales_recent_deal_amount,persons_dim,,sales_recent_deal_amount,dimension:derived,mechanical,Low,,views/persons_dim.view.lkml,480,82b3ab594f0d8f518072f3e1cc4f4ce8ac1d576e
dimension,looker:analytics:field:persons_dim:staff_contract_type,persons_dim,,staff_contract_type,dimension:derived,mechanical,Low,,views/persons_dim.view.lkml,220,82b3ab594f0d8f518072f3e1cc4f4ce8ac1d576e
dimension,looker:analytics:field:persons_dim:staff_cost_rate,persons_dim,,staff_cost_rate,dimension:derived,mechanical,Low,,views/persons_dim.view.lkml,212,82b3ab594f0d8f518072f3e1cc4f4ce8ac1d576e
dimension,looker:analytics:field:persons_dim:staff_default_hourly_rate,persons_dim,,staff_default_hourly_rate,dimension:derived,mechanical,Low,,views/persons_dim.view.lkml,204,82b3ab594f0d8f518072f3e1cc4f4ce8ac1d576e
dimension,looker:analytics:field:persons_dim:staff_job_title,persons_dim,,staff_job_title,dimension:derived,mechanical,Low,,views/persons_dim.view.lkml,163,82b3ab594f0d8f518072f3e1cc4f4ce8ac1d576e
dimension,looker:analytics:field:persons_dim:staff_location_city,persons_dim,,staff_location_city,dimension:derived,mechanical,Low,,views/persons_dim.view.lkml,227,82b3ab594f0d8f518072f3e1cc4f4ce8ac1d576e
dimension,looker:analytics:field:persons_dim:staff_location_country,persons_dim,,staff_location_country,dimension:derived,mechanical,Low,,views/persons_dim.view.lkml,234,82b3ab594f0d8f518072f3e1cc4f4ce8ac1d576e
dimension,looker:analytics:field:persons_dim:staff_manager_person_fk,persons_dim,,staff_manager_person_fk,dimension:derived,mechanical,Low,,views/persons_dim.view.lkml,241,82b3ab594f0d8f518072f3e1cc4f4ce8ac1d576e
dimension,looker:analytics:field:persons_dim:staff_team_name,persons_dim,,staff_team_name,dimension:derived,mechanical,Low,,views/persons_dim.view.lkml,170,82b3ab594f0d8f518072f3e1cc4f4ce8ac1d576e
dimension,looker:analytics:field:persons_dim:staff_weekly_capacity,persons_dim,,staff_weekly_capacity,dimension:derived,mechanical,Low,,views/persons_dim.view.lkml,197,82b3ab594f0d8f518072f3e1cc4f4ce8ac1d576e
dimension,looker:analytics:field:persons_dim:web_average_page_views,persons_dim,,web_average_page_views,dimension:derived,mechanical,Low,,views/persons_dim.view.lkml,332,82b3ab594f0d8f518072f3e1cc4f4ce8ac1d576e
dimension,looker:analytics:field:persons_dim:web_first_referrer,persons_dim,,web_first_referrer,dimension:derived,mechanical,Low,,views/persons_dim.view.lkml,340,82b3ab594f0d8f518072f3e1cc4f4ce8ac1d576e
dimension,looker:analytics:field:persons_dim:web_first_url,persons_dim,,web_first_url,dimension:derived,mechanical,Low,,views/persons_dim.view.lkml,354,82b3ab594f0d8f518072f3e1cc4f4ce8ac1d576e
dimension,looker:analytics:field:persons_dim:web_is_engaged_prospect,persons_dim,,web_is_engaged_prospect,dimension:derived,mechanical,Low,,views/persons_dim.view.lkml,391,82b3ab594f0d8f518072f3e1cc4f4ce8ac1d576e
dimension,looker:analytics:field:persons_dim:web_is_frequent_visitor,persons_dim,,web_is_frequent_visitor,dimension:derived,mechanical,Low,,views/persons_dim.view.lkml,384,82b3ab594f0d8f518072f3e1cc4f4ce8ac1d576e
dimension,looker:analytics:field:persons_dim:web_last_referrer,persons_dim,,web_last_referrer,dimension:derived,mechanical,Low,,views/persons_dim.view.lkml,347,82b3ab594f0d8f518072f3e1cc4f4ce8ac1d576e
dimension,looker:analytics:field:persons_dim:web_last_url,persons_dim,,web_last_url,dimension:derived,mechanical,Low,,views/persons_dim.view.lkml,361,82b3ab594f0d8f518072f3e1cc4f4ce8ac1d576e
dimension,looker:analytics:field:persons_dim:web_num_visits,persons_dim,,web_num_visits,dimension:derived,mechanical,Low,,views/persons_dim.view.lkml,325,82b3ab594f0d8f518072f3e1cc4f4ce8ac1d576e
dimension,looker:analytics:field:persons_dim:web_page_views_last_30_days,persons_dim,,web_page_views_last_30_days,dimension:derived,mechanical,Low,,views/persons_dim.view.lkml,318,82b3ab594f0d8f518072f3e1cc4f4ce8ac1d576e
dimension,looker:analytics:field:persons_dim:web_total_page_views,persons_dim,,web_total_page_views,dimension:derived,mechanical,Low,,views/persons_dim.view.lkml,311,82b3ab594f0d8f518072f3e1cc4f4ce8ac1d576e
dimension,looker:analytics:field:persons_dim__all_addresses:address,persons_dim__all_addresses,,address,dimension:column,mechanical,Low,,views/persons_dim.view.lkml,845,82b3ab594f0d8f518072f3e1cc4f4ce8ac1d576e
dimension,looker:analytics:field:persons_dim__all_addresses:city,persons_dim__all_addresses,,city,dimension:column,mechanical,Low,,views/persons_dim.view.lkml,850,82b3ab594f0d8f518072f3e1cc4f4ce8ac1d576e
dimension,looker:analytics:field:persons_dim__all_addresses:country,persons_dim__all_addresses,,country,dimension:column,mechanical,Low,,views/persons_dim.view.lkml,860,82b3ab594f0d8f518072f3e1cc4f4ce8ac1d576e
dimension,looker:analytics:field:persons_dim__all_addresses:postcode_zip,persons_dim__all_addresses,,postcode_zip,dimension:column,mechanical,Low,,views/persons_dim.view.lkml,865,82b3ab594f0d8f518072f3e1cc4f4ce8ac1d576e
dimension,looker:analytics:field:persons_dim__all_addresses:state,persons_dim__all_addresses,,state,dimension:column,mechanical,Low,,views/persons_dim.view.lkml,855,82b3ab594f0d8f518072f3e1cc4f4ce8ac1d576e
dimension,looker:analytics:field:persons_dim__all_emails:email,persons_dim__all_emails,,email,dimension:derived,mechanical,Low,,views/persons_dim.view.lkml,829,82b3ab594f0d8f518072f3e1cc4f4ce8ac1d576e
dimension,looker:analytics:field:persons_dim__current_roles:role,persons_dim__current_roles,,role,dimension:derived,mechanical,Low,,views/persons_dim.view.lkml,837,82b3ab594f0d8f518072f3e1cc4f4ce8ac1d576e
dimension,looker:analytics:field:pipeline_history:deal_amount,pipeline_history,,deal_amount,dimension:column,mechanical,Low,,views/pipeline_history.view.lkml,109,82b3ab594f0d8f518072f3e1cc4f4ce8ac1d576e
dimension,looker:analytics:field:pipeline_history:deal_id,pipeline_history,,deal_id,dimension:column,mechanical,Low,,views/pipeline_history.view.lkml,97,82b3ab594f0d8f518072f3e1cc4f4ce8ac1d576e
dimension,looker:analytics:field:pipeline_history:pk,pipeline_history,,pk,dimension:derived,mechanical,Low,,views/pipeline_history.view.lkml,102,82b3ab594f0d8f518072f3e1cc4f4ce8ac1d576e
dimension,looker:analytics:field:pipeline_history:stage,pipeline_history,,stage,dimension:column,mechanical,Low,,views/pipeline_history.view.lkml,92,82b3ab594f0d8f518072f3e1cc4f4ce8ac1d576e
dimension,looker:analytics:field:pl_reports:invoice_analysis,pl_reports,,invoice_analysis,dimension:column,mechanical,Low,,views/pl_reports.view.lkml,40,82b3ab594f0d8f518072f3e1cc4f4ce8ac1d576e
dimension,looker:analytics:field:pl_reports:invoice_report,pl_reports,,invoice_report,dimension:column,mechanical,Low,,views/pl_reports.view.lkml,35,82b3ab594f0d8f518072f3e1cc4f4ce8ac1d576e
dimension,looker:analytics:field:pl_reports:recurring_payments_analysis,pl_reports,,recurring_payments_analysis,dimension:column,mechanical,Low,,views/pl_reports.view.lkml,50,82b3ab594f0d8f518072f3e1cc4f4ce8ac1d576e
dimension,looker:analytics:field:pl_reports:recurring_payments_report,pl_reports,,recurring_payments_report,dimension:column,mechanical,Low,,views/pl_reports.view.lkml,45,82b3ab594f0d8f518072f3e1cc4f4ce8ac1d576e
dimension,looker:analytics:field:pl_reports:report_analysis,pl_reports,,report_analysis,dimension:column,mechanical,Low,,views/pl_reports.view.lkml,24,82b3ab594f0d8f518072f3e1cc4f4ce8ac1d576e
dimension,looker:analytics:field:pl_reports:report_data,pl_reports,,report_data,dimension:column,mechanical,Low,,views/pl_reports.view.lkml,55,82b3ab594f0d8f518072f3e1cc4f4ce8ac1d576e
dimension,looker:analytics:field:podcast_transcriptions:audio_url,podcast_transcriptions,,audio_url,dimension:column,mechanical,Low,,views/podcast_transcriptions.view.lkml,14,82b3ab594f0d8f518072f3e1cc4f4ce8ac1d576e
dimension,looker:analytics:field:podcast_transcriptions:classification,podcast_transcriptions,,classification,dimension:column,mechanical,Low,,views/podcast_transcriptions.view.lkml,19,82b3ab594f0d8f518072f3e1cc4f4ce8ac1d576e
dimension,looker:analytics:field:podcast_transcriptions:description,podcast_transcriptions,,description,dimension:column,mechanical,Low,,views/podcast_transcriptions.view.lkml,31,82b3ab594f0d8f518072f3e1cc4f4ce8ac1d576e
dimension,looker:analytics:field:podcast_transcriptions:link,podcast_transcriptions,,link,dimension:column,mechanical,Low,,views/podcast_transcriptions.view.lkml,36,82b3ab594f0d8f518072f3e1cc4f4ce8ac1d576e
dimension,looker:analytics:field:podcast_transcriptions:primary_classification,podcast_transcriptions,,primary_classification,dimension:derived,mechanical,Low,,views/podcast_transcriptions.view.lkml,24,82b3ab594f0d8f518072f3e1cc4f4ce8ac1d576e
dimension,looker:analytics:field:podcast_transcriptions:published,podcast_transcriptions,,published,dimension:column,mechanical,Low,,views/podcast_transcriptions.view.lkml,41,82b3ab594f0d8f518072f3e1cc4f4ce8ac1d576e
dimension,looker:analytics:field:podcast_transcriptions:summary_and_insights,podcast_transcriptions,,summary_and_insights,dimension:column,mechanical,Low,,views/podcast_transcriptions.view.lkml,46,82b3ab594f0d8f518072f3e1cc4f4ce8ac1d576e
dimension,looker:analytics:field:podcast_transcriptions:title,podcast_transcriptions,,title,dimension:column,mechanical,Low,,views/podcast_transcriptions.view.lkml,51,82b3ab594f0d8f518072f3e1cc4f4ce8ac1d576e
dimension,looker:analytics:field:podcast_transcriptions:transcript,podcast_transcriptions,,transcript,dimension:column,mechanical,Low,,views/podcast_transcriptions.view.lkml,56,82b3ab594f0d8f518072f3e1cc4f4ce8ac1d576e
dimension,looker:analytics:field:product_usage_fact:company_id,product_usage_fact,,company_id,dimension:column,mechanical,Low,,views/product_usage_fact.view.lkml,5,82b3ab594f0d8f518072f3e1cc4f4ce8ac1d576e
dimension,looker:analytics:field:product_usage_fact:company_pk,product_usage_fact,,company_pk,dimension:column,mechanical,Low,,views/product_usage_fact.view.lkml,11,82b3ab594f0d8f518072f3e1cc4f4ce8ac1d576e
dimension,looker:analytics:field:product_usage_fact:contact_pk,product_usage_fact,,contact_pk,dimension:column,mechanical,Low,,views/product_usage_fact.view.lkml,17,82b3ab594f0d8f518072f3e1cc4f4ce8ac1d576e
dimension,looker:analytics:field:product_usage_fact:product_account_id,product_usage_fact,,product_account_id,dimension:column,mechanical,Low,,views/product_usage_fact.view.lkml,23,82b3ab594f0d8f518072f3e1cc4f4ce8ac1d576e
dimension,looker:analytics:field:product_usage_fact:product_currency_conversion_rate,product_usage_fact,,product_currency_conversion_rate,dimension:column,mechanical,Low,,views/product_usage_fact.view.lkml,30,82b3ab594f0d8f518072f3e1cc4f4ce8ac1d576e
dimension,looker:analytics:field:product_usage_fact:product_id,product_usage_fact,,product_id,dimension:column,mechanical,Low,,views/product_usage_fact.view.lkml,37,82b3ab594f0d8f518072f3e1cc4f4ce8ac1d576e
dimension,looker:analytics:field:product_usage_fact:product_pk,product_usage_fact,,product_pk,dimension:column,mechanical,Low,,views/product_usage_fact.view.lkml,43,82b3ab594f0d8f518072f3e1cc4f4ce8ac1d576e
dimension,looker:analytics:field:product_usage_fact:product_project_id,product_usage_fact,,product_project_id,dimension:column,mechanical,Low,,views/product_usage_fact.view.lkml,49,82b3ab594f0d8f518072f3e1cc4f4ce8ac1d576e
dimension,looker:analytics:field:product_usage_fact:product_sku_id,product_usage_fact,,product_sku_id,dimension:column,mechanical,Low,,views/product_usage_fact.view.lkml,56,82b3ab594f0d8f518072f3e1cc4f4ce8ac1d576e
dimension,looker:analytics:field:product_usage_fact:product_usage_amount,product_usage_fact,,product_usage_amount,dimension:column,mechanical,Low,,views/product_usage_fact.view.lkml,62,82b3ab594f0d8f518072f3e1cc4f4ce8ac1d576e
dimension,looker:analytics:field:product_usage_fact:product_usage_cost,product_usage_fact,,product_usage_cost,dimension:column,mechanical,Low,,views/product_usage_fact.view.lkml,89,82b3ab594f0d8f518072f3e1cc4f4ce8ac1d576e
dimension,looker:analytics:field:product_usage_fact:product_usage_country,product_usage_fact,,product_usage_country,dimension:column,mechanical,Low,,views/product_usage_fact.view.lkml,111,82b3ab594f0d8f518072f3e1cc4f4ce8ac1d576e
dimension,looker:analytics:field:product_usage_fact:product_usage_currency,product_usage_fact,,product_usage_currency,dimension:column,mechanical,Low,,views/product_usage_fact.view.lkml,118,82b3ab594f0d8f518072f3e1cc4f4ce8ac1d576e
dimension,looker:analytics:field:product_usage_fact:product_usage_error_code,product_usage_fact,,product_usage_error_code,dimension:column,mechanical,Low,,views/product_usage_fact.view.lkml,154,82b3ab594f0d8f518072f3e1cc4f4ce8ac1d576e
dimension,looker:analytics:field:product_usage_fact:product_usage_error_status,product_usage_fact,,product_usage_error_status,dimension:column,mechanical,Low,,views/product_usage_fact.view.lkml,161,82b3ab594f0d8f518072f3e1cc4f4ce8ac1d576e
dimension,looker:analytics:field:product_usage_fact:product_usage_job_id,product_usage_fact,,product_usage_job_id,dimension:column,mechanical,Low,,views/product_usage_fact.view.lkml,168,82b3ab594f0d8f518072f3e1cc4f4ce8ac1d576e
dimension,looker:analytics:field:product_usage_fact:product_usage_location,product_usage_fact,,product_usage_location,dimension:column,mechanical,Low,,views/product_usage_fact.view.lkml,175,82b3ab594f0d8f518072f3e1cc4f4ce8ac1d576e
dimension,looker:analytics:field:product_usage_fact:product_usage_pk,product_usage_fact,,product_usage_pk,dimension:column,mechanical,Low,,views/product_usage_fact.view.lkml,182,82b3ab594f0d8f518072f3e1cc4f4ce8ac1d576e
dimension,looker:analytics:field:product_usage_fact:product_usage_priority,product_usage_fact,,product_usage_priority,dimension:column,mechanical,Low,,views/product_usage_fact.view.lkml,189,82b3ab594f0d8f518072f3e1cc4f4ce8ac1d576e
dimension,looker:analytics:field:product_usage_fact:product_usage_query_hash,product_usage_fact,,product_usage_query_hash,dimension:column,mechanical,Low,,views/product_usage_fact.view.lkml,196,82b3ab594f0d8f518072f3e1cc4f4ce8ac1d576e
dimension,looker:analytics:field:product_usage_fact:product_usage_query_text,product_usage_fact,,product_usage_query_text,dimension:column,mechanical,Low,,views/product_usage_fact.view.lkml,203,82b3ab594f0d8f518072f3e1cc4f4ce8ac1d576e
dimension,looker:analytics:field:product_usage_fact:product_usage_region,product_usage_fact,,product_usage_region,dimension:column,mechanical,Low,,views/product_usage_fact.view.lkml,210,82b3ab594f0d8f518072f3e1cc4f4ce8ac1d576e
dimension,looker:analytics:field:product_usage_fact:product_usage_row_count,product_usage_fact,,product_usage_row_count,dimension:column,mechanical,Low,,views/product_usage_fact.view.lkml,217,82b3ab594f0d8f518072f3e1cc4f4ce8ac1d576e
dimension,looker:analytics:field:product_usage_fact:product_usage_status,product_usage_fact,,product_usage_status,dimension:column,mechanical,Low,,views/product_usage_fact.view.lkml,257,82b3ab594f0d8f518072f3e1cc4f4ce8ac1d576e
dimension,looker:analytics:field:product_usage_fact:product_usage_unit,product_usage_fact,,product_usage_unit,dimension:column,mechanical,Low,,views/product_usage_fact.view.lkml,264,82b3ab594f0d8f518072f3e1cc4f4ce8ac1d576e
dimension,looker:analytics:field:product_usage_fact:product_usage_zone,product_usage_fact,,product_usage_zone,dimension:column,mechanical,Low,,views/product_usage_fact.view.lkml,271,82b3ab594f0d8f518072f3e1cc4f4ce8ac1d576e
dimension,looker:analytics:field:product_usage_fact:source,product_usage_fact,,source,dimension:column,mechanical,Low,,views/product_usage_fact.view.lkml,278,82b3ab594f0d8f518072f3e1cc4f4ce8ac1d576e
dimension,looker:analytics:field:products_dim:product_id,products_dim,,product_id,dimension:column,mechanical,Low,,views/products_dim.view.lkml,5,82b3ab594f0d8f518072f3e1cc4f4ce8ac1d576e
dimension,looker:analytics:field:products_dim:product_name,products_dim,,product_name,dimension:column,mechanical,Low,,views/products_dim.view.lkml,12,82b3ab594f0d8f518072f3e1cc4f4ce8ac1d576e
dimension,looker:analytics:field:products_dim:product_pk,products_dim,,product_pk,dimension:column,mechanical,Low,,views/products_dim.view.lkml,19,82b3ab594f0d8f518072f3e1cc4f4ce8ac1d576e
dimension,looker:analytics:field:products_dim:product_sku_id,products_dim,,product_sku_id,dimension:column,mechanical,Low,,views/products_dim.view.lkml,26,82b3ab594f0d8f518072f3e1cc4f4ce8ac1d576e
dimension,looker:analytics:field:products_dim:product_sku_name,products_dim,,product_sku_name,dimension:column,mechanical,Low,,views/products_dim.view.lkml,32,82b3ab594f0d8f518072f3e1cc4f4ce8ac1d576e
dimension,looker:analytics:field:products_dim:product_source_id,products_dim,,product_source_id,dimension:column,mechanical,Low,,views/products_dim.view.lkml,39,82b3ab594f0d8f518072f3e1cc4f4ce8ac1d576e
dimension,looker:analytics:field:products_dim:product_source_name,products_dim,,product_source_name,dimension:column,mechanical,Low,,views/products_dim.view.lkml,45,82b3ab594f0d8f518072f3e1cc4f4ce8ac1d576e
dimension,looker:analytics:field:products_dim:source,products_dim,,source,dimension:column,mechanical,Low,,views/products_dim.view.lkml,51,82b3ab594f0d8f518072f3e1cc4f4ce8ac1d576e
dimension,looker:analytics:field:profit_and_loss_demo_fact:account_id,profit_and_loss_demo_fact,,account_id,dimension:column,mechanical,Low,,views/profit_and_loss_demo_fact.view.lkml,19,82b3ab594f0d8f518072f3e1cc4f4ce8ac1d576e
dimension,looker:analytics:field:profit_and_loss_demo_fact:account_report_category,profit_and_loss_demo_fact,,account_report_category,dimension:column,mechanical,Low,,views/profit_and_loss_demo_fact.view.lkml,25,82b3ab594f0d8f518072f3e1cc4f4ce8ac1d576e
dimension,looker:analytics:field:profit_and_loss_demo_fact:amount_base,profit_and_loss_demo_fact,,amount_base,dimension:derived,mechanical,Low,,views/profit_and_loss_demo_fact.view.lkml,31,82b3ab594f0d8f518072f3e1cc4f4ce8ac1d576e
dimension,looker:analytics:field:profit_and_loss_demo_fact:budget_base,profit_and_loss_demo_fact,,budget_base,dimension:derived,mechanical,Low,,views/profit_and_loss_demo_fact.view.lkml,37,82b3ab594f0d8f518072f3e1cc4f4ce8ac1d576e
dimension,looker:analytics:field:profit_and_loss_demo_fact:profit_and_loss_pk,profit_and_loss_demo_fact,,profit_and_loss_pk,dimension:column,mechanical,Low,,views/profit_and_loss_demo_fact.view.lkml,12,82b3ab594f0d8f518072f3e1cc4f4ce8ac1d576e
dimension,looker:analytics:field:profit_and_loss_report_account_group:account_category,profit_and_loss_report_account_group,,account_category,dimension:column,mechanical,Low,,views/profit_and_loss_report_account_group.view.lkml,14,82b3ab594f0d8f518072f3e1cc4f4ce8ac1d576e
dimension,looker:analytics:field:profit_and_loss_report_account_group:account_report_group,profit_and_loss_report_account_group,,account_report_group,dimension:column,mechanical,Low,,views/profit_and_loss_report_account_group.view.lkml,19,82b3ab594f0d8f518072f3e1cc4f4ce8ac1d576e
dimension,looker:analytics:field:profit_and_loss_report_account_group:account_report_sub_category,profit_and_loss_report_account_group,,account_report_sub_category,dimension:column,mechanical,Low,,views/profit_and_loss_report_account_group.view.lkml,24,82b3ab594f0d8f518072f3e1cc4f4ce8ac1d576e
dimension,looker:analytics:field:profit_and_loss_report_account_group:account_report_sub_category_order,profit_and_loss_report_account_group,,account_report_sub_category_order,dimension:column,mechanical,Low,,views/profit_and_loss_report_account_group.view.lkml,29,82b3ab594f0d8f518072f3e1cc4f4ce8ac1d576e
dimension,looker:analytics:field:profit_and_loss_report_account_group:net_amount,profit_and_loss_report_account_group,,net_amount,dimension:column,mechanical,Low,,views/profit_and_loss_report_account_group.view.lkml,44,82b3ab594f0d8f518072f3e1cc4f4ce8ac1d576e
dimension,looker:analytics:field:profit_and_loss_report_fact:account_class,profit_and_loss_report_fact,,account_class,dimension:column,mechanical,Low,,views/profit_and_loss_report_fact.view.lkml,7,82b3ab594f0d8f518072f3e1cc4f4ce8ac1d576e
dimension,looker:analytics:field:profit_and_loss_report_fact:account_code,profit_and_loss_report_fact,,account_code,dimension:column,mechanical,Low,,views/profit_and_loss_report_fact.view.lkml,13,82b3ab594f0d8f518072f3e1cc4f4ce8ac1d576e
dimension,looker:analytics:field:profit_and_loss_report_fact:account_id,profit_and_loss_report_fact,,account_id,dimension:column,mechanical,Low,,views/profit_and_loss_report_fact.view.lkml,19,82b3ab594f0d8f518072f3e1cc4f4ce8ac1d576e
dimension,looker:analytics:field:profit_and_loss_report_fact:account_name,profit_and_loss_report_fact,,account_name,dimension:column,mechanical,Low,,views/profit_and_loss_report_fact.view.lkml,24,82b3ab594f0d8f518072f3e1cc4f4ce8ac1d576e
dimension,looker:analytics:field:profit_and_loss_report_fact:account_report_category,profit_and_loss_report_fact,,account_report_category,dimension:column,mechanical,Low,,views/profit_and_loss_report_fact.view.lkml,32,82b3ab594f0d8f518072f3e1cc4f4ce8ac1d576e
dimension,looker:analytics:field:profit_and_loss_report_fact:account_report_category_order,profit_and_loss_report_fact,,account_report_category_order,dimension:column,mechanical,Low,,views/profit_and_loss_report_fact.view.lkml,57,82b3ab594f0d8f518072f3e1cc4f4ce8ac1d576e
dimension,looker:analytics:field:profit_and_loss_report_fact:account_report_group,profit_and_loss_report_fact,,account_report_group,dimension:column,mechanical,Low,,views/profit_and_loss_report_fact.view.lkml,41,82b3ab594f0d8f518072f3e1cc4f4ce8ac1d576e
dimension,looker:analytics:field:profit_and_loss_report_fact:account_report_order,profit_and_loss_report_fact,,account_report_order,dimension:column,mechanical,Low,,views/profit_and_loss_report_fact.view.lkml,50,82b3ab594f0d8f518072f3e1cc4f4ce8ac1d576e
dimension,looker:analytics:field:profit_and_loss_report_fact:amount_base,profit_and_loss_report_fact,,amount_base,dimension:column,mechanical,Low,,views/profit_and_loss_report_fact.view.lkml,82,82b3ab594f0d8f518072f3e1cc4f4ce8ac1d576e
dimension,looker:analytics:field:profit_and_loss_report_fact:budget_base,profit_and_loss_report_fact,,budget_base,dimension:column,mechanical,Low,,views/profit_and_loss_report_fact.view.lkml,398,82b3ab594f0d8f518072f3e1cc4f4ce8ac1d576e
dimension,looker:analytics:field:profit_and_loss_report_fact:profit_and_loss_pk,profit_and_loss_report_fact,,profit_and_loss_pk,dimension:column,mechanical,Low,,views/profit_and_loss_report_fact.view.lkml,463,82b3ab594f0d8f518072f3e1cc4f4ce8ac1d576e
dimension,looker:analytics:field:project_attribution:contact_pk,project_attribution,,contact_pk,dimension:column,mechanical,Low,,views/project_attribution.view.lkml,124,82b3ab594f0d8f518072f3e1cc4f4ce8ac1d576e
dimension,looker:analytics:field:project_attribution:hourly_rate,project_attribution,,hourly_rate,dimension:column,mechanical,Low,,views/project_attribution.view.lkml,137,82b3ab594f0d8f518072f3e1cc4f4ce8ac1d576e
dimension,looker:analytics:field:project_attribution:hours_billed,project_attribution,,hours_billed,dimension:column,mechanical,Low,,views/project_attribution.view.lkml,150,82b3ab594f0d8f518072f3e1cc4f4ce8ac1d576e
dimension,looker:analytics:field:project_attribution:invoice_month,project_attribution,,invoice_month,dimension:column,mechanical,Low,,views/project_attribution.view.lkml,111,82b3ab594f0d8f518072f3e1cc4f4ce8ac1d576e
dimension,looker:analytics:field:project_attribution:pct_elapsed,project_attribution,,pct_elapsed,dimension:column,mechanical,Low,,views/project_attribution.view.lkml,131,82b3ab594f0d8f518072f3e1cc4f4ce8ac1d576e
dimension,looker:analytics:field:project_attribution:pct_of_project_hours_billed,project_attribution,,pct_of_project_hours_billed,dimension:column,mechanical,Low,,views/project_attribution.view.lkml,163,82b3ab594f0d8f518072f3e1cc4f4ce8ac1d576e
dimension,looker:analytics:field:project_attribution:pk,project_attribution,,pk,dimension:derived,mechanical,Low,,views/project_attribution.view.lkml,105,82b3ab594f0d8f518072f3e1cc4f4ce8ac1d576e
dimension,looker:analytics:field:project_attribution:project_hours_billed,project_attribution,,project_hours_billed,dimension:column,mechanical,Low,,views/project_attribution.view.lkml,156,82b3ab594f0d8f518072f3e1cc4f4ce8ac1d576e
dimension,looker:analytics:field:project_attribution:timesheet_project_pk,project_attribution,,timesheet_project_pk,dimension:column,mechanical,Low,,views/project_attribution.view.lkml,99,82b3ab594f0d8f518072f3e1cc4f4ce8ac1d576e
dimension,looker:analytics:field:project_attribution:total_contribution_gbp,project_attribution,,total_contribution_gbp,dimension:column,mechanical,Low,,views/project_attribution.view.lkml,184,82b3ab594f0d8f518072f3e1cc4f4ce8ac1d576e
dimension,looker:analytics:field:project_attribution:total_cost_gbp,project_attribution,,total_cost_gbp,dimension:column,mechanical,Low,,views/project_attribution.view.lkml,177,82b3ab594f0d8f518072f3e1cc4f4ce8ac1d576e
dimension,looker:analytics:field:project_attribution:total_net_amount_gbp,project_attribution,,total_net_amount_gbp,dimension:column,mechanical,Low,,views/project_attribution.view.lkml,143,82b3ab594f0d8f518072f3e1cc4f4ce8ac1d576e
dimension,looker:analytics:field:project_attribution:total_revenue_gbp,project_attribution,,total_revenue_gbp,dimension:column,mechanical,Low,,views/project_attribution.view.lkml,170,82b3ab594f0d8f518072f3e1cc4f4ce8ac1d576e
dimension,looker:analytics:field:project_engagements:company_name,project_engagements,,company_name,dimension:column,mechanical,Low,,views/project_engagements_monthly_revenue.view.lkml,14,82b3ab594f0d8f518072f3e1cc4f4ce8ac1d576e
dimension,looker:analytics:field:project_engagements:engagement_code,project_engagements,,engagement_code,dimension:column,mechanical,Low,,views/project_engagements_monthly_revenue.view.lkml,21,82b3ab594f0d8f518072f3e1cc4f4ce8ac1d576e
dimension,looker:analytics:field:project_engagements:pk,project_engagements,,pk,dimension:derived,mechanical,Low,,views/project_engagements_monthly_revenue.view.lkml,26,82b3ab594f0d8f518072f3e1cc4f4ce8ac1d576e
dimension,looker:analytics:field:project_engagements:total_engagement_revenue_remaining,project_engagements,,total_engagement_revenue_remaining,dimension:column,mechanical,Low,,views/project_engagements_monthly_revenue.view.lkml,32,82b3ab594f0d8f518072f3e1cc4f4ce8ac1d576e
dimension,looker:analytics:field:project_metrics:company_name,project_metrics,,company_name,dimension:column,mechanical,Low,,views/project_metrics.view.lkml,69,82b3ab594f0d8f518072f3e1cc4f4ce8ac1d576e
dimension,looker:analytics:field:project_metrics:company_pk,project_metrics,,company_pk,dimension:column,mechanical,Low,,views/project_metrics.view.lkml,53,82b3ab594f0d8f518072f3e1cc4f4ce8ac1d576e
dimension,looker:analytics:field:project_metrics:count_contacts,project_metrics,,count_contacts,dimension:column,mechanical,Low,,views/project_metrics.view.lkml,89,82b3ab594f0d8f518072f3e1cc4f4ce8ac1d576e
dimension,looker:analytics:field:project_metrics:count_timesheet_projects,project_metrics,,count_timesheet_projects,dimension:column,mechanical,Low,,views/project_metrics.view.lkml,84,82b3ab594f0d8f518072f3e1cc4f4ce8ac1d576e
dimension,looker:analytics:field:project_metrics:project_code,project_metrics,,project_code,dimension:column,mechanical,Low,,views/project_metrics.view.lkml,58,82b3ab594f0d8f518072f3e1cc4f4ce8ac1d576e
dimension,looker:analytics:field:project_metrics:project_hours_billed_pct,project_metrics,,project_hours_billed_pct,dimension:column,mechanical,Low,,views/project_metrics.view.lkml,119,82b3ab594f0d8f518072f3e1cc4f4ce8ac1d576e
dimension,looker:analytics:field:project_metrics:project_hours_budget,project_metrics,,project_hours_budget,dimension:column,mechanical,Low,,views/project_metrics.view.lkml,104,82b3ab594f0d8f518072f3e1cc4f4ce8ac1d576e
dimension,looker:analytics:field:project_metrics:project_margin_pct,project_metrics,,project_margin_pct,dimension:column,mechanical,Low,,views/project_metrics.view.lkml,114,82b3ab594f0d8f518072f3e1cc4f4ce8ac1d576e
dimension,looker:analytics:field:project_metrics:project_name,project_metrics,,project_name,dimension:column,mechanical,Low,,views/project_metrics.view.lkml,74,82b3ab594f0d8f518072f3e1cc4f4ce8ac1d576e
dimension,looker:analytics:field:project_metrics:project_seq,project_metrics,,project_seq,dimension:column,mechanical,Low,,views/project_metrics.view.lkml,109,82b3ab594f0d8f518072f3e1cc4f4ce8ac1d576e
dimension,looker:analytics:field:project_metrics:total_project_fee_amount,project_metrics,,total_project_fee_amount,dimension:column,mechanical,Low,,views/project_metrics.view.lkml,79,82b3ab594f0d8f518072f3e1cc4f4ce8ac1d576e
dimension,looker:analytics:field:project_metrics:total_timesheet_cost_amount,project_metrics,,total_timesheet_cost_amount,dimension:column,mechanical,Low,,views/project_metrics.view.lkml,94,82b3ab594f0d8f518072f3e1cc4f4ce8ac1d576e
dimension,looker:analytics:field:project_metrics:total_timesheet_hours_billed,project_metrics,,total_timesheet_hours_billed,dimension:column,mechanical,Low,,views/project_metrics.view.lkml,99,82b3ab594f0d8f518072f3e1cc4f4ce8ac1d576e
dimension,looker:analytics:field:projects_delivered_is_ontime:is_ontime_project,projects_delivered_is_ontime,,is_ontime_project,dimension:column,mechanical,Low,,views/projects_delivered_is_ontime.view.lkml,54,82b3ab594f0d8f518072f3e1cc4f4ce8ac1d576e
dimension,looker:analytics:field:projects_delivered_is_ontime:timesheet_project_pk,projects_delivered_is_ontime,,timesheet_project_pk,dimension:column,mechanical,Low,,views/projects_delivered_is_ontime.view.lkml,47,82b3ab594f0d8f518072f3e1cc4f4ce8ac1d576e
dimension,looker:analytics:field:recognized_revenue_fact:consultant_delivery_labour_cost_gbp,recognized_revenue_fact,,consultant_delivery_labour_cost_gbp,dimension:column,mechanical,Low,,views/recognized_revenue_fact.view.lkml,118,82b3ab594f0d8f518072f3e1cc4f4ce8ac1d576e
dimension,looker:analytics:field:recognized_revenue_fact:consultant_hours_attributed,recognized_revenue_fact,,consultant_hours_attributed,dimension:column,mechanical,Low,,views/recognized_revenue_fact.view.lkml,38,82b3ab594f0d8f518072f3e1cc4f4ce8ac1d576e
dimension,looker:analytics:field:recognized_revenue_fact:consultant_hours_billed,recognized_revenue_fact,,consultant_hours_billed,dimension:column,mechanical,Low,,views/recognized_revenue_fact.view.lkml,31,82b3ab594f0d8f518072f3e1cc4f4ce8ac1d576e
dimension,looker:analytics:field:recognized_revenue_fact:consultant_recognized_attributed_revenue_gbp,recognized_revenue_fact,,consultant_recognized_attributed_revenue_gbp,dimension:column,mechanical,Low,,views/recognized_revenue_fact.view.lkml,51,82b3ab594f0d8f518072f3e1cc4f4ce8ac1d576e
dimension,looker:analytics:field:recognized_revenue_fact:consultant_recognized_revenue_gbp,recognized_revenue_fact,,consultant_recognized_revenue_gbp,dimension:column,mechanical,Low,,views/recognized_revenue_fact.view.lkml,45,82b3ab594f0d8f518072f3e1cc4f4ce8ac1d576e
dimension,looker:analytics:field:recognized_revenue_fact:contact_fk,recognized_revenue_fact,,contact_fk,dimension:column,mechanical,Low,,views/recognized_revenue_fact.view.lkml,86,82b3ab594f0d8f518072f3e1cc4f4ce8ac1d576e
dimension,looker:analytics:field:recognized_revenue_fact:engagement_month_number,recognized_revenue_fact,,engagement_month_number,dimension:column,mechanical,Low,,views/recognized_revenue_fact.view.lkml,162,82b3ab594f0d8f518072f3e1cc4f4ce8ac1d576e
dimension,looker:analytics:field:recognized_revenue_fact:expense_cost_gbp,recognized_revenue_fact,,expense_cost_gbp,dimension:column,mechanical,Low,,views/recognized_revenue_fact.view.lkml,124,82b3ab594f0d8f518072f3e1cc4f4ce8ac1d576e
dimension,looker:analytics:field:recognized_revenue_fact:hours_attributed,recognized_revenue_fact,,hours_attributed,dimension:column,mechanical,Low,,views/recognized_revenue_fact.view.lkml,110,82b3ab594f0d8f518072f3e1cc4f4ce8ac1d576e
dimension,looker:analytics:field:recognized_revenue_fact:hours_billed,recognized_revenue_fact,,hours_billed,dimension:column,mechanical,Low,,views/recognized_revenue_fact.view.lkml,104,82b3ab594f0d8f518072f3e1cc4f4ce8ac1d576e
dimension,looker:analytics:field:recognized_revenue_fact:pk,recognized_revenue_fact,,pk,dimension:derived,mechanical,Low,,views/recognized_revenue_fact.view.lkml,24,82b3ab594f0d8f518072f3e1cc4f4ce8ac1d576e
dimension,looker:analytics:field:recognized_revenue_fact:project_month_key,recognized_revenue_fact,,project_month_key,dimension:derived,mechanical,Low,,views/recognized_revenue_fact.view.lkml,133,82b3ab594f0d8f518072f3e1cc4f4ce8ac1d576e
dimension,looker:analytics:field:recognized_revenue_fact:project_name,recognized_revenue_fact,,project_name,dimension:column,mechanical,Low,,views/recognized_revenue_fact.view.lkml,92,82b3ab594f0d8f518072f3e1cc4f4ce8ac1d576e
dimension,looker:analytics:field:recognized_revenue_fact:timesheet_project_pk,recognized_revenue_fact,,timesheet_project_pk,dimension:column,mechanical,Low,,views/recognized_revenue_fact.view.lkml,98,82b3ab594f0d8f518072f3e1cc4f4ce8ac1d576e
dimension,looker:analytics:field:recruiting_application_stages_dim:_dbt_source_relation,recruiting_application_stages_dim,,_dbt_source_relation,dimension:column,mechanical,Low,,views/recruiting_application_stages_dim.view.lkml,4,82b3ab594f0d8f518072f3e1cc4f4ce8ac1d576e
dimension,looker:analytics:field:recruiting_application_stages_dim:application_stage_id,recruiting_application_stages_dim,,application_stage_id,dimension:column,mechanical,Low,,views/recruiting_application_stages_dim.view.lkml,10,82b3ab594f0d8f518072f3e1cc4f4ce8ac1d576e
dimension,looker:analytics:field:recruiting_application_stages_dim:application_stage_name,recruiting_application_stages_dim,,application_stage_name,dimension:column,mechanical,Low,,views/recruiting_application_stages_dim.view.lkml,16,82b3ab594f0d8f518072f3e1cc4f4ce8ac1d576e
dimension,looker:analytics:field:recruiting_application_stages_dim:application_stage_pk,recruiting_application_stages_dim,,application_stage_pk,dimension:column,mechanical,Low,,views/recruiting_application_stages_dim.view.lkml,20,82b3ab594f0d8f518072f3e1cc4f4ce8ac1d576e
dimension,looker:analytics:field:recruiting_application_stages_dim:application_stage_rejected_count,recruiting_application_stages_dim,,application_stage_rejected_count,dimension:column,mechanical,Low,,views/recruiting_application_stages_dim.view.lkml,26,82b3ab594f0d8f518072f3e1cc4f4ce8ac1d576e
dimension,looker:analytics:field:recruiting_job_applications_fact:application_stage_fk,recruiting_job_applications_fact,,application_stage_fk,dimension:column,mechanical,Low,,views/recruiting_job_applications_fact.view.lkml,4,82b3ab594f0d8f518072f3e1cc4f4ce8ac1d576e
dimension,looker:analytics:field:recruiting_job_applications_fact:candidate_match_to_requirements,recruiting_job_applications_fact,,candidate_match_to_requirements,dimension:derived,mechanical,Low,,views/recruiting_job_applications_fact.view.lkml,9,82b3ab594f0d8f518072f3e1cc4f4ce8ac1d576e
dimension,looker:analytics:field:recruiting_job_applications_fact:candidate_pitch,recruiting_job_applications_fact,,candidate_pitch,dimension:column,mechanical,Low,,views/recruiting_job_applications_fact.view.lkml,13,82b3ab594f0d8f518072f3e1cc4f4ce8ac1d576e
dimension,looker:analytics:field:recruiting_job_applications_fact:contact_fk,recruiting_job_applications_fact,,contact_fk,dimension:column,mechanical,Low,,views/recruiting_job_applications_fact.view.lkml,19,82b3ab594f0d8f518072f3e1cc4f4ce8ac1d576e
dimension,looker:analytics:field:recruiting_job_applications_fact:contact_linkedin_url,recruiting_job_applications_fact,,contact_linkedin_url,dimension:column,mechanical,Low,,views/recruiting_job_applications_fact.view.lkml,25,82b3ab594f0d8f518072f3e1cc4f4ce8ac1d576e
dimension,looker:analytics:field:recruiting_job_applications_fact:contact_original_resume,recruiting_job_applications_fact,,contact_original_resume,dimension:column,mechanical,Low,,views/recruiting_job_applications_fact.view.lkml,31,82b3ab594f0d8f518072f3e1cc4f4ce8ac1d576e
dimension,looker:analytics:field:recruiting_job_applications_fact:contact_referred,recruiting_job_applications_fact,,contact_referred,dimension:column,mechanical,Low,,views/recruiting_job_applications_fact.view.lkml,37,82b3ab594f0d8f518072f3e1cc4f4ce8ac1d576e
dimension,looker:analytics:field:recruiting_job_applications_fact:contact_referring_site,recruiting_job_applications_fact,,contact_referring_site,dimension:column,mechanical,Low,,views/recruiting_job_applications_fact.view.lkml,43,82b3ab594f0d8f518072f3e1cc4f4ce8ac1d576e
dimension,looker:analytics:field:recruiting_job_applications_fact:contact_resume,recruiting_job_applications_fact,,contact_resume,dimension:column,mechanical,Low,,views/recruiting_job_applications_fact.view.lkml,49,82b3ab594f0d8f518072f3e1cc4f4ce8ac1d576e
dimension,looker:analytics:field:recruiting_job_applications_fact:contact_sourced,recruiting_job_applications_fact,,contact_sourced,dimension:column,mechanical,Low,,views/recruiting_job_applications_fact.view.lkml,55,82b3ab594f0d8f518072f3e1cc4f4ce8ac1d576e
dimension,looker:analytics:field:recruiting_job_applications_fact:contact_tags,recruiting_job_applications_fact,,contact_tags,dimension:column,mechanical,Low,,views/recruiting_job_applications_fact.view.lkml,61,82b3ab594f0d8f518072f3e1cc4f4ce8ac1d576e
dimension,looker:analytics:field:recruiting_job_applications_fact:job_application_cover_letter,recruiting_job_applications_fact,,job_application_cover_letter,dimension:column,mechanical,Low,,views/recruiting_job_applications_fact.view.lkml,67,82b3ab594f0d8f518072f3e1cc4f4ce8ac1d576e
dimension,looker:analytics:field:recruiting_job_applications_fact:job_application_id,recruiting_job_applications_fact,,job_application_id,dimension:column,mechanical,Low,,views/recruiting_job_applications_fact.view.lkml,76,82b3ab594f0d8f518072f3e1cc4f4ce8ac1d576e
dimension,looker:analytics:field:recruiting_job_applications_fact:job_application_pk,recruiting_job_applications_fact,,job_application_pk,dimension:column,mechanical,Low,,views/recruiting_job_applications_fact.view.lkml,87,82b3ab594f0d8f518072f3e1cc4f4ce8ac1d576e
dimension,looker:analytics:field:recruiting_job_applications_fact:job_application_questions,recruiting_job_applications_fact,,job_application_questions,dimension:column,mechanical,Low,,views/recruiting_job_applications_fact.view.lkml,93,82b3ab594f0d8f518072f3e1cc4f4ce8ac1d576e
dimension,looker:analytics:field:recruiting_job_applications_fact:job_application_referring_site,recruiting_job_applications_fact,,job_application_referring_site,dimension:column,mechanical,Low,,views/recruiting_job_applications_fact.view.lkml,99,82b3ab594f0d8f518072f3e1cc4f4ce8ac1d576e
dimension,looker:analytics:field:recruiting_job_applications_fact:job_application_referring_url,recruiting_job_applications_fact,,job_application_referring_url,dimension:column,mechanical,Low,,views/recruiting_job_applications_fact.view.lkml,103,82b3ab594f0d8f518072f3e1cc4f4ce8ac1d576e
dimension,looker:analytics:field:recruiting_job_applications_fact:job_application_sourced,recruiting_job_applications_fact,,job_application_sourced,dimension:column,mechanical,Low,,views/recruiting_job_applications_fact.view.lkml,112,82b3ab594f0d8f518072f3e1cc4f4ce8ac1d576e
dimension,looker:analytics:field:recruiting_job_applications_fact:job_fk,recruiting_job_applications_fact,,job_fk,dimension:column,mechanical,Low,,views/recruiting_job_applications_fact.view.lkml,116,82b3ab594f0d8f518072f3e1cc4f4ce8ac1d576e
dimension,looker:analytics:field:recruiting_job_applications_fact:job_pitch,recruiting_job_applications_fact,,job_pitch,dimension:column,mechanical,Low,,views/recruiting_job_applications_fact.view.lkml,122,82b3ab594f0d8f518072f3e1cc4f4ce8ac1d576e
dimension,looker:analytics:field:recruiting_job_applications_fact:job_resume_requirement,recruiting_job_applications_fact,,job_resume_requirement,dimension:column,mechanical,Low,,views/recruiting_job_applications_fact.view.lkml,128,82b3ab594f0d8f518072f3e1cc4f4ce8ac1d576e
dimension,looker:analytics:field:recruiting_job_applications_fact:prompt,recruiting_job_applications_fact,,prompt,dimension:column,mechanical,Low,,views/recruiting_job_applications_fact.view.lkml,135,82b3ab594f0d8f518072f3e1cc4f4ce8ac1d576e
dimension,looker:analytics:field:recruiting_job_applications_fact:rejection_by_company,recruiting_job_applications_fact,,rejection_by_company,dimension:column,mechanical,Low,,views/recruiting_job_applications_fact.view.lkml,141,82b3ab594f0d8f518072f3e1cc4f4ce8ac1d576e
dimension,looker:analytics:field:recruiting_job_applications_fact:rejection_reason,recruiting_job_applications_fact,,rejection_reason,dimension:column,mechanical,Low,,views/recruiting_job_applications_fact.view.lkml,145,82b3ab594f0d8f518072f3e1cc4f4ce8ac1d576e
dimension,looker:analytics:field:recruiting_jobs_dim:_dbt_source_relation,recruiting_jobs_dim,,_dbt_source_relation,dimension:column,mechanical,Low,,views/recruiting_jobs_dim.view.lkml,4,82b3ab594f0d8f518072f3e1cc4f4ce8ac1d576e
dimension,looker:analytics:field:recruiting_jobs_dim:job_id,recruiting_jobs_dim,,job_id,dimension:column,mechanical,Low,,views/recruiting_jobs_dim.view.lkml,15,82b3ab594f0d8f518072f3e1cc4f4ce8ac1d576e
dimension,looker:analytics:field:recruiting_jobs_dim:job_internal_name,recruiting_jobs_dim,,job_internal_name,dimension:column,mechanical,Low,,views/recruiting_jobs_dim.view.lkml,21,82b3ab594f0d8f518072f3e1cc4f4ce8ac1d576e
dimension,looker:analytics:field:recruiting_jobs_dim:job_pitch,recruiting_jobs_dim,,job_pitch,dimension:column,mechanical,Low,,views/recruiting_jobs_dim.view.lkml,32,82b3ab594f0d8f518072f3e1cc4f4ce8ac1d576e
dimension,looker:analytics:field:recruiting_jobs_dim:job_pk,recruiting_jobs_dim,,job_pk,dimension:column,mechanical,Low,,views/recruiting_jobs_dim.view.lkml,36,82b3ab594f0d8f518072f3e1cc4f4ce8ac1d576e
dimension,looker:analytics:field:recruiting_jobs_dim:job_resume_requirement,recruiting_jobs_dim,,job_resume_requirement,dimension:column,mechanical,Low,,views/recruiting_jobs_dim.view.lkml,42,82b3ab594f0d8f518072f3e1cc4f4ce8ac1d576e
dimension,looker:analytics:field:recruiting_jobs_dim:job_status,recruiting_jobs_dim,,job_status,dimension:column,mechanical,Low,,views/recruiting_jobs_dim.view.lkml,48,82b3ab594f0d8f518072f3e1cc4f4ce8ac1d576e
dimension,looker:analytics:field:recruiting_jobs_dim:job_title,recruiting_jobs_dim,,job_title,dimension:column,mechanical,Low,,views/recruiting_jobs_dim.view.lkml,52,82b3ab594f0d8f518072f3e1cc4f4ce8ac1d576e
dimension,looker:analytics:field:revenue_and_forecast:actual_net_margin,revenue_and_forecast,,actual_net_margin,dimension:derived,mechanical,Low,,views/revenue_and_forecast.view.lkml,90,82b3ab594f0d8f518072f3e1cc4f4ce8ac1d576e
dimension,looker:analytics:field:revenue_and_forecast:booked_and_forecast_revenue,revenue_and_forecast,,booked_and_forecast_revenue,dimension:column,mechanical,Low,,views/revenue_and_forecast.view.lkml,35,82b3ab594f0d8f518072f3e1cc4f4ce8ac1d576e
dimension,looker:analytics:field:revenue_and_forecast:booked_revenue,revenue_and_forecast,,booked_revenue,dimension:column,mechanical,Low,,views/revenue_and_forecast.view.lkml,22,82b3ab594f0d8f518072f3e1cc4f4ce8ac1d576e
dimension,looker:analytics:field:revenue_and_forecast:delivery_costs,revenue_and_forecast,,delivery_costs,dimension:column,mechanical,Low,,views/revenue_and_forecast.view.lkml,42,82b3ab594f0d8f518072f3e1cc4f4ce8ac1d576e
dimension,looker:analytics:field:revenue_and_forecast:dividends,revenue_and_forecast,,dividends,dimension:column,mechanical,Low,,views/revenue_and_forecast.view.lkml,56,82b3ab594f0d8f518072f3e1cc4f4ce8ac1d576e
dimension,looker:analytics:field:revenue_and_forecast:forecast_net_profit,revenue_and_forecast,,forecast_net_profit,dimension:derived,mechanical,Low,,views/revenue_and_forecast.view.lkml,76,82b3ab594f0d8f518072f3e1cc4f4ce8ac1d576e
dimension,looker:analytics:field:revenue_and_forecast:forecast_revenue,revenue_and_forecast,,forecast_revenue,dimension:column,mechanical,Low,,views/revenue_and_forecast.view.lkml,28,82b3ab594f0d8f518072f3e1cc4f4ce8ac1d576e
dimension,looker:analytics:field:revenue_and_forecast:forecast_taxation,revenue_and_forecast,,forecast_taxation,dimension:column,mechanical,Low,,views/revenue_and_forecast.view.lkml,70,82b3ab594f0d8f518072f3e1cc4f4ce8ac1d576e
dimension,looker:analytics:field:revenue_and_forecast:overheads,revenue_and_forecast,,overheads,dimension:column,mechanical,Low,,views/revenue_and_forecast.view.lkml,49,82b3ab594f0d8f518072f3e1cc4f4ce8ac1d576e
dimension,looker:analytics:field:revenue_and_forecast:target_net_margin,revenue_and_forecast,,target_net_margin,dimension:derived,mechanical,Low,,views/revenue_and_forecast.view.lkml,83,82b3ab594f0d8f518072f3e1cc4f4ce8ac1d576e
dimension,looker:analytics:field:revenue_and_forecast:target_net_profit,revenue_and_forecast,,target_net_profit,dimension:column,mechanical,Low,,views/revenue_and_forecast.view.lkml,63,82b3ab594f0d8f518072f3e1cc4f4ce8ac1d576e
dimension,looker:analytics:field:revenue_and_forecast:target_revenue,revenue_and_forecast,,target_revenue,dimension:column,mechanical,Low,,views/revenue_and_forecast.view.lkml,15,82b3ab594f0d8f518072f3e1cc4f4ce8ac1d576e
dimension,looker:analytics:field:revenue_attribution:client_project_seq,revenue_attribution,,client_project_seq,dimension:column,mechanical,Low,,views/revenue_attribution.view.lkml,127,82b3ab594f0d8f518072f3e1cc4f4ce8ac1d576e
dimension,looker:analytics:field:revenue_attribution:consultant_name,revenue_attribution,,consultant_name,dimension:column,mechanical,Low,,views/revenue_attribution.view.lkml,122,82b3ab594f0d8f518072f3e1cc4f4ce8ac1d576e
dimension,looker:analytics:field:revenue_attribution:consultant_project_seq,revenue_attribution,,consultant_project_seq,dimension:column,mechanical,Low,,views/revenue_attribution.view.lkml,123,82b3ab594f0d8f518072f3e1cc4f4ce8ac1d576e
dimension,looker:analytics:field:revenue_attribution:project_code,revenue_attribution,,project_code,dimension:column,mechanical,Low,,views/revenue_attribution.view.lkml,121,82b3ab594f0d8f518072f3e1cc4f4ce8ac1d576e
dimension,looker:analytics:field:rfm_model:company_pk,rfm_model,,company_pk,dimension:column,mechanical,Low,,views/rfm_model.view.lkml,319,82b3ab594f0d8f518072f3e1cc4f4ce8ac1d576e
dimension,looker:analytics:field:rfm_model:monetary_value,rfm_model,,monetary_value,dimension:column,mechanical,Low,,views/rfm_model.view.lkml,347,82b3ab594f0d8f518072f3e1cc4f4ce8ac1d576e
dimension,looker:analytics:field:rfm_model:order_frequency,rfm_model,,order_frequency,dimension:column,mechanical,Low,,views/rfm_model.view.lkml,335,82b3ab594f0d8f518072f3e1cc4f4ce8ac1d576e
dimension,looker:analytics:field:rfm_model:order_recency,rfm_model,,order_recency,dimension:column,mechanical,Low,,views/rfm_model.view.lkml,341,82b3ab594f0d8f518072f3e1cc4f4ce8ac1d576e
dimension,looker:analytics:field:rfm_model:rfm_cell,rfm_model,,rfm_cell,dimension:column,mechanical,Low,,views/rfm_model.view.lkml,354,82b3ab594f0d8f518072f3e1cc4f4ce8ac1d576e
dimension,looker:analytics:field:rfm_model:rfm_frequency_score,rfm_model,,rfm_frequency_score,dimension:column,mechanical,Low,,views/rfm_model.view.lkml,324,82b3ab594f0d8f518072f3e1cc4f4ce8ac1d576e
dimension,looker:analytics:field:rfm_model:rfm_monetary_value_score,rfm_model,,rfm_monetary_value_score,dimension:column,mechanical,Low,,views/rfm_model.view.lkml,331,82b3ab594f0d8f518072f3e1cc4f4ce8ac1d576e
dimension,looker:analytics:field:rfm_model:rfm_recency_score,rfm_model,,rfm_recency_score,dimension:column,mechanical,Low,,views/rfm_model.view.lkml,327,82b3ab594f0d8f518072f3e1cc4f4ce8ac1d576e
dimension,looker:analytics:field:rfm_model:rfm_segment,rfm_model,,rfm_segment,dimension:column,mechanical,Low,,views/rfm_model.view.lkml,358,82b3ab594f0d8f518072f3e1cc4f4ce8ac1d576e
dimension,looker:analytics:field:sales_funnel_xa:blended_id,sales_funnel_xa,,blended_id,dimension:column,mechanical,Low,,views/sales_funnel_xa.view.lkml,221,82b3ab594f0d8f518072f3e1cc4f4ce8ac1d576e
dimension,looker:analytics:field:sales_funnel_xa:company_pk,sales_funnel_xa,,company_pk,dimension:column,mechanical,Low,,views/sales_funnel_xa.view.lkml,17,82b3ab594f0d8f518072f3e1cc4f4ce8ac1d576e
dimension,looker:analytics:field:sales_funnel_xa:contact_pk,sales_funnel_xa,,contact_pk,dimension:column,mechanical,Low,,views/sales_funnel_xa.view.lkml,23,82b3ab594f0d8f518072f3e1cc4f4ce8ac1d576e
dimension,looker:analytics:field:sales_funnel_xa:conversion_cycle_hour_length,sales_funnel_xa,,conversion_cycle_hour_length,dimension:column,mechanical,Low,,views/sales_funnel_xa.view.lkml,81,82b3ab594f0d8f518072f3e1cc4f4ce8ac1d576e
dimension,looker:analytics:field:sales_funnel_xa:conversion_event,sales_funnel_xa,,conversion_event,dimension:column,mechanical,Low,,views/sales_funnel_xa.view.lkml,76,82b3ab594f0d8f518072f3e1cc4f4ce8ac1d576e
dimension,looker:analytics:field:sales_funnel_xa:conversion_interaction_seq,sales_funnel_xa,,conversion_interaction_seq,dimension:column,mechanical,Low,,views/sales_funnel_xa.view.lkml,32,82b3ab594f0d8f518072f3e1cc4f4ce8ac1d576e
dimension,looker:analytics:field:sales_funnel_xa:days_to_conversion,sales_funnel_xa,,days_to_conversion,dimension:column,mechanical,Low,,views/sales_funnel_xa.view.lkml,44,82b3ab594f0d8f518072f3e1cc4f4ce8ac1d576e
dimension,looker:analytics:field:sales_funnel_xa:device,sales_funnel_xa,,device,dimension:column,mechanical,Low,,views/sales_funnel_xa.view.lkml,57,82b3ab594f0d8f518072f3e1cc4f4ce8ac1d576e
dimension,looker:analytics:field:sales_funnel_xa:event_details,sales_funnel_xa,,event_details,dimension:column,mechanical,Low,,views/sales_funnel_xa.view.lkml,63,82b3ab594f0d8f518072f3e1cc4f4ce8ac1d576e
dimension,looker:analytics:field:sales_funnel_xa:event_id,sales_funnel_xa,,event_id,dimension:column,mechanical,Low,,views/sales_funnel_xa.view.lkml,69,82b3ab594f0d8f518072f3e1cc4f4ce8ac1d576e
dimension,looker:analytics:field:sales_funnel_xa:event_type,sales_funnel_xa,,event_type,dimension:column,mechanical,Low,,views/sales_funnel_xa.view.lkml,116,82b3ab594f0d8f518072f3e1cc4f4ce8ac1d576e
dimension,looker:analytics:field:sales_funnel_xa:event_value,sales_funnel_xa,,event_value,dimension:column,mechanical,Low,,views/sales_funnel_xa.view.lkml,122,82b3ab594f0d8f518072f3e1cc4f4ce8ac1d576e
dimension,looker:analytics:field:sales_funnel_xa:funnel_stage,sales_funnel_xa,,funnel_stage,dimension:column,mechanical,Low,,views/sales_funnel_xa.view.lkml,128,82b3ab594f0d8f518072f3e1cc4f4ce8ac1d576e
dimension,looker:analytics:field:sales_funnel_xa:funnel_stage_name,sales_funnel_xa,,funnel_stage_name,dimension:column,mechanical,Low,,views/sales_funnel_xa.view.lkml,149,82b3ab594f0d8f518072f3e1cc4f4ce8ac1d576e
dimension,looker:analytics:field:sales_funnel_xa:has_converted,sales_funnel_xa,,has_converted,dimension:column,mechanical,Low,,views/sales_funnel_xa.view.lkml,171,82b3ab594f0d8f518072f3e1cc4f4ce8ac1d576e
dimension,looker:analytics:field:sales_funnel_xa:hours_from_last_interaction,sales_funnel_xa,,hours_from_last_interaction,dimension:column,mechanical,Low,,views/sales_funnel_xa.view.lkml,176,82b3ab594f0d8f518072f3e1cc4f4ce8ac1d576e
dimension,looker:analytics:field:sales_funnel_xa:hours_to_next_interaction,sales_funnel_xa,,hours_to_next_interaction,dimension:column,mechanical,Low,,views/sales_funnel_xa.view.lkml,187,82b3ab594f0d8f518072f3e1cc4f4ce8ac1d576e
dimension,looker:analytics:field:sales_funnel_xa:is_first_conversion,sales_funnel_xa,,is_first_conversion,dimension:column,mechanical,Low,,views/sales_funnel_xa.view.lkml,194,82b3ab594f0d8f518072f3e1cc4f4ce8ac1d576e
dimension,looker:analytics:field:sales_funnel_xa:is_latest_sales_interaction,sales_funnel_xa,,is_latest_sales_interaction,dimension:column,mechanical,Low,,views/sales_funnel_xa.view.lkml,139,82b3ab594f0d8f518072f3e1cc4f4ce8ac1d576e
dimension,looker:analytics:field:sales_funnel_xa:is_pre_conversion_interaction,sales_funnel_xa,,is_pre_conversion_interaction,dimension:column,mechanical,Low,,views/sales_funnel_xa.view.lkml,199,82b3ab594f0d8f518072f3e1cc4f4ce8ac1d576e
dimension,looker:analytics:field:sales_funnel_xa:max_funnel_stage,sales_funnel_xa,,max_funnel_stage,dimension:column,mechanical,Low,,views/sales_funnel_xa.view.lkml,144,82b3ab594f0d8f518072f3e1cc4f4ce8ac1d576e
dimension,looker:analytics:field:sales_funnel_xa:sales_funnel_interaction_seq,sales_funnel_xa,,sales_funnel_interaction_seq,dimension:column,mechanical,Low,,views/sales_funnel_xa.view.lkml,208,82b3ab594f0d8f518072f3e1cc4f4ce8ac1d576e
dimension,looker:analytics:field:sales_funnel_xa:sales_interaction_seq,sales_funnel_xa,,sales_interaction_seq,dimension:column,mechanical,Low,,views/sales_funnel_xa.view.lkml,214,82b3ab594f0d8f518072f3e1cc4f4ce8ac1d576e
dimension,looker:analytics:field:sales_funnel_xa:salesperson_name,sales_funnel_xa,,salesperson_name,dimension:column,mechanical,Low,,views/sales_funnel_xa.view.lkml,134,82b3ab594f0d8f518072f3e1cc4f4ce8ac1d576e
dimension,looker:analytics:field:sales_funnel_xa:user_conversion_cycle,sales_funnel_xa,,user_conversion_cycle,dimension:column,mechanical,Low,,views/sales_funnel_xa.view.lkml,92,82b3ab594f0d8f518072f3e1cc4f4ce8ac1d576e
dimension,looker:analytics:field:sales_targets:client_meetings_target_number,sales_targets,,client_meetings_target_number,dimension:column,mechanical,Low,,views/sales_targets.view.lkml,14,82b3ab594f0d8f518072f3e1cc4f4ce8ac1d576e
dimension,looker:analytics:field:sales_targets:closed_deals_new_clients_target_number,sales_targets,,closed_deals_new_clients_target_number,dimension:column,mechanical,Low,,views/sales_targets.view.lkml,31,82b3ab594f0d8f518072f3e1cc4f4ce8ac1d576e
dimension,looker:analytics:field:sales_targets:closed_deals_renewal_clients_target_number,sales_targets,,closed_deals_renewal_clients_target_number,dimension:column,mechanical,Low,,views/sales_targets.view.lkml,43,82b3ab594f0d8f518072f3e1cc4f4ce8ac1d576e
dimension,looker:analytics:field:sales_targets:closed_won_target_revenue,sales_targets,,closed_won_target_revenue,dimension:column,mechanical,Low,,views/sales_targets.view.lkml,56,82b3ab594f0d8f518072f3e1cc4f4ce8ac1d576e
dimension,looker:analytics:field:sales_targets:closed_won_target_revenue_ben,sales_targets,,closed_won_target_revenue_ben,dimension:column,mechanical,Low,,views/sales_targets.view.lkml,69,82b3ab594f0d8f518072f3e1cc4f4ce8ac1d576e
dimension,looker:analytics:field:sales_targets:closed_won_target_revenue_others,sales_targets,,closed_won_target_revenue_others,dimension:column,mechanical,Low,,views/sales_targets.view.lkml,82,82b3ab594f0d8f518072f3e1cc4f4ce8ac1d576e
dimension,looker:analytics:field:sales_targets:deals_target_revenue,sales_targets,,deals_target_revenue,dimension:column,mechanical,Low,,views/sales_targets.view.lkml,95,82b3ab594f0d8f518072f3e1cc4f4ce8ac1d576e
dimension,looker:analytics:field:sales_targets:new_deals_target_number,sales_targets,,new_deals_target_number,dimension:column,mechanical,Low,,views/sales_targets.view.lkml,108,82b3ab594f0d8f518072f3e1cc4f4ce8ac1d576e
dimension,looker:analytics:field:sales_targets:new_mqls_target_number,sales_targets,,new_mqls_target_number,dimension:column,mechanical,Low,,views/sales_targets.view.lkml,121,82b3ab594f0d8f518072f3e1cc4f4ce8ac1d576e
dimension,looker:analytics:field:sales_targets:pk,sales_targets,,pk,dimension:derived,mechanical,Low,,views/sales_targets.view.lkml,153,82b3ab594f0d8f518072f3e1cc4f4ce8ac1d576e
dimension,looker:analytics:field:sales_targets:target_revenue,sales_targets,,target_revenue,dimension:column,mechanical,Low,,views/sales_targets.view.lkml,159,82b3ab594f0d8f518072f3e1cc4f4ce8ac1d576e
dimension,looker:analytics:field:site_report_by_page:clicks,site_report_by_page,,clicks,dimension:column,mechanical,Low,,views/site_report_by_page.view.lkml,9,82b3ab594f0d8f518072f3e1cc4f4ce8ac1d576e
dimension,looker:analytics:field:site_report_by_page:country,site_report_by_page,,country,dimension:column,mechanical,Low,,views/site_report_by_page.view.lkml,13,82b3ab594f0d8f518072f3e1cc4f4ce8ac1d576e
dimension,looker:analytics:field:site_report_by_page:ctr,site_report_by_page,,ctr,dimension:column,mechanical,Low,,views/site_report_by_page.view.lkml,18,82b3ab594f0d8f518072f3e1cc4f4ce8ac1d576e
dimension,looker:analytics:field:site_report_by_page:device,site_report_by_page,,device,dimension:column,mechanical,Low,,views/site_report_by_page.view.lkml,29,82b3ab594f0d8f518072f3e1cc4f4ce8ac1d576e
dimension,looker:analytics:field:site_report_by_page:impressions,site_report_by_page,,impressions,dimension:column,mechanical,Low,,views/site_report_by_page.view.lkml,33,82b3ab594f0d8f518072f3e1cc4f4ce8ac1d576e
dimension,looker:analytics:field:site_report_by_page:position,site_report_by_page,,position,dimension:column,mechanical,Low,,views/site_report_by_page.view.lkml,37,82b3ab594f0d8f518072f3e1cc4f4ce8ac1d576e
dimension,looker:analytics:field:site_report_by_page:search_type,site_report_by_page,,search_type,dimension:column,mechanical,Low,,views/site_report_by_page.view.lkml,41,82b3ab594f0d8f518072f3e1cc4f4ce8ac1d576e
dimension,looker:analytics:field:site_report_by_page:site,site_report_by_page,,site,dimension:column,mechanical,Low,,views/site_report_by_page.view.lkml,45,82b3ab594f0d8f518072f3e1cc4f4ce8ac1d576e
dimension,looker:analytics:field:site_report_by_site:country,site_report_by_site,,country,dimension:column,mechanical,Low,,views/site_report_by_site.view.lkml,20,82b3ab594f0d8f518072f3e1cc4f4ce8ac1d576e
dimension,looker:analytics:field:site_report_by_site:device,site_report_by_site,,device,dimension:column,mechanical,Low,,views/site_report_by_site.view.lkml,43,82b3ab594f0d8f518072f3e1cc4f4ce8ac1d576e
dimension,looker:analytics:field:site_report_by_site:position,site_report_by_site,,position,dimension:column,mechanical,Low,,views/site_report_by_site.view.lkml,56,82b3ab594f0d8f518072f3e1cc4f4ce8ac1d576e
dimension,looker:analytics:field:site_report_by_site:search_type,site_report_by_site,,search_type,dimension:column,mechanical,Low,,views/site_report_by_site.view.lkml,66,82b3ab594f0d8f518072f3e1cc4f4ce8ac1d576e
dimension,looker:analytics:field:site_report_by_site:site,site_report_by_site,,site,dimension:column,mechanical,Low,,views/site_report_by_site.view.lkml,71,82b3ab594f0d8f518072f3e1cc4f4ce8ac1d576e
dimension,looker:analytics:field:src_control_commits_fact:_dbt_source_relation,src_control_commits_fact,,_dbt_source_relation,dimension:column,mechanical,Low,,views/src_control_commits_fact.view.lkml,15,82b3ab594f0d8f518072f3e1cc4f4ce8ac1d576e
dimension,looker:analytics:field:src_control_commits_fact:commit_author_email,src_control_commits_fact,,commit_author_email,dimension:column,mechanical,Low,,views/src_control_commits_fact.view.lkml,84,82b3ab594f0d8f518072f3e1cc4f4ce8ac1d576e
dimension,looker:analytics:field:src_control_commits_fact:commit_author_name,src_control_commits_fact,,commit_author_name,dimension:column,mechanical,Low,,views/src_control_commits_fact.view.lkml,77,82b3ab594f0d8f518072f3e1cc4f4ce8ac1d576e
dimension,looker:analytics:field:src_control_commits_fact:commit_author_user_id,src_control_commits_fact,,commit_author_user_id,dimension:column,mechanical,Low,,views/src_control_commits_fact.view.lkml,51,82b3ab594f0d8f518072f3e1cc4f4ce8ac1d576e
dimension,looker:analytics:field:src_control_commits_fact:commit_committer_email,src_control_commits_fact,,commit_committer_email,dimension:column,mechanical,Low,,views/src_control_commits_fact.view.lkml,99,82b3ab594f0d8f518072f3e1cc4f4ce8ac1d576e
dimension,looker:analytics:field:src_control_commits_fact:commit_committer_name,src_control_commits_fact,,commit_committer_name,dimension:column,mechanical,Low,,views/src_control_commits_fact.view.lkml,92,82b3ab594f0d8f518072f3e1cc4f4ce8ac1d576e
dimension,looker:analytics:field:src_control_commits_fact:commit_id,src_control_commits_fact,,commit_id,dimension:column,mechanical,Low,,views/src_control_commits_fact.view.lkml,23,82b3ab594f0d8f518072f3e1cc4f4ce8ac1d576e
dimension,looker:analytics:field:src_control_commits_fact:commit_message,src_control_commits_fact,,commit_message,dimension:column,mechanical,Low,,views/src_control_commits_fact.view.lkml,69,82b3ab594f0d8f518072f3e1cc4f4ce8ac1d576e
dimension,looker:analytics:field:src_control_commits_fact:contact_fk,src_control_commits_fact,,contact_fk,dimension:column,mechanical,Low,,views/src_control_commits_fact.view.lkml,44,82b3ab594f0d8f518072f3e1cc4f4ce8ac1d576e
dimension,looker:analytics:field:src_control_commits_fact:repo_id,src_control_commits_fact,,repo_id,dimension:column,mechanical,Low,,views/src_control_commits_fact.view.lkml,30,82b3ab594f0d8f518072f3e1cc4f4ce8ac1d576e
dimension,looker:analytics:field:src_control_commits_fact:repo_name,src_control_commits_fact,,repo_name,dimension:column,mechanical,Low,,views/src_control_commits_fact.view.lkml,59,82b3ab594f0d8f518072f3e1cc4f4ce8ac1d576e
dimension,looker:analytics:field:src_control_commits_fact:src_control_commit_pk,src_control_commits_fact,,src_control_commit_pk,dimension:column,mechanical,Low,,views/src_control_commits_fact.view.lkml,6,82b3ab594f0d8f518072f3e1cc4f4ce8ac1d576e
dimension,looker:analytics:field:src_control_commits_fact:src_control_repo_fk,src_control_commits_fact,,src_control_repo_fk,dimension:column,mechanical,Low,,views/src_control_commits_fact.view.lkml,37,82b3ab594f0d8f518072f3e1cc4f4ce8ac1d576e
dimension,looker:analytics:field:src_control_daily_metrics_fact:longest_days_issue_open,src_control_daily_metrics_fact,,longest_days_issue_open,dimension:column,mechanical,Low,,views/src_control_daily_metrics_fact.view.lkml,105,82b3ab594f0d8f518072f3e1cc4f4ce8ac1d576e
dimension,looker:analytics:field:src_control_daily_metrics_fact:longest_days_pr_open,src_control_daily_metrics_fact,,longest_days_pr_open,dimension:column,mechanical,Low,,views/src_control_daily_metrics_fact.view.lkml,113,82b3ab594f0d8f518072f3e1cc4f4ce8ac1d576e
dimension,looker:analytics:field:src_control_daily_metrics_fact:number_issues_closed,src_control_daily_metrics_fact,,number_issues_closed,dimension:column,mechanical,Low,,views/src_control_daily_metrics_fact.view.lkml,57,82b3ab594f0d8f518072f3e1cc4f4ce8ac1d576e
dimension,looker:analytics:field:src_control_daily_metrics_fact:number_issues_opened,src_control_daily_metrics_fact,,number_issues_opened,dimension:column,mechanical,Low,,views/src_control_daily_metrics_fact.view.lkml,49,82b3ab594f0d8f518072f3e1cc4f4ce8ac1d576e
dimension,looker:analytics:field:src_control_daily_metrics_fact:number_prs_closed_without_merge,src_control_daily_metrics_fact,,number_prs_closed_without_merge,dimension:column,mechanical,Low,,views/src_control_daily_metrics_fact.view.lkml,81,82b3ab594f0d8f518072f3e1cc4f4ce8ac1d576e
dimension,looker:analytics:field:src_control_daily_metrics_fact:number_prs_merged,src_control_daily_metrics_fact,,number_prs_merged,dimension:column,mechanical,Low,,views/src_control_daily_metrics_fact.view.lkml,73,82b3ab594f0d8f518072f3e1cc4f4ce8ac1d576e
dimension,looker:analytics:field:src_control_daily_metrics_fact:number_prs_opened,src_control_daily_metrics_fact,,number_prs_opened,dimension:column,mechanical,Low,,views/src_control_daily_metrics_fact.view.lkml,65,82b3ab594f0d8f518072f3e1cc4f4ce8ac1d576e
dimension,looker:analytics:field:src_control_daily_metrics_fact:repository,src_control_daily_metrics_fact,,repository,dimension:column,mechanical,Low,,views/src_control_daily_metrics_fact.view.lkml,30,82b3ab594f0d8f518072f3e1cc4f4ce8ac1d576e
dimension,looker:analytics:field:src_control_daily_metrics_fact:source_relation,src_control_daily_metrics_fact,,source_relation,dimension:column,mechanical,Low,,views/src_control_daily_metrics_fact.view.lkml,22,82b3ab594f0d8f518072f3e1cc4f4ce8ac1d576e
dimension,looker:analytics:field:src_control_daily_metrics_fact:src_control_daily_metric_pk,src_control_daily_metrics_fact,,src_control_daily_metric_pk,dimension:column,mechanical,Low,,views/src_control_daily_metrics_fact.view.lkml,6,82b3ab594f0d8f518072f3e1cc4f4ce8ac1d576e
dimension,looker:analytics:field:src_control_daily_metrics_fact:src_control_repo_fk,src_control_daily_metrics_fact,,src_control_repo_fk,dimension:column,mechanical,Low,,views/src_control_daily_metrics_fact.view.lkml,15,82b3ab594f0d8f518072f3e1cc4f4ce8ac1d576e
dimension,looker:analytics:field:src_control_daily_metrics_fact:sum_days_issue_open,src_control_daily_metrics_fact,,sum_days_issue_open,dimension:column,mechanical,Low,,views/src_control_daily_metrics_fact.view.lkml,89,82b3ab594f0d8f518072f3e1cc4f4ce8ac1d576e
dimension,looker:analytics:field:src_control_daily_metrics_fact:sum_days_pr_open,src_control_daily_metrics_fact,,sum_days_pr_open,dimension:column,mechanical,Low,,views/src_control_daily_metrics_fact.view.lkml,97,82b3ab594f0d8f518072f3e1cc4f4ce8ac1d576e
dimension,looker:analytics:field:src_control_issues_fact:_dbt_source_relation,src_control_issues_fact,,_dbt_source_relation,dimension:column,mechanical,Low,,views/src_control_issues_fact.view.lkml,4,82b3ab594f0d8f518072f3e1cc4f4ce8ac1d576e
dimension,looker:analytics:field:src_control_issues_fact:contact_fk,src_control_issues_fact,,contact_fk,dimension:column,mechanical,Low,,views/src_control_issues_fact.view.lkml,8,82b3ab594f0d8f518072f3e1cc4f4ce8ac1d576e
dimension,looker:analytics:field:src_control_issues_fact:issue_assignees,src_control_issues_fact,,issue_assignees,dimension:column,mechanical,Low,,views/src_control_issues_fact.view.lkml,12,82b3ab594f0d8f518072f3e1cc4f4ce8ac1d576e
dimension,looker:analytics:field:src_control_issues_fact:issue_body,src_control_issues_fact,,issue_body,dimension:column,mechanical,Low,,views/src_control_issues_fact.view.lkml,16,82b3ab594f0d8f518072f3e1cc4f4ce8ac1d576e
dimension,looker:analytics:field:src_control_issues_fact:issue_creator_login_name,src_control_issues_fact,,issue_creator_login_name,dimension:column,mechanical,Low,,views/src_control_issues_fact.view.lkml,30,82b3ab594f0d8f518072f3e1cc4f4ce8ac1d576e
dimension,looker:analytics:field:src_control_issues_fact:issue_creator_name,src_control_issues_fact,,issue_creator_name,dimension:column,mechanical,Low,,views/src_control_issues_fact.view.lkml,34,82b3ab594f0d8f518072f3e1cc4f4ce8ac1d576e
dimension,looker:analytics:field:src_control_issues_fact:issue_creator_user_id,src_control_issues_fact,,issue_creator_user_id,dimension:column,mechanical,Low,,views/src_control_issues_fact.view.lkml,38,82b3ab594f0d8f518072f3e1cc4f4ce8ac1d576e
dimension,looker:analytics:field:src_control_issues_fact:issue_days_open,src_control_issues_fact,,issue_days_open,dimension:column,mechanical,Low,,views/src_control_issues_fact.view.lkml,42,82b3ab594f0d8f518072f3e1cc4f4ce8ac1d576e
dimension,looker:analytics:field:src_control_issues_fact:issue_id,src_control_issues_fact,,issue_id,dimension:column,mechanical,Low,,views/src_control_issues_fact.view.lkml,46,82b3ab594f0d8f518072f3e1cc4f4ce8ac1d576e
dimension,looker:analytics:field:src_control_issues_fact:issue_labels,src_control_issues_fact,,issue_labels,dimension:column,mechanical,Low,,views/src_control_issues_fact.view.lkml,50,82b3ab594f0d8f518072f3e1cc4f4ce8ac1d576e
dimension,looker:analytics:field:src_control_issues_fact:issue_number,src_control_issues_fact,,issue_number,dimension:column,mechanical,Low,,views/src_control_issues_fact.view.lkml,54,82b3ab594f0d8f518072f3e1cc4f4ce8ac1d576e
dimension,looker:analytics:field:src_control_issues_fact:issue_number_of_comments,src_control_issues_fact,,issue_number_of_comments,dimension:column,mechanical,Low,,views/src_control_issues_fact.view.lkml,58,82b3ab594f0d8f518072f3e1cc4f4ce8ac1d576e
dimension,looker:analytics:field:src_control_issues_fact:issue_number_of_times_reopened,src_control_issues_fact,,issue_number_of_times_reopened,dimension:column,mechanical,Low,,views/src_control_issues_fact.view.lkml,62,82b3ab594f0d8f518072f3e1cc4f4ce8ac1d576e
dimension,looker:analytics:field:src_control_issues_fact:issue_state,src_control_issues_fact,,issue_state,dimension:column,mechanical,Low,,views/src_control_issues_fact.view.lkml,66,82b3ab594f0d8f518072f3e1cc4f4ce8ac1d576e
dimension,looker:analytics:field:src_control_issues_fact:issue_title,src_control_issues_fact,,issue_title,dimension:column,mechanical,Low,,views/src_control_issues_fact.view.lkml,70,82b3ab594f0d8f518072f3e1cc4f4ce8ac1d576e
dimension,looker:analytics:field:src_control_issues_fact:issue_url,src_control_issues_fact,,issue_url,dimension:column,mechanical,Low,,views/src_control_issues_fact.view.lkml,79,82b3ab594f0d8f518072f3e1cc4f4ce8ac1d576e
dimension,looker:analytics:field:src_control_issues_fact:repo_id,src_control_issues_fact,,repo_id,dimension:column,mechanical,Low,,views/src_control_issues_fact.view.lkml,83,82b3ab594f0d8f518072f3e1cc4f4ce8ac1d576e
dimension,looker:analytics:field:src_control_issues_fact:repo_name,src_control_issues_fact,,repo_name,dimension:column,mechanical,Low,,views/src_control_issues_fact.view.lkml,87,82b3ab594f0d8f518072f3e1cc4f4ce8ac1d576e
dimension,looker:analytics:field:src_control_issues_fact:src_control_issue_pk,src_control_issues_fact,,src_control_issue_pk,dimension:column,mechanical,Low,,views/src_control_issues_fact.view.lkml,91,82b3ab594f0d8f518072f3e1cc4f4ce8ac1d576e
dimension,looker:analytics:field:src_control_issues_fact:src_control_repo_fk,src_control_issues_fact,,src_control_repo_fk,dimension:column,mechanical,Low,,views/src_control_issues_fact.view.lkml,95,82b3ab594f0d8f518072f3e1cc4f4ce8ac1d576e
dimension,looker:analytics:field:src_control_pull_requests_fact:_dbt_source_relation,src_control_pull_requests_fact,,_dbt_source_relation,dimension:column,mechanical,Low,,views/src_control_pull_requests_fact.view.lkml,15,82b3ab594f0d8f518072f3e1cc4f4ce8ac1d576e
dimension,looker:analytics:field:src_control_pull_requests_fact:contact_fk,src_control_pull_requests_fact,,contact_fk,dimension:column,mechanical,Low,,views/src_control_pull_requests_fact.view.lkml,44,82b3ab594f0d8f518072f3e1cc4f4ce8ac1d576e
dimension,looker:analytics:field:src_control_pull_requests_fact:pr_body,src_control_pull_requests_fact,,pr_body,dimension:column,mechanical,Low,,views/src_control_pull_requests_fact.view.lkml,86,82b3ab594f0d8f518072f3e1cc4f4ce8ac1d576e
dimension,looker:analytics:field:src_control_pull_requests_fact:pr_creator_login_name,src_control_pull_requests_fact,,pr_creator_login_name,dimension:column,mechanical,Low,,views/src_control_pull_requests_fact.view.lkml,148,82b3ab594f0d8f518072f3e1cc4f4ce8ac1d576e
dimension,looker:analytics:field:src_control_pull_requests_fact:pr_creator_name,src_control_pull_requests_fact,,pr_creator_name,dimension:column,mechanical,Low,,views/src_control_pull_requests_fact.view.lkml,156,82b3ab594f0d8f518072f3e1cc4f4ce8ac1d576e
dimension,looker:analytics:field:src_control_pull_requests_fact:pr_creator_user_id,src_control_pull_requests_fact,,pr_creator_user_id,dimension:column,mechanical,Low,,views/src_control_pull_requests_fact.view.lkml,58,82b3ab594f0d8f518072f3e1cc4f4ce8ac1d576e
dimension,looker:analytics:field:src_control_pull_requests_fact:pr_days_open,src_control_pull_requests_fact,,pr_days_open,dimension:column,mechanical,Low,,views/src_control_pull_requests_fact.view.lkml,221,82b3ab594f0d8f518072f3e1cc4f4ce8ac1d576e
dimension,looker:analytics:field:src_control_pull_requests_fact:pr_hours_to_first_action,src_control_pull_requests_fact,,pr_hours_to_first_action,dimension:column,mechanical,Low,,views/src_control_pull_requests_fact.view.lkml,229,82b3ab594f0d8f518072f3e1cc4f4ce8ac1d576e
dimension,looker:analytics:field:src_control_pull_requests_fact:pr_hours_to_first_review,src_control_pull_requests_fact,,pr_hours_to_first_review,dimension:column,mechanical,Low,,views/src_control_pull_requests_fact.view.lkml,237,82b3ab594f0d8f518072f3e1cc4f4ce8ac1d576e
dimension,looker:analytics:field:src_control_pull_requests_fact:pr_hours_to_merge,src_control_pull_requests_fact,,pr_hours_to_merge,dimension:column,mechanical,Low,,views/src_control_pull_requests_fact.view.lkml,245,82b3ab594f0d8f518072f3e1cc4f4ce8ac1d576e
dimension,looker:analytics:field:src_control_pull_requests_fact:pr_id,src_control_pull_requests_fact,,pr_id,dimension:column,mechanical,Low,,views/src_control_pull_requests_fact.view.lkml,23,82b3ab594f0d8f518072f3e1cc4f4ce8ac1d576e
dimension,looker:analytics:field:src_control_pull_requests_fact:pr_is_merged,src_control_pull_requests_fact,,pr_is_merged,dimension:column,mechanical,Low,,views/src_control_pull_requests_fact.view.lkml,112,82b3ab594f0d8f518072f3e1cc4f4ce8ac1d576e
dimension,looker:analytics:field:src_control_pull_requests_fact:pr_labels,src_control_pull_requests_fact,,pr_labels,dimension:column,mechanical,Low,,views/src_control_pull_requests_fact.view.lkml,121,82b3ab594f0d8f518072f3e1cc4f4ce8ac1d576e
dimension,looker:analytics:field:src_control_pull_requests_fact:pr_number,src_control_pull_requests_fact,,pr_number,dimension:column,mechanical,Low,,views/src_control_pull_requests_fact.view.lkml,68,82b3ab594f0d8f518072f3e1cc4f4ce8ac1d576e
dimension,looker:analytics:field:src_control_pull_requests_fact:pr_number_of_comments,src_control_pull_requests_fact,,pr_number_of_comments,dimension:column,mechanical,Low,,views/src_control_pull_requests_fact.view.lkml,205,82b3ab594f0d8f518072f3e1cc4f4ce8ac1d576e
dimension,looker:analytics:field:src_control_pull_requests_fact:pr_number_of_reviews,src_control_pull_requests_fact,,pr_number_of_reviews,dimension:column,mechanical,Low,,views/src_control_pull_requests_fact.view.lkml,213,82b3ab594f0d8f518072f3e1cc4f4ce8ac1d576e
dimension,looker:analytics:field:src_control_pull_requests_fact:pr_requested_reviewers,src_control_pull_requests_fact,,pr_requested_reviewers,dimension:column,mechanical,Low,,views/src_control_pull_requests_fact.view.lkml,129,82b3ab594f0d8f518072f3e1cc4f4ce8ac1d576e
dimension,looker:analytics:field:src_control_pull_requests_fact:pr_reviewers,src_control_pull_requests_fact,,pr_reviewers,dimension:column,mechanical,Low,,views/src_control_pull_requests_fact.view.lkml,138,82b3ab594f0d8f518072f3e1cc4f4ce8ac1d576e
dimension,looker:analytics:field:src_control_pull_requests_fact:pr_state,src_control_pull_requests_fact,,pr_state,dimension:column,mechanical,Low,,views/src_control_pull_requests_fact.view.lkml,103,82b3ab594f0d8f518072f3e1cc4f4ce8ac1d576e
dimension,looker:analytics:field:src_control_pull_requests_fact:pr_title,src_control_pull_requests_fact,,pr_title,dimension:column,mechanical,Low,,views/src_control_pull_requests_fact.view.lkml,77,82b3ab594f0d8f518072f3e1cc4f4ce8ac1d576e
dimension,looker:analytics:field:src_control_pull_requests_fact:pr_url,src_control_pull_requests_fact,,pr_url,dimension:column,mechanical,Low,,views/src_control_pull_requests_fact.view.lkml,94,82b3ab594f0d8f518072f3e1cc4f4ce8ac1d576e
dimension,looker:analytics:field:src_control_pull_requests_fact:repo_id,src_control_pull_requests_fact,,repo_id,dimension:column,mechanical,Low,,views/src_control_pull_requests_fact.view.lkml,30,82b3ab594f0d8f518072f3e1cc4f4ce8ac1d576e
dimension,looker:analytics:field:src_control_pull_requests_fact:reviewer_contact_fk,src_control_pull_requests_fact,,reviewer_contact_fk,dimension:column,mechanical,Low,,views/src_control_pull_requests_fact.view.lkml,51,82b3ab594f0d8f518072f3e1cc4f4ce8ac1d576e
dimension,looker:analytics:field:src_control_pull_requests_fact:src_control_pr_pk,src_control_pull_requests_fact,,src_control_pr_pk,dimension:column,mechanical,Low,,views/src_control_pull_requests_fact.view.lkml,6,82b3ab594f0d8f518072f3e1cc4f4ce8ac1d576e
dimension,looker:analytics:field:src_control_pull_requests_fact:src_control_repo_fk,src_control_pull_requests_fact,,src_control_repo_fk,dimension:column,mechanical,Low,,views/src_control_pull_requests_fact.view.lkml,37,82b3ab594f0d8f518072f3e1cc4f4ce8ac1d576e
dimension,looker:analytics:field:src_control_repos_dim:_dbt_source_relation,src_control_repos_dim,,_dbt_source_relation,dimension:column,mechanical,Low,,views/src_control_repos_dim.view.lkml,16,82b3ab594f0d8f518072f3e1cc4f4ce8ac1d576e
dimension,looker:analytics:field:src_control_repos_dim:company_fk,src_control_repos_dim,,company_fk,dimension:column,mechanical,Low,,views/src_control_repos_dim.view.lkml,38,82b3ab594f0d8f518072f3e1cc4f4ce8ac1d576e
dimension,looker:analytics:field:src_control_repos_dim:repo_default_branch,src_control_repos_dim,,repo_default_branch,dimension:column,mechanical,Low,,views/src_control_repos_dim.view.lkml,89,82b3ab594f0d8f518072f3e1cc4f4ce8ac1d576e
dimension,looker:analytics:field:src_control_repos_dim:repo_description,src_control_repos_dim,,repo_description,dimension:column,mechanical,Low,,views/src_control_repos_dim.view.lkml,71,82b3ab594f0d8f518072f3e1cc4f4ce8ac1d576e
dimension,looker:analytics:field:src_control_repos_dim:repo_forks_count,src_control_repos_dim,,repo_forks_count,dimension:column,mechanical,Low,,views/src_control_repos_dim.view.lkml,162,82b3ab594f0d8f518072f3e1cc4f4ce8ac1d576e
dimension,looker:analytics:field:src_control_repos_dim:repo_homepage,src_control_repos_dim,,repo_homepage,dimension:column,mechanical,Low,,views/src_control_repos_dim.view.lkml,80,82b3ab594f0d8f518072f3e1cc4f4ce8ac1d576e
dimension,looker:analytics:field:src_control_repos_dim:repo_id,src_control_repos_dim,,repo_id,dimension:column,mechanical,Low,,views/src_control_repos_dim.view.lkml,24,82b3ab594f0d8f518072f3e1cc4f4ce8ac1d576e
dimension,looker:analytics:field:src_control_repos_dim:repo_is_archived,src_control_repos_dim,,repo_is_archived,dimension:column,mechanical,Low,,views/src_control_repos_dim.view.lkml,127,82b3ab594f0d8f518072f3e1cc4f4ce8ac1d576e
dimension,looker:analytics:field:src_control_repos_dim:repo_is_fork,src_control_repos_dim,,repo_is_fork,dimension:column,mechanical,Low,,views/src_control_repos_dim.view.lkml,136,82b3ab594f0d8f518072f3e1cc4f4ce8ac1d576e
dimension,looker:analytics:field:src_control_repos_dim:repo_is_private,src_control_repos_dim,,repo_is_private,dimension:column,mechanical,Low,,views/src_control_repos_dim.view.lkml,119,82b3ab594f0d8f518072f3e1cc4f4ce8ac1d576e
dimension,looker:analytics:field:src_control_repos_dim:repo_language,src_control_repos_dim,,repo_language,dimension:column,mechanical,Low,,views/src_control_repos_dim.view.lkml,109,82b3ab594f0d8f518072f3e1cc4f4ce8ac1d576e
dimension,looker:analytics:field:src_control_repos_dim:repo_name,src_control_repos_dim,,repo_name,dimension:column,mechanical,Low,,views/src_control_repos_dim.view.lkml,53,82b3ab594f0d8f518072f3e1cc4f4ce8ac1d576e
dimension,looker:analytics:field:src_control_repos_dim:repo_owner_fk,src_control_repos_dim,,repo_owner_fk,dimension:column,mechanical,Low,,views/src_control_repos_dim.view.lkml,31,82b3ab594f0d8f518072f3e1cc4f4ce8ac1d576e
dimension,looker:analytics:field:src_control_repos_dim:repo_owner_user_id,src_control_repos_dim,,repo_owner_user_id,dimension:column,mechanical,Low,,views/src_control_repos_dim.view.lkml,45,82b3ab594f0d8f518072f3e1cc4f4ce8ac1d576e
dimension,looker:analytics:field:src_control_repos_dim:repo_short_name,src_control_repos_dim,,repo_short_name,dimension:column,mechanical,Low,,views/src_control_repos_dim.view.lkml,62,82b3ab594f0d8f518072f3e1cc4f4ce8ac1d576e
dimension,looker:analytics:field:src_control_repos_dim:repo_stargazers_count,src_control_repos_dim,,repo_stargazers_count,dimension:column,mechanical,Low,,views/src_control_repos_dim.view.lkml,146,82b3ab594f0d8f518072f3e1cc4f4ce8ac1d576e
dimension,looker:analytics:field:src_control_repos_dim:repo_watchers_count,src_control_repos_dim,,repo_watchers_count,dimension:column,mechanical,Low,,views/src_control_repos_dim.view.lkml,154,82b3ab594f0d8f518072f3e1cc4f4ce8ac1d576e
dimension,looker:analytics:field:src_control_repos_dim:src_control_repo_pk,src_control_repos_dim,,src_control_repo_pk,dimension:column,mechanical,Low,,views/src_control_repos_dim.view.lkml,7,82b3ab594f0d8f518072f3e1cc4f4ce8ac1d576e
dimension,looker:analytics:field:staff_daily_engagement_fact:active_hourly_buckets,staff_daily_engagement_fact,,active_hourly_buckets,dimension:column,mechanical,Low,,views/staff_daily_engagement_fact.view.lkml,171,82b3ab594f0d8f518072f3e1cc4f4ce8ac1d576e
dimension,looker:analytics:field:staff_daily_engagement_fact:activity_score_pct,staff_daily_engagement_fact,,activity_score_pct,dimension:column,mechanical,Low,,views/staff_daily_engagement_fact.view.lkml,340,82b3ab594f0d8f518072f3e1cc4f4ce8ac1d576e
dimension,looker:analytics:field:staff_daily_engagement_fact:contact_email,staff_daily_engagement_fact,,contact_email,dimension:column,mechanical,Low,,views/staff_daily_engagement_fact.view.lkml,35,82b3ab594f0d8f518072f3e1cc4f4ce8ac1d576e
dimension,looker:analytics:field:staff_daily_engagement_fact:contact_fk,staff_daily_engagement_fact,,contact_fk,dimension:column,mechanical,Low,,views/staff_daily_engagement_fact.view.lkml,21,82b3ab594f0d8f518072f3e1cc4f4ce8ac1d576e
dimension,looker:analytics:field:staff_daily_engagement_fact:contact_name,staff_daily_engagement_fact,,contact_name,dimension:column,mechanical,Low,,views/staff_daily_engagement_fact.view.lkml,28,82b3ab594f0d8f518072f3e1cc4f4ce8ac1d576e
dimension,looker:analytics:field:staff_daily_engagement_fact:corroboration_pct,staff_daily_engagement_fact,,corroboration_pct,dimension:column,mechanical,Low,,views/staff_daily_engagement_fact.view.lkml,151,82b3ab594f0d8f518072f3e1cc4f4ce8ac1d576e
dimension,looker:analytics:field:staff_daily_engagement_fact:engagement_pk,staff_daily_engagement_fact,,engagement_pk,dimension:column,mechanical,Low,,views/staff_daily_engagement_fact.view.lkml,12,82b3ab594f0d8f518072f3e1cc4f4ce8ac1d576e
dimension,looker:analytics:field:staff_daily_engagement_fact:evidenced_active_hours,staff_daily_engagement_fact,,evidenced_active_hours,dimension:column,mechanical,Low,,views/staff_daily_engagement_fact.view.lkml,143,82b3ab594f0d8f518072f3e1cc4f4ce8ac1d576e
dimension,looker:analytics:field:staff_daily_engagement_fact:github_commits,staff_daily_engagement_fact,,github_commits,dimension:column,mechanical,Low,,views/staff_daily_engagement_fact.view.lkml,264,82b3ab594f0d8f518072f3e1cc4f4ce8ac1d576e
dimension,looker:analytics:field:staff_daily_engagement_fact:github_prs_merged,staff_daily_engagement_fact,,github_prs_merged,dimension:column,mechanical,Low,,views/staff_daily_engagement_fact.view.lkml,270,82b3ab594f0d8f518072f3e1cc4f4ce8ac1d576e
dimension,looker:analytics:field:staff_daily_engagement_fact:gws_active_hourly_buckets,staff_daily_engagement_fact,,gws_active_hourly_buckets,dimension:column,mechanical,Low,,views/staff_daily_engagement_fact.view.lkml,185,82b3ab594f0d8f518072f3e1cc4f4ce8ac1d576e
dimension,looker:analytics:field:staff_daily_engagement_fact:gws_active_hours,staff_daily_engagement_fact,,gws_active_hours,dimension:column,mechanical,Low,,views/staff_daily_engagement_fact.view.lkml,178,82b3ab594f0d8f518072f3e1cc4f4ce8ac1d576e
dimension,looker:analytics:field:staff_daily_engagement_fact:gws_calendar_creates,staff_daily_engagement_fact,,gws_calendar_creates,dimension:column,mechanical,Low,,views/staff_daily_engagement_fact.view.lkml,233,82b3ab594f0d8f518072f3e1cc4f4ce8ac1d576e
dimension,looker:analytics:field:staff_daily_engagement_fact:gws_chat_messages,staff_daily_engagement_fact,,gws_chat_messages,dimension:column,mechanical,Low,,views/staff_daily_engagement_fact.view.lkml,239,82b3ab594f0d8f518072f3e1cc4f4ce8ac1d576e
dimension,looker:analytics:field:staff_daily_engagement_fact:gws_drive_creates,staff_daily_engagement_fact,,gws_drive_creates,dimension:column,mechanical,Low,,views/staff_daily_engagement_fact.view.lkml,214,82b3ab594f0d8f518072f3e1cc4f4ce8ac1d576e
dimension,looker:analytics:field:staff_daily_engagement_fact:gws_drive_edits,staff_daily_engagement_fact,,gws_drive_edits,dimension:column,mechanical,Low,,views/staff_daily_engagement_fact.view.lkml,208,82b3ab594f0d8f518072f3e1cc4f4ce8ac1d576e
dimension,looker:analytics:field:staff_daily_engagement_fact:gws_gemini_events,staff_daily_engagement_fact,,gws_gemini_events,dimension:column,mechanical,Low,,views/staff_daily_engagement_fact.view.lkml,245,82b3ab594f0d8f518072f3e1cc4f4ce8ac1d576e
dimension,looker:analytics:field:staff_daily_engagement_fact:gws_gmail_deliveries,staff_daily_engagement_fact,,gws_gmail_deliveries,dimension:column,mechanical,Low,,views/staff_daily_engagement_fact.view.lkml,226,82b3ab594f0d8f518072f3e1cc4f4ce8ac1d576e
dimension,looker:analytics:field:staff_daily_engagement_fact:gws_gmail_sent,staff_daily_engagement_fact,,gws_gmail_sent,dimension:column,mechanical,Low,,views/staff_daily_engagement_fact.view.lkml,220,82b3ab594f0d8f518072f3e1cc4f4ce8ac1d576e
dimension,looker:analytics:field:staff_daily_engagement_fact:gws_is_substantive_day,staff_daily_engagement_fact,,gws_is_substantive_day,dimension:column,mechanical,Low,,views/staff_daily_engagement_fact.view.lkml,192,82b3ab594f0d8f518072f3e1cc4f4ce8ac1d576e
dimension,looker:analytics:field:staff_daily_engagement_fact:gws_login_events,staff_daily_engagement_fact,,gws_login_events,dimension:column,mechanical,Low,,views/staff_daily_engagement_fact.view.lkml,251,82b3ab594f0d8f518072f3e1cc4f4ce8ac1d576e
dimension,looker:analytics:field:staff_daily_engagement_fact:gws_meet_hours,staff_daily_engagement_fact,,gws_meet_hours,dimension:column,mechanical,Low,,views/staff_daily_engagement_fact.view.lkml,201,82b3ab594f0d8f518072f3e1cc4f4ce8ac1d576e
dimension,looker:analytics:field:staff_daily_engagement_fact:harvest_utilisation_pct,staff_daily_engagement_fact,,harvest_utilisation_pct,dimension:column,mechanical,Low,,views/staff_daily_engagement_fact.view.lkml,125,82b3ab594f0d8f518072f3e1cc4f4ce8ac1d576e
dimension,looker:analytics:field:staff_daily_engagement_fact:hours_capacity,staff_daily_engagement_fact,,hours_capacity,dimension:column,mechanical,Low,,views/staff_daily_engagement_fact.view.lkml,117,82b3ab594f0d8f518072f3e1cc4f4ce8ac1d576e
dimension,looker:analytics:field:staff_daily_engagement_fact:hours_effort,staff_daily_engagement_fact,,hours_effort,dimension:column,mechanical,Low,,views/staff_daily_engagement_fact.view.lkml,109,82b3ab594f0d8f518072f3e1cc4f4ce8ac1d576e
dimension,looker:analytics:field:staff_daily_engagement_fact:is_delivery_staff,staff_daily_engagement_fact,,is_delivery_staff,dimension:column,mechanical,Low,,views/staff_daily_engagement_fact.view.lkml,42,82b3ab594f0d8f518072f3e1cc4f4ce8ac1d576e
dimension,looker:analytics:field:staff_daily_engagement_fact:is_leave_day,staff_daily_engagement_fact,,is_leave_day,dimension:column,mechanical,Low,,views/staff_daily_engagement_fact.view.lkml,93,82b3ab594f0d8f518072f3e1cc4f4ce8ac1d576e
dimension,looker:analytics:field:staff_daily_engagement_fact:is_weekend,staff_daily_engagement_fact,,is_weekend,dimension:column,mechanical,Low,,views/staff_daily_engagement_fact.view.lkml,86,82b3ab594f0d8f518072f3e1cc4f4ce8ac1d576e
dimension,looker:analytics:field:staff_daily_engagement_fact:is_working_day,staff_daily_engagement_fact,,is_working_day,dimension:column,mechanical,Low,,views/staff_daily_engagement_fact.view.lkml,100,82b3ab594f0d8f518072f3e1cc4f4ce8ac1d576e
dimension,looker:analytics:field:staff_daily_engagement_fact:okta_logins,staff_daily_engagement_fact,,okta_logins,dimension:column,mechanical,Low,,views/staff_daily_engagement_fact.view.lkml,276,82b3ab594f0d8f518072f3e1cc4f4ce8ac1d576e
dimension,looker:analytics:field:staff_daily_engagement_fact:score_ai_tool_usage,staff_daily_engagement_fact,,score_ai_tool_usage,dimension:column,mechanical,Low,,views/staff_daily_engagement_fact.view.lkml,332,82b3ab594f0d8f518072f3e1cc4f4ce8ac1d576e
dimension,looker:analytics:field:staff_daily_engagement_fact:score_code_output,staff_daily_engagement_fact,,score_code_output,dimension:column,mechanical,Low,,views/staff_daily_engagement_fact.view.lkml,316,82b3ab594f0d8f518072f3e1cc4f4ce8ac1d576e
dimension,looker:analytics:field:staff_daily_engagement_fact:score_communications,staff_daily_engagement_fact,,score_communications,dimension:column,mechanical,Low,,views/staff_daily_engagement_fact.view.lkml,324,82b3ab594f0d8f518072f3e1cc4f4ce8ac1d576e
dimension,looker:analytics:field:staff_daily_engagement_fact:score_corroboration,staff_daily_engagement_fact,,score_corroboration,dimension:column,mechanical,Low,,views/staff_daily_engagement_fact.view.lkml,292,82b3ab594f0d8f518072f3e1cc4f4ce8ac1d576e
dimension,looker:analytics:field:staff_daily_engagement_fact:score_harvest_utilisation,staff_daily_engagement_fact,,score_harvest_utilisation,dimension:column,mechanical,Low,,views/staff_daily_engagement_fact.view.lkml,284,82b3ab594f0d8f518072f3e1cc4f4ce8ac1d576e
dimension,looker:analytics:field:staff_daily_engagement_fact:score_meeting_engagement,staff_daily_engagement_fact,,score_meeting_engagement,dimension:column,mechanical,Low,,views/staff_daily_engagement_fact.view.lkml,308,82b3ab594f0d8f518072f3e1cc4f4ce8ac1d576e
dimension,looker:analytics:field:staff_daily_engagement_fact:score_wire_adoption,staff_daily_engagement_fact,,score_wire_adoption,dimension:column,mechanical,Low,,views/staff_daily_engagement_fact.view.lkml,300,82b3ab594f0d8f518072f3e1cc4f4ce8ac1d576e
dimension,looker:analytics:field:staff_daily_engagement_fact:slack_messages,staff_daily_engagement_fact,,slack_messages,dimension:column,mechanical,Low,,views/staff_daily_engagement_fact.view.lkml,258,82b3ab594f0d8f518072f3e1cc4f4ce8ac1d576e
dimension,looker:analytics:field:staff_daily_engagement_fact:week_commencing,staff_daily_engagement_fact,,week_commencing,dimension:derived,mechanical,Low,,views/staff_daily_engagement_fact.view.lkml,61,82b3ab594f0d8f518072f3e1cc4f4ce8ac1d576e
dimension,looker:analytics:field:staff_daily_engagement_fact:wire_adoption_score,staff_daily_engagement_fact,,wire_adoption_score,dimension:column,mechanical,Low,,views/staff_daily_engagement_fact.view.lkml,161,82b3ab594f0d8f518072f3e1cc4f4ce8ac1d576e
dimension,looker:analytics:field:staff_daily_engagement_fact:work_span_hrs,staff_daily_engagement_fact,,work_span_hrs,dimension:column,mechanical,Low,,views/staff_daily_engagement_fact.view.lkml,133,82b3ab594f0d8f518072f3e1cc4f4ce8ac1d576e
dimension,looker:analytics:field:staff_dim:contact_cost_rate,staff_dim,,contact_cost_rate,dimension:column,mechanical,Low,,views/staff_dim.view.lkml,48,82b3ab594f0d8f518072f3e1cc4f4ce8ac1d576e
dimension,looker:analytics:field:staff_dim:contact_default_hourly_rate,staff_dim,,contact_default_hourly_rate,dimension:column,mechanical,Low,,views/staff_dim.view.lkml,43,82b3ab594f0d8f518072f3e1cc4f4ce8ac1d576e
dimension,looker:analytics:field:staff_dim:contact_is_active,staff_dim,,contact_is_active,dimension:column,mechanical,Low,,views/staff_dim.view.lkml,53,82b3ab594f0d8f518072f3e1cc4f4ce8ac1d576e
dimension,looker:analytics:field:staff_dim:contact_is_contractor,staff_dim,,contact_is_contractor,dimension:column,mechanical,Low,,views/staff_dim.view.lkml,28,82b3ab594f0d8f518072f3e1cc4f4ce8ac1d576e
dimension,looker:analytics:field:staff_dim:contact_is_staff,staff_dim,,contact_is_staff,dimension:column,mechanical,Low,,views/staff_dim.view.lkml,33,82b3ab594f0d8f518072f3e1cc4f4ce8ac1d576e
dimension,looker:analytics:field:staff_dim:contact_name,staff_dim,,contact_name,dimension:column,mechanical,Low,,views/staff_dim.view.lkml,18,82b3ab594f0d8f518072f3e1cc4f4ce8ac1d576e
dimension,looker:analytics:field:staff_dim:contact_pk,staff_dim,,contact_pk,dimension:column,mechanical,Low,,views/staff_dim.view.lkml,13,82b3ab594f0d8f518072f3e1cc4f4ce8ac1d576e
dimension,looker:analytics:field:staff_dim:contact_weekly_capacity,staff_dim,,contact_weekly_capacity,dimension:derived,mechanical,Low,,views/staff_dim.view.lkml,38,82b3ab594f0d8f518072f3e1cc4f4ce8ac1d576e
dimension,looker:analytics:field:staff_dim:job_title,staff_dim,,job_title,dimension:derived,mechanical,Low,,views/staff_dim.view.lkml,23,82b3ab594f0d8f518072f3e1cc4f4ce8ac1d576e
dimension,looker:analytics:field:staff_event_timeline_fact:contact_fk,staff_event_timeline_fact,,contact_fk,dimension:column,mechanical,Low,,views/staff_event_timeline_fact.view.lkml,21,82b3ab594f0d8f518072f3e1cc4f4ce8ac1d576e
dimension,looker:analytics:field:staff_event_timeline_fact:contact_name,staff_event_timeline_fact,,contact_name,dimension:column,mechanical,Low,,views/staff_event_timeline_fact.view.lkml,28,82b3ab594f0d8f518072f3e1cc4f4ce8ac1d576e
dimension,looker:analytics:field:staff_event_timeline_fact:event_date_dim,staff_event_timeline_fact,,event_date_dim,dimension:column,mechanical,Low,,views/staff_event_timeline_fact.view.lkml,46,82b3ab594f0d8f518072f3e1cc4f4ce8ac1d576e
dimension,looker:analytics:field:staff_event_timeline_fact:event_hour_num,staff_event_timeline_fact,,event_hour_num,dimension:derived,mechanical,Low,,views/staff_event_timeline_fact.view.lkml,62,82b3ab594f0d8f518072f3e1cc4f4ce8ac1d576e
dimension,looker:analytics:field:staff_event_timeline_fact:event_pk,staff_event_timeline_fact,,event_pk,dimension:column,mechanical,Low,,views/staff_event_timeline_fact.view.lkml,12,82b3ab594f0d8f518072f3e1cc4f4ce8ac1d576e
dimension,looker:analytics:field:staff_event_timeline_fact:event_source,staff_event_timeline_fact,,event_source,dimension:html,redesign,High,html (Liquid) withheld; the dimension itself is still emitted,views/staff_event_timeline_fact.view.lkml,72,82b3ab594f0d8f518072f3e1cc4f4ce8ac1d576e
dimension,looker:analytics:field:staff_event_timeline_fact:event_summary,staff_event_timeline_fact,,event_summary,dimension:column,mechanical,Low,,views/staff_event_timeline_fact.view.lkml,108,82b3ab594f0d8f518072f3e1cc4f4ce8ac1d576e
dimension,looker:analytics:field:staff_event_timeline_fact:event_time_of_day_str,staff_event_timeline_fact,,event_time_of_day_str,dimension:derived,mechanical,Low,,views/staff_event_timeline_fact.view.lkml,54,82b3ab594f0d8f518072f3e1cc4f4ce8ac1d576e
dimension,looker:analytics:field:staff_event_timeline_fact:event_type,staff_event_timeline_fact,,event_type,dimension:column,mechanical,Low,,views/staff_event_timeline_fact.view.lkml,100,82b3ab594f0d8f518072f3e1cc4f4ce8ac1d576e
dimension,looker:analytics:field:staff_event_timeline_fact:event_url,staff_event_timeline_fact,,event_url,dimension:html,redesign,High,html (Liquid) withheld; the dimension itself is still emitted,views/staff_event_timeline_fact.view.lkml,116,82b3ab594f0d8f518072f3e1cc4f4ce8ac1d576e
dimension,looker:analytics:field:staff_weekly_engagement_fact:activity_score_band,staff_weekly_engagement_fact,,activity_score_band,dimension:html,redesign,High,html (Liquid) withheld; the dimension itself is still emitted,views/staff_weekly_engagement_fact.view.lkml,320,82b3ab594f0d8f518072f3e1cc4f4ce8ac1d576e
dimension,looker:analytics:field:staff_weekly_engagement_fact:activity_score_sort,staff_weekly_engagement_fact,,activity_score_sort,dimension:derived,mechanical,Low,,views/staff_weekly_engagement_fact.view.lkml,348,82b3ab594f0d8f518072f3e1cc4f4ce8ac1d576e
dimension,looker:analytics:field:staff_weekly_engagement_fact:avg_activity_score_pct,staff_weekly_engagement_fact,,avg_activity_score_pct,dimension:column,mechanical,Low,,views/staff_weekly_engagement_fact.view.lkml,311,82b3ab594f0d8f518072f3e1cc4f4ce8ac1d576e
dimension,looker:analytics:field:staff_weekly_engagement_fact:avg_corroboration_pct,staff_weekly_engagement_fact,,avg_corroboration_pct,dimension,assisted,Medium,"custom value_format '0.0\\""%\\""' not in mapping table",views/staff_weekly_engagement_fact.view.lkml,202,82b3ab594f0d8f518072f3e1cc4f4ce8ac1d576e
dimension,looker:analytics:field:staff_weekly_engagement_fact:avg_evidenced_hrs,staff_weekly_engagement_fact,,avg_evidenced_hrs,dimension:column,mechanical,Low,,views/staff_weekly_engagement_fact.view.lkml,164,82b3ab594f0d8f518072f3e1cc4f4ce8ac1d576e
dimension,looker:analytics:field:staff_weekly_engagement_fact:avg_harvest_hrs,staff_weekly_engagement_fact,,avg_harvest_hrs,dimension:column,mechanical,Low,,views/staff_weekly_engagement_fact.view.lkml,146,82b3ab594f0d8f518072f3e1cc4f4ce8ac1d576e
dimension,looker:analytics:field:staff_weekly_engagement_fact:avg_harvest_utilisation_pct,staff_weekly_engagement_fact,,avg_harvest_utilisation_pct,dimension,assisted,Medium,"custom value_format '0.0\\""%\\""' not in mapping table",views/staff_weekly_engagement_fact.view.lkml,193,82b3ab594f0d8f518072f3e1cc4f4ce8ac1d576e
dimension,looker:analytics:field:staff_weekly_engagement_fact:avg_meet_hrs,staff_weekly_engagement_fact,,avg_meet_hrs,dimension:column,mechanical,Low,,views/staff_weekly_engagement_fact.view.lkml,182,82b3ab594f0d8f518072f3e1cc4f4ce8ac1d576e
dimension,looker:analytics:field:staff_weekly_engagement_fact:avg_work_active_hours,staff_weekly_engagement_fact,,avg_work_active_hours,dimension:column,mechanical,Low,,views/staff_weekly_engagement_fact.view.lkml,117,82b3ab594f0d8f518072f3e1cc4f4ce8ac1d576e
dimension,looker:analytics:field:staff_weekly_engagement_fact:avg_work_active_hrs_pct,staff_weekly_engagement_fact,,avg_work_active_hrs_pct,dimension,assisted,Medium,"custom value_format '0.0\\""%\\""' not in mapping table",views/staff_weekly_engagement_fact.view.lkml,126,82b3ab594f0d8f518072f3e1cc4f4ce8ac1d576e
dimension,looker:analytics:field:staff_weekly_engagement_fact:avg_work_end,staff_weekly_engagement_fact,,avg_work_end,dimension:column,mechanical,Low,,views/staff_weekly_engagement_fact.view.lkml,100,82b3ab594f0d8f518072f3e1cc4f4ce8ac1d576e
dimension,looker:analytics:field:staff_weekly_engagement_fact:avg_work_span_hrs,staff_weekly_engagement_fact,,avg_work_span_hrs,dimension:column,mechanical,Low,,views/staff_weekly_engagement_fact.view.lkml,108,82b3ab594f0d8f518072f3e1cc4f4ce8ac1d576e
dimension,looker:analytics:field:staff_weekly_engagement_fact:avg_work_start,staff_weekly_engagement_fact,,avg_work_start,dimension:column,mechanical,Low,,views/staff_weekly_engagement_fact.view.lkml,92,82b3ab594f0d8f518072f3e1cc4f4ce8ac1d576e
dimension,looker:analytics:field:staff_weekly_engagement_fact:contact_email,staff_weekly_engagement_fact,,contact_email,dimension:column,mechanical,Low,,views/staff_weekly_engagement_fact.view.lkml,37,82b3ab594f0d8f518072f3e1cc4f4ce8ac1d576e
dimension,looker:analytics:field:staff_weekly_engagement_fact:contact_fk,staff_weekly_engagement_fact,,contact_fk,dimension:column,mechanical,Low,,views/staff_weekly_engagement_fact.view.lkml,20,82b3ab594f0d8f518072f3e1cc4f4ce8ac1d576e
dimension,looker:analytics:field:staff_weekly_engagement_fact:contact_name,staff_weekly_engagement_fact,,contact_name,dimension:column,mechanical,Low,,views/staff_weekly_engagement_fact.view.lkml,28,82b3ab594f0d8f518072f3e1cc4f4ce8ac1d576e
dimension,looker:analytics:field:staff_weekly_engagement_fact:engagement_week_pk,staff_weekly_engagement_fact,,engagement_week_pk,dimension:column,mechanical,Low,,views/staff_weekly_engagement_fact.view.lkml,11,82b3ab594f0d8f518072f3e1cc4f4ce8ac1d576e
dimension,looker:analytics:field:staff_weekly_engagement_fact:is_current_week,staff_weekly_engagement_fact,,is_current_week,dimension:derived,mechanical,Low,,views/staff_weekly_engagement_fact.view.lkml,64,82b3ab594f0d8f518072f3e1cc4f4ce8ac1d576e
dimension,looker:analytics:field:staff_weekly_engagement_fact:is_delivery_staff,staff_weekly_engagement_fact,,is_delivery_staff,dimension:column,mechanical,Low,,views/staff_weekly_engagement_fact.view.lkml,45,82b3ab594f0d8f518072f3e1cc4f4ce8ac1d576e
dimension,looker:analytics:field:staff_weekly_engagement_fact:leave_days,staff_weekly_engagement_fact,,leave_days,dimension:column,mechanical,Low,,views/staff_weekly_engagement_fact.view.lkml,82,82b3ab594f0d8f518072f3e1cc4f4ce8ac1d576e
dimension,looker:analytics:field:staff_weekly_engagement_fact:total_commits,staff_weekly_engagement_fact,,total_commits,dimension:column,mechanical,Low,,views/staff_weekly_engagement_fact.view.lkml,280,82b3ab594f0d8f518072f3e1cc4f4ce8ac1d576e
dimension,looker:analytics:field:staff_weekly_engagement_fact:total_drive_creates,staff_weekly_engagement_fact,,total_drive_creates,dimension:column,mechanical,Low,,views/staff_weekly_engagement_fact.view.lkml,231,82b3ab594f0d8f518072f3e1cc4f4ce8ac1d576e
dimension,looker:analytics:field:staff_weekly_engagement_fact:total_drive_edits,staff_weekly_engagement_fact,,total_drive_edits,dimension:column,mechanical,Low,,views/staff_weekly_engagement_fact.view.lkml,222,82b3ab594f0d8f518072f3e1cc4f4ce8ac1d576e
dimension,looker:analytics:field:staff_weekly_engagement_fact:total_emails_sent,staff_weekly_engagement_fact,,total_emails_sent,dimension:column,mechanical,Low,,views/staff_weekly_engagement_fact.view.lkml,240,82b3ab594f0d8f518072f3e1cc4f4ce8ac1d576e
dimension,looker:analytics:field:staff_weekly_engagement_fact:total_evidenced_hrs,staff_weekly_engagement_fact,,total_evidenced_hrs,dimension:column,mechanical,Low,,views/staff_weekly_engagement_fact.view.lkml,155,82b3ab594f0d8f518072f3e1cc4f4ce8ac1d576e
dimension,looker:analytics:field:staff_weekly_engagement_fact:total_gemini_events,staff_weekly_engagement_fact,,total_gemini_events,dimension:column,mechanical,Low,,views/staff_weekly_engagement_fact.view.lkml,258,82b3ab594f0d8f518072f3e1cc4f4ce8ac1d576e
dimension,looker:analytics:field:staff_weekly_engagement_fact:total_gws_active_hours,staff_weekly_engagement_fact,,total_gws_active_hours,dimension:column,mechanical,Low,,views/staff_weekly_engagement_fact.view.lkml,213,82b3ab594f0d8f518072f3e1cc4f4ce8ac1d576e
dimension,looker:analytics:field:staff_weekly_engagement_fact:total_gws_chat_msgs,staff_weekly_engagement_fact,,total_gws_chat_msgs,dimension:column,mechanical,Low,,views/staff_weekly_engagement_fact.view.lkml,249,82b3ab594f0d8f518072f3e1cc4f4ce8ac1d576e
dimension,looker:analytics:field:staff_weekly_engagement_fact:total_harvest_hrs,staff_weekly_engagement_fact,,total_harvest_hrs,dimension:column,mechanical,Low,,views/staff_weekly_engagement_fact.view.lkml,137,82b3ab594f0d8f518072f3e1cc4f4ce8ac1d576e
dimension,looker:analytics:field:staff_weekly_engagement_fact:total_meet_hrs,staff_weekly_engagement_fact,,total_meet_hrs,dimension:column,mechanical,Low,,views/staff_weekly_engagement_fact.view.lkml,173,82b3ab594f0d8f518072f3e1cc4f4ce8ac1d576e
dimension,looker:analytics:field:staff_weekly_engagement_fact:total_prs_merged,staff_weekly_engagement_fact,,total_prs_merged,dimension:column,mechanical,Low,,views/staff_weekly_engagement_fact.view.lkml,289,82b3ab594f0d8f518072f3e1cc4f4ce8ac1d576e
dimension,looker:analytics:field:staff_weekly_engagement_fact:total_slack_msgs,staff_weekly_engagement_fact,,total_slack_msgs,dimension:column,mechanical,Low,,views/staff_weekly_engagement_fact.view.lkml,269,82b3ab594f0d8f518072f3e1cc4f4ce8ac1d576e
dimension,looker:analytics:field:staff_weekly_engagement_fact:wire_adoption_score,staff_weekly_engagement_fact,,wire_adoption_score,dimension:column,mechanical,Low,,views/staff_weekly_engagement_fact.view.lkml,300,82b3ab594f0d8f518072f3e1cc4f4ce8ac1d576e
dimension,looker:analytics:field:staff_weekly_engagement_fact:working_days,staff_weekly_engagement_fact,,working_days,dimension:column,mechanical,Low,,views/staff_weekly_engagement_fact.view.lkml,74,82b3ab594f0d8f518072f3e1cc4f4ce8ac1d576e
dimension,looker:analytics:field:targets:ae_revenue_target,targets,,ae_revenue_target,dimension:column,mechanical,Low,,views/targets.view.lkml,249,82b3ab594f0d8f518072f3e1cc4f4ce8ac1d576e
dimension,looker:analytics:field:targets:ae_target_hourly_rate,targets,,ae_target_hourly_rate,dimension:column,mechanical,Low,,views/targets.view.lkml,145,82b3ab594f0d8f518072f3e1cc4f4ce8ac1d576e
dimension,looker:analytics:field:targets:ae_target_hours,targets,,ae_target_hours,dimension:column,mechanical,Low,,views/targets.view.lkml,115,82b3ab594f0d8f518072f3e1cc4f4ce8ac1d576e
dimension,looker:analytics:field:targets:ceo_revenue_target,targets,,ceo_revenue_target,dimension:column,mechanical,Low,,views/targets.view.lkml,101,82b3ab594f0d8f518072f3e1cc4f4ce8ac1d576e
dimension,looker:analytics:field:targets:ceo_target_hourly_rate,targets,,ceo_target_hourly_rate,dimension:column,mechanical,Low,,views/targets.view.lkml,169,82b3ab594f0d8f518072f3e1cc4f4ce8ac1d576e
dimension,looker:analytics:field:targets:ceo_target_hours,targets,,ceo_target_hours,dimension:column,mechanical,Low,,views/targets.view.lkml,139,82b3ab594f0d8f518072f3e1cc4f4ce8ac1d576e
dimension,looker:analytics:field:targets:con_revenue_target,targets,,con_revenue_target,dimension:column,mechanical,Low,,views/targets.view.lkml,108,82b3ab594f0d8f518072f3e1cc4f4ce8ac1d576e
dimension,looker:analytics:field:targets:con_target_hourly_rate,targets,,con_target_hourly_rate,dimension:column,mechanical,Low,,views/targets.view.lkml,163,82b3ab594f0d8f518072f3e1cc4f4ce8ac1d576e
dimension,looker:analytics:field:targets:con_target_hours,targets,,con_target_hours,dimension:column,mechanical,Low,,views/targets.view.lkml,133,82b3ab594f0d8f518072f3e1cc4f4ce8ac1d576e
dimension,looker:analytics:field:targets:deals_closed_target,targets,,deals_closed_target,dimension:column,mechanical,Low,,views/targets.view.lkml,14,82b3ab594f0d8f518072f3e1cc4f4ce8ac1d576e
dimension,looker:analytics:field:targets:deals_target,targets,,deals_target,dimension:column,mechanical,Low,,views/targets.view.lkml,20,82b3ab594f0d8f518072f3e1cc4f4ce8ac1d576e
dimension,looker:analytics:field:targets:enps_target,targets,,enps_target,dimension:column,mechanical,Low,,views/targets.view.lkml,27,82b3ab594f0d8f518072f3e1cc4f4ce8ac1d576e
dimension,looker:analytics:field:targets:hr_survey_target,targets,,hr_survey_target,dimension:column,mechanical,Low,,views/targets.view.lkml,33,82b3ab594f0d8f518072f3e1cc4f4ce8ac1d576e
dimension,looker:analytics:field:targets:mqls_target,targets,,mqls_target,dimension:column,mechanical,Low,,views/targets.view.lkml,59,82b3ab594f0d8f518072f3e1cc4f4ce8ac1d576e
dimension,looker:analytics:field:targets:new_deals_target,targets,,new_deals_target,dimension:column,mechanical,Low,,views/targets.view.lkml,73,82b3ab594f0d8f518072f3e1cc4f4ce8ac1d576e
dimension,looker:analytics:field:targets:pk,targets,,pk,dimension:column,mechanical,Low,,views/targets.view.lkml,264,82b3ab594f0d8f518072f3e1cc4f4ce8ac1d576e
dimension,looker:analytics:field:targets:prn__target_hourly_rate,targets,,prn__target_hourly_rate,dimension:column,mechanical,Low,,views/targets.view.lkml,157,82b3ab594f0d8f518072f3e1cc4f4ce8ac1d576e
dimension,looker:analytics:field:targets:prn_revenue_target,targets,,prn_revenue_target,dimension:column,mechanical,Low,,views/targets.view.lkml,94,82b3ab594f0d8f518072f3e1cc4f4ce8ac1d576e
dimension,looker:analytics:field:targets:prn_target_hours,targets,,prn_target_hours,dimension:column,mechanical,Low,,views/targets.view.lkml,127,82b3ab594f0d8f518072f3e1cc4f4ce8ac1d576e
dimension,looker:analytics:field:targets:retained_earnings_target,targets,,retained_earnings_target,dimension:column,mechanical,Low,,views/targets.view.lkml,52,82b3ab594f0d8f518072f3e1cc4f4ce8ac1d576e
dimension,looker:analytics:field:targets:revenue_target,targets,,revenue_target,dimension:column,mechanical,Low,,views/targets.view.lkml,45,82b3ab594f0d8f518072f3e1cc4f4ce8ac1d576e
dimension,looker:analytics:field:targets:sae_revenue_target,targets,,sae_revenue_target,dimension:column,mechanical,Low,,views/targets.view.lkml,87,82b3ab594f0d8f518072f3e1cc4f4ce8ac1d576e
dimension,looker:analytics:field:targets:sae_target_hourly_rate,targets,,sae_target_hourly_rate,dimension:column,mechanical,Low,,views/targets.view.lkml,151,82b3ab594f0d8f518072f3e1cc4f4ce8ac1d576e
dimension,looker:analytics:field:targets:sae_target_hours,targets,,sae_target_hours,dimension:column,mechanical,Low,,views/targets.view.lkml,121,82b3ab594f0d8f518072f3e1cc4f4ce8ac1d576e
dimension,looker:analytics:field:targets:sqls_target,targets,,sqls_target,dimension:column,mechanical,Low,,views/targets.view.lkml,66,82b3ab594f0d8f518072f3e1cc4f4ce8ac1d576e
dimension,looker:analytics:field:targets:won_deals_target,targets,,won_deals_target,dimension:column,mechanical,Low,,views/targets.view.lkml,80,82b3ab594f0d8f518072f3e1cc4f4ce8ac1d576e
dimension,looker:analytics:field:team_revenue_targets:consultant_grade,team_revenue_targets,,consultant_grade,dimension:column,mechanical,Low,,views/team_revenue_targets.view.lkml,32,82b3ab594f0d8f518072f3e1cc4f4ce8ac1d576e
dimension,looker:analytics:field:team_revenue_targets:consultant_hours_multiplier,team_revenue_targets,,consultant_hours_multiplier,dimension:column,mechanical,Low,,views/team_revenue_targets.view.lkml,36,82b3ab594f0d8f518072f3e1cc4f4ce8ac1d576e
dimension,looker:analytics:field:team_revenue_targets:contact_name,team_revenue_targets,,contact_name,dimension:column,mechanical,Low,,views/team_revenue_targets.view.lkml,4,82b3ab594f0d8f518072f3e1cc4f4ce8ac1d576e
dimension,looker:analytics:field:team_revenue_targets:pk,team_revenue_targets,,pk,dimension:derived,mechanical,Low,,views/team_revenue_targets.view.lkml,26,82b3ab594f0d8f518072f3e1cc4f4ce8ac1d576e
dimension,looker:analytics:field:timesheet_project_costs_fact:company_pk,timesheet_project_costs_fact,,company_pk,dimension:column,mechanical,Low,,views/timesheet_project_costs_fact.view.lkml,16,82b3ab594f0d8f518072f3e1cc4f4ce8ac1d576e
dimension,looker:analytics:field:timesheet_project_costs_fact:contact_pk,timesheet_project_costs_fact,,contact_pk,dimension:column,mechanical,Low,,views/timesheet_project_costs_fact.view.lkml,23,82b3ab594f0d8f518072f3e1cc4f4ce8ac1d576e
dimension,looker:analytics:field:timesheet_project_costs_fact:expense_amount_gbp,timesheet_project_costs_fact,,expense_amount_gbp,dimension:derived,mechanical,Low,,views/timesheet_project_costs_fact.view.lkml,37,82b3ab594f0d8f518072f3e1cc4f4ce8ac1d576e
dimension,looker:analytics:field:timesheet_project_costs_fact:expense_amount_local,timesheet_project_costs_fact,,expense_amount_local,dimension:column,mechanical,Low,,views/timesheet_project_costs_fact.view.lkml,30,82b3ab594f0d8f518072f3e1cc4f4ce8ac1d576e
dimension,looker:analytics:field:timesheet_project_costs_fact:expense_category_name,timesheet_project_costs_fact,,expense_category_name,dimension:column,mechanical,Low,,views/timesheet_project_costs_fact.view.lkml,75,82b3ab594f0d8f518072f3e1cc4f4ce8ac1d576e
dimension,looker:analytics:field:timesheet_project_costs_fact:expense_currency_code,timesheet_project_costs_fact,,expense_currency_code,dimension:column,mechanical,Low,,views/timesheet_project_costs_fact.view.lkml,97,82b3ab594f0d8f518072f3e1cc4f4ce8ac1d576e
dimension,looker:analytics:field:timesheet_project_costs_fact:expense_is_billable,timesheet_project_costs_fact,,expense_is_billable,dimension:column,mechanical,Low,,views/timesheet_project_costs_fact.view.lkml,106,82b3ab594f0d8f518072f3e1cc4f4ce8ac1d576e
dimension,looker:analytics:field:timesheet_project_costs_fact:expense_is_billed,timesheet_project_costs_fact,,expense_is_billed,dimension:column,mechanical,Low,,views/timesheet_project_costs_fact.view.lkml,113,82b3ab594f0d8f518072f3e1cc4f4ce8ac1d576e
dimension,looker:analytics:field:timesheet_project_costs_fact:expense_is_locked,timesheet_project_costs_fact,,expense_is_locked,dimension:column,mechanical,Low,,views/timesheet_project_costs_fact.view.lkml,120,82b3ab594f0d8f518072f3e1cc4f4ce8ac1d576e
dimension,looker:analytics:field:timesheet_project_costs_fact:expense_notes,timesheet_project_costs_fact,,expense_notes,dimension:column,mechanical,Low,,views/timesheet_project_costs_fact.view.lkml,127,82b3ab594f0d8f518072f3e1cc4f4ce8ac1d576e
dimension,looker:analytics:field:timesheet_project_costs_fact:expense_pk,timesheet_project_costs_fact,,expense_pk,dimension:column,mechanical,Low,,views/timesheet_project_costs_fact.view.lkml,134,82b3ab594f0d8f518072f3e1cc4f4ce8ac1d576e
dimension,looker:analytics:field:timesheet_project_costs_fact:expense_unit_name,timesheet_project_costs_fact,,expense_unit_name,dimension:column,mechanical,Low,,views/timesheet_project_costs_fact.view.lkml,157,82b3ab594f0d8f518072f3e1cc4f4ce8ac1d576e
dimension,looker:analytics:field:timesheet_project_costs_fact:expense_unit_price,timesheet_project_costs_fact,,expense_unit_price,dimension:column,mechanical,Low,,views/timesheet_project_costs_fact.view.lkml,164,82b3ab594f0d8f518072f3e1cc4f4ce8ac1d576e
dimension,looker:analytics:field:timesheet_project_costs_fact:expense_units,timesheet_project_costs_fact,,expense_units,dimension:column,mechanical,Low,,views/timesheet_project_costs_fact.view.lkml,171,82b3ab594f0d8f518072f3e1cc4f4ce8ac1d576e
dimension,looker:analytics:field:timesheet_project_costs_fact:invoice_id,timesheet_project_costs_fact,,invoice_id,dimension:column,mechanical,Low,,views/timesheet_project_costs_fact.view.lkml,194,82b3ab594f0d8f518072f3e1cc4f4ce8ac1d576e
dimension,looker:analytics:field:timesheet_project_costs_fact:source,timesheet_project_costs_fact,,source,dimension:column,mechanical,Low,,views/timesheet_project_costs_fact.view.lkml,201,82b3ab594f0d8f518072f3e1cc4f4ce8ac1d576e
dimension,looker:analytics:field:timesheet_project_costs_fact:timesheet_project_id,timesheet_project_costs_fact,,timesheet_project_id,dimension:column,mechanical,Low,,views/timesheet_project_costs_fact.view.lkml,208,82b3ab594f0d8f518072f3e1cc4f4ce8ac1d576e
dimension,looker:analytics:field:timesheet_project_costs_fact:timesheet_project_pk,timesheet_project_costs_fact,,timesheet_project_pk,dimension:column,mechanical,Low,,views/timesheet_project_costs_fact.view.lkml,215,82b3ab594f0d8f518072f3e1cc4f4ce8ac1d576e
dimension,looker:analytics:field:timesheet_project_costs_fact:timesheet_users_id,timesheet_project_costs_fact,,timesheet_users_id,dimension:column,mechanical,Low,,views/timesheet_project_costs_fact.view.lkml,222,82b3ab594f0d8f518072f3e1cc4f4ce8ac1d576e
dimension,looker:analytics:field:timesheet_project_engagement_progress_fact:client_name,timesheet_project_engagement_progress_fact,,client_name,dimension:column,mechanical,Low,,views/timesheet_project_engagement_progress_fact.view.lkml,6,82b3ab594f0d8f518072f3e1cc4f4ce8ac1d576e
dimension,looker:analytics:field:timesheet_project_engagement_progress_fact:deal_id,timesheet_project_engagement_progress_fact,,deal_id,dimension:column,mechanical,Low,,views/timesheet_project_engagement_progress_fact.view.lkml,29,82b3ab594f0d8f518072f3e1cc4f4ce8ac1d576e
dimension,looker:analytics:field:timesheet_project_engagement_progress_fact:deliverables,timesheet_project_engagement_progress_fact,,deliverables,dimension:column,mechanical,Low,,views/timesheet_project_engagement_progress_fact.view.lkml,11,82b3ab594f0d8f518072f3e1cc4f4ce8ac1d576e
dimension,looker:analytics:field:timesheet_project_engagement_progress_fact:engagement_description,timesheet_project_engagement_progress_fact,,engagement_description,dimension:column,mechanical,Low,,views/timesheet_project_engagement_progress_fact.view.lkml,16,82b3ab594f0d8f518072f3e1cc4f4ce8ac1d576e
dimension,looker:analytics:field:timesheet_project_engagement_progress_fact:engagement_name,timesheet_project_engagement_progress_fact,,engagement_name,dimension:column,mechanical,Low,,views/timesheet_project_engagement_progress_fact.view.lkml,22,82b3ab594f0d8f518072f3e1cc4f4ce8ac1d576e
dimension,looker:analytics:field:timesheet_project_engagement_progress_fact:objectives,timesheet_project_engagement_progress_fact,,objectives,dimension:column,mechanical,Low,,views/timesheet_project_engagement_progress_fact.view.lkml,35,82b3ab594f0d8f518072f3e1cc4f4ce8ac1d576e
dimension,looker:analytics:field:timesheet_project_engagement_progress_fact__deliverables:completion_score,timesheet_project_engagement_progress_fact__deliverables,,completion_score,dimension:derived,mechanical,Low,,views/timesheet_project_engagement_progress_fact.view.lkml,99,82b3ab594f0d8f518072f3e1cc4f4ce8ac1d576e
dimension,looker:analytics:field:timesheet_project_engagement_progress_fact__deliverables:deliverable_number,timesheet_project_engagement_progress_fact__deliverables,,deliverable_number,dimension:derived,mechanical,Low,,views/timesheet_project_engagement_progress_fact.view.lkml,111,82b3ab594f0d8f518072f3e1cc4f4ce8ac1d576e
dimension,looker:analytics:field:timesheet_project_engagement_progress_fact__deliverables:rationale,timesheet_project_engagement_progress_fact__deliverables,,rationale,dimension:derived,mechanical,Low,,views/timesheet_project_engagement_progress_fact.view.lkml,117,82b3ab594f0d8f518072f3e1cc4f4ce8ac1d576e
dimension,looker:analytics:field:timesheet_project_engagement_progress_fact__deliverables:timesheet_project_engagement_progress_fact__deliverables,timesheet_project_engagement_progress_fact__deliverables,,timesheet_project_engagement_progress_fact__deliverables,dimension:derived,mechanical,Low,,views/timesheet_project_engagement_progress_fact.view.lkml,123,82b3ab594f0d8f518072f3e1cc4f4ce8ac1d576e
dimension,looker:analytics:field:timesheet_project_engagement_progress_fact__objectives:completion_score,timesheet_project_engagement_progress_fact__objectives,,completion_score,dimension:derived,mechanical,Low,,views/timesheet_project_engagement_progress_fact.view.lkml,44,82b3ab594f0d8f518072f3e1cc4f4ce8ac1d576e
dimension,looker:analytics:field:timesheet_project_engagement_progress_fact__objectives:expected_benefit,timesheet_project_engagement_progress_fact__objectives,,expected_benefit,dimension:derived,mechanical,Low,,views/timesheet_project_engagement_progress_fact.view.lkml,64,82b3ab594f0d8f518072f3e1cc4f4ce8ac1d576e
dimension,looker:analytics:field:timesheet_project_engagement_progress_fact__objectives:objective_details,timesheet_project_engagement_progress_fact__objectives,,objective_details,dimension:derived,mechanical,Low,,views/timesheet_project_engagement_progress_fact.view.lkml,70,82b3ab594f0d8f518072f3e1cc4f4ce8ac1d576e
dimension,looker:analytics:field:timesheet_project_engagement_progress_fact__objectives:objective_metric,timesheet_project_engagement_progress_fact__objectives,,objective_metric,dimension:derived,mechanical,Low,,views/timesheet_project_engagement_progress_fact.view.lkml,77,82b3ab594f0d8f518072f3e1cc4f4ce8ac1d576e
dimension,looker:analytics:field:timesheet_project_engagement_progress_fact__objectives:objective_number,timesheet_project_engagement_progress_fact__objectives,,objective_number,dimension:derived,mechanical,Low,,views/timesheet_project_engagement_progress_fact.view.lkml,58,82b3ab594f0d8f518072f3e1cc4f4ce8ac1d576e
dimension,looker:analytics:field:timesheet_project_engagement_progress_fact__objectives:rationale,timesheet_project_engagement_progress_fact__objectives,,rationale,dimension:derived,mechanical,Low,,views/timesheet_project_engagement_progress_fact.view.lkml,84,82b3ab594f0d8f518072f3e1cc4f4ce8ac1d576e
dimension,looker:analytics:field:timesheet_project_engagement_progress_fact__objectives:timesheet_project_engagement_progress_fact__objectives,timesheet_project_engagement_progress_fact__objectives,,timesheet_project_engagement_progress_fact__objectives,dimension:derived,mechanical,Low,,views/timesheet_project_engagement_progress_fact.view.lkml,90,82b3ab594f0d8f518072f3e1cc4f4ce8ac1d576e
dimension,looker:analytics:field:timesheet_project_engagement_rag_status_fact:client_action_points,timesheet_project_engagement_rag_status_fact,,client_action_points,dimension:column,mechanical,Low,,views/timesheet_project_engagement_rag_status_fact.view.lkml,194,82b3ab594f0d8f518072f3e1cc4f4ce8ac1d576e
dimension,looker:analytics:field:timesheet_project_engagement_rag_status_fact:client_name,timesheet_project_engagement_rag_status_fact,,client_name,dimension:column,mechanical,Low,,views/timesheet_project_engagement_rag_status_fact.view.lkml,4,82b3ab594f0d8f518072f3e1cc4f4ce8ac1d576e
dimension,looker:analytics:field:timesheet_project_engagement_rag_status_fact:data_quality_qa_rag_status,timesheet_project_engagement_rag_status_fact,,data_quality_qa_rag_status,dimension:html,redesign,High,html (Liquid) withheld; the dimension itself is still emitted,views/timesheet_project_engagement_rag_status_fact.view.lkml,123,82b3ab594f0d8f518072f3e1cc4f4ce8ac1d576e
dimension,looker:analytics:field:timesheet_project_engagement_rag_status_fact:data_quality_qa_status_rationale,timesheet_project_engagement_rag_status_fact,,data_quality_qa_status_rationale,dimension:column,mechanical,Low,,views/timesheet_project_engagement_rag_status_fact.view.lkml,115,82b3ab594f0d8f518072f3e1cc4f4ce8ac1d576e
dimension,looker:analytics:field:timesheet_project_engagement_rag_status_fact:data_quality_qa_status_rationale_evidence,timesheet_project_engagement_rag_status_fact,,data_quality_qa_status_rationale_evidence,dimension:column,mechanical,Low,,views/timesheet_project_engagement_rag_status_fact.view.lkml,119,82b3ab594f0d8f518072f3e1cc4f4ce8ac1d576e
dimension,looker:analytics:field:timesheet_project_engagement_rag_status_fact:engagement_description,timesheet_project_engagement_rag_status_fact,,engagement_description,dimension:column,mechanical,Low,,views/timesheet_project_engagement_rag_status_fact.view.lkml,9,82b3ab594f0d8f518072f3e1cc4f4ce8ac1d576e
dimension,looker:analytics:field:timesheet_project_engagement_rag_status_fact:engagement_name,timesheet_project_engagement_rag_status_fact,,engagement_name,dimension,assisted,Medium,link: confirm Omni links syntax and Mustache tokens,views/timesheet_project_engagement_rag_status_fact.view.lkml,15,82b3ab594f0d8f518072f3e1cc4f4ce8ac1d576e
dimension,looker:analytics:field:timesheet_project_engagement_rag_status_fact:financials_rag_status,timesheet_project_engagement_rag_status_fact,,financials_rag_status,dimension:html,redesign,High,html (Liquid) withheld; the dimension itself is still emitted,views/timesheet_project_engagement_rag_status_fact.view.lkml,79,82b3ab594f0d8f518072f3e1cc4f4ce8ac1d576e
dimension,looker:analytics:field:timesheet_project_engagement_rag_status_fact:financials_status_rationale,timesheet_project_engagement_rag_status_fact,,financials_status_rationale,dimension:column,mechanical,Low,,views/timesheet_project_engagement_rag_status_fact.view.lkml,71,82b3ab594f0d8f518072f3e1cc4f4ce8ac1d576e
dimension,looker:analytics:field:timesheet_project_engagement_rag_status_fact:financials_status_rationale_evidence,timesheet_project_engagement_rag_status_fact,,financials_status_rationale_evidence,dimension:column,mechanical,Low,,views/timesheet_project_engagement_rag_status_fact.view.lkml,75,82b3ab594f0d8f518072f3e1cc4f4ce8ac1d576e
dimension,looker:analytics:field:timesheet_project_engagement_rag_status_fact:month_timeline_events,timesheet_project_engagement_rag_status_fact,,month_timeline_events,dimension:column,mechanical,Low,,views/timesheet_project_engagement_rag_status_fact.view.lkml,184,82b3ab594f0d8f518072f3e1cc4f4ce8ac1d576e
dimension,looker:analytics:field:timesheet_project_engagement_rag_status_fact:overall_rag_status,timesheet_project_engagement_rag_status_fact,,overall_rag_status,dimension:html,redesign,High,html (Liquid) withheld; the dimension itself is still emitted,views/timesheet_project_engagement_rag_status_fact.view.lkml,21,82b3ab594f0d8f518072f3e1cc4f4ce8ac1d576e
dimension,looker:analytics:field:timesheet_project_engagement_rag_status_fact:overall_rag_status_rationale,timesheet_project_engagement_rag_status_fact,,overall_rag_status_rationale,dimension:column,mechanical,Low,,views/timesheet_project_engagement_rag_status_fact.view.lkml,34,82b3ab594f0d8f518072f3e1cc4f4ce8ac1d576e
dimension,looker:analytics:field:timesheet_project_engagement_rag_status_fact:overall_rag_status_rationale_evidence,timesheet_project_engagement_rag_status_fact,,overall_rag_status_rationale_evidence,dimension:column,mechanical,Low,,views/timesheet_project_engagement_rag_status_fact.view.lkml,38,82b3ab594f0d8f518072f3e1cc4f4ce8ac1d576e
dimension,looker:analytics:field:timesheet_project_engagement_rag_status_fact:ra_action_points,timesheet_project_engagement_rag_status_fact,,ra_action_points,dimension:column,mechanical,Low,,views/timesheet_project_engagement_rag_status_fact.view.lkml,189,82b3ab594f0d8f518072f3e1cc4f4ce8ac1d576e
dimension,looker:analytics:field:timesheet_project_engagement_rag_status_fact:resourcing_rag_status,timesheet_project_engagement_rag_status_fact,,resourcing_rag_status,dimension:html,redesign,High,html (Liquid) withheld; the dimension itself is still emitted,views/timesheet_project_engagement_rag_status_fact.view.lkml,57,82b3ab594f0d8f518072f3e1cc4f4ce8ac1d576e
dimension,looker:analytics:field:timesheet_project_engagement_rag_status_fact:resourcing_status_rationale,timesheet_project_engagement_rag_status_fact,,resourcing_status_rationale,dimension:column,mechanical,Low,,views/timesheet_project_engagement_rag_status_fact.view.lkml,49,82b3ab594f0d8f518072f3e1cc4f4ce8ac1d576e
dimension,looker:analytics:field:timesheet_project_engagement_rag_status_fact:resourcing_status_rationale_evidence,timesheet_project_engagement_rag_status_fact,,resourcing_status_rationale_evidence,dimension:column,mechanical,Low,,views/timesheet_project_engagement_rag_status_fact.view.lkml,53,82b3ab594f0d8f518072f3e1cc4f4ce8ac1d576e
dimension,looker:analytics:field:timesheet_project_engagement_rag_status_fact:schedule_rag_status,timesheet_project_engagement_rag_status_fact,,schedule_rag_status,dimension:html,redesign,High,html (Liquid) withheld; the dimension itself is still emitted,views/timesheet_project_engagement_rag_status_fact.view.lkml,137,82b3ab594f0d8f518072f3e1cc4f4ce8ac1d576e
dimension,looker:analytics:field:timesheet_project_engagement_rag_status_fact:schedule_rag_status_rationale,timesheet_project_engagement_rag_status_fact,,schedule_rag_status_rationale,dimension:column,mechanical,Low,,views/timesheet_project_engagement_rag_status_fact.view.lkml,150,82b3ab594f0d8f518072f3e1cc4f4ce8ac1d576e
dimension,looker:analytics:field:timesheet_project_engagement_rag_status_fact:schedule_rag_status_rationale_evidence,timesheet_project_engagement_rag_status_fact,,schedule_rag_status_rationale_evidence,dimension:column,mechanical,Low,,views/timesheet_project_engagement_rag_status_fact.view.lkml,154,82b3ab594f0d8f518072f3e1cc4f4ce8ac1d576e
dimension,looker:analytics:field:timesheet_project_engagement_rag_status_fact:scope_rag_status,timesheet_project_engagement_rag_status_fact,,scope_rag_status,dimension:html,redesign,High,html (Liquid) withheld; the dimension itself is still emitted,views/timesheet_project_engagement_rag_status_fact.view.lkml,101,82b3ab594f0d8f518072f3e1cc4f4ce8ac1d576e
dimension,looker:analytics:field:timesheet_project_engagement_rag_status_fact:scope_status_rationale,timesheet_project_engagement_rag_status_fact,,scope_status_rationale,dimension:column,mechanical,Low,,views/timesheet_project_engagement_rag_status_fact.view.lkml,93,82b3ab594f0d8f518072f3e1cc4f4ce8ac1d576e
dimension,looker:analytics:field:timesheet_project_engagement_rag_status_fact:scope_status_rationale_evidence,timesheet_project_engagement_rag_status_fact,,scope_status_rationale_evidence,dimension:column,mechanical,Low,,views/timesheet_project_engagement_rag_status_fact.view.lkml,97,82b3ab594f0d8f518072f3e1cc4f4ce8ac1d576e
dimension,looker:analytics:field:timesheet_project_engagement_rag_status_fact:sprint_name,timesheet_project_engagement_rag_status_fact,,sprint_name,dimension:column,mechanical,Low,,views/timesheet_project_engagement_rag_status_fact.view.lkml,158,82b3ab594f0d8f518072f3e1cc4f4ce8ac1d576e
dimension,looker:analytics:field:timesheet_project_engagement_rag_status_fact:technology_rag_status,timesheet_project_engagement_rag_status_fact,,technology_rag_status,dimension:html,redesign,High,html (Liquid) withheld; the dimension itself is still emitted,views/timesheet_project_engagement_rag_status_fact.view.lkml,170,82b3ab594f0d8f518072f3e1cc4f4ce8ac1d576e
dimension,looker:analytics:field:timesheet_project_engagement_rag_status_fact:technology_rag_status_rationale,timesheet_project_engagement_rag_status_fact,,technology_rag_status_rationale,dimension:column,mechanical,Low,,views/timesheet_project_engagement_rag_status_fact.view.lkml,162,82b3ab594f0d8f518072f3e1cc4f4ce8ac1d576e
dimension,looker:analytics:field:timesheet_project_engagement_rag_status_fact:technology_rag_status_rationale_evidence,timesheet_project_engagement_rag_status_fact,,technology_rag_status_rationale_evidence,dimension:column,mechanical,Low,,views/timesheet_project_engagement_rag_status_fact.view.lkml,166,82b3ab594f0d8f518072f3e1cc4f4ce8ac1d576e
dimension,looker:analytics:field:timesheet_project_engagement_rag_status_fact__client_action_points:action_number,timesheet_project_engagement_rag_status_fact__client_action_points,,action_number,dimension:derived,mechanical,Low,,views/timesheet_project_engagement_rag_status_fact.view.lkml,224,82b3ab594f0d8f518072f3e1cc4f4ce8ac1d576e
dimension,looker:analytics:field:timesheet_project_engagement_rag_status_fact__client_action_points:action_point,timesheet_project_engagement_rag_status_fact__client_action_points,,action_point,dimension:derived,mechanical,Low,,views/timesheet_project_engagement_rag_status_fact.view.lkml,230,82b3ab594f0d8f518072f3e1cc4f4ce8ac1d576e
dimension,looker:analytics:field:timesheet_project_engagement_rag_status_fact__client_action_points:timesheet_project_engagement_rag_status_fact__client_action_points,timesheet_project_engagement_rag_status_fact__client_action_points,,timesheet_project_engagement_rag_status_fact__client_action_points,dimension:derived,mechanical,Low,,views/timesheet_project_engagement_rag_status_fact.view.lkml,236,82b3ab594f0d8f518072f3e1cc4f4ce8ac1d576e
dimension,looker:analytics:field:timesheet_project_engagement_rag_status_fact__month_timeline_events:event_description,timesheet_project_engagement_rag_status_fact__month_timeline_events,,event_description,dimension:derived,mechanical,Low,,views/timesheet_project_engagement_rag_status_fact.view.lkml,252,82b3ab594f0d8f518072f3e1cc4f4ce8ac1d576e
dimension,looker:analytics:field:timesheet_project_engagement_rag_status_fact__month_timeline_events:timesheet_project_engagement_rag_status_fact__month_timeline_events,timesheet_project_engagement_rag_status_fact__month_timeline_events,,timesheet_project_engagement_rag_status_fact__month_timeline_events,dimension:derived,mechanical,Low,,views/timesheet_project_engagement_rag_status_fact.view.lkml,258,82b3ab594f0d8f518072f3e1cc4f4ce8ac1d576e
dimension,looker:analytics:field:timesheet_project_engagement_rag_status_fact__ra_action_points:action_number,timesheet_project_engagement_rag_status_fact__ra_action_points,,action_number,dimension:derived,mechanical,Low,,views/timesheet_project_engagement_rag_status_fact.view.lkml,203,82b3ab594f0d8f518072f3e1cc4f4ce8ac1d576e
dimension,looker:analytics:field:timesheet_project_engagement_rag_status_fact__ra_action_points:action_point,timesheet_project_engagement_rag_status_fact__ra_action_points,,action_point,dimension:derived,mechanical,Low,,views/timesheet_project_engagement_rag_status_fact.view.lkml,209,82b3ab594f0d8f518072f3e1cc4f4ce8ac1d576e
dimension,looker:analytics:field:timesheet_project_engagement_rag_status_fact__ra_action_points:timesheet_project_engagement_rag_status_fact__ra_action_points,timesheet_project_engagement_rag_status_fact__ra_action_points,,timesheet_project_engagement_rag_status_fact__ra_action_points,dimension:derived,mechanical,Low,,views/timesheet_project_engagement_rag_status_fact.view.lkml,215,82b3ab594f0d8f518072f3e1cc4f4ce8ac1d576e
dimension,looker:analytics:field:timesheet_project_engagements_dim__projects:project_name,timesheet_project_engagements_dim__projects,,project_name,dimension:column,mechanical,Low,,views/engagements.view.lkml,305,82b3ab594f0d8f518072f3e1cc4f4ce8ac1d576e
dimension,looker:analytics:field:timesheet_project_engagements_dim__projects:timesheet_project_engagements_dim__projects,timesheet_project_engagements_dim__projects,,timesheet_project_engagements_dim__projects,dimension:derived,mechanical,Low,,views/engagements.view.lkml,311,82b3ab594f0d8f518072f3e1cc4f4ce8ac1d576e
dimension,looker:analytics:field:timesheet_project_engagements_dim__projects:timesheet_project_pk,timesheet_project_engagements_dim__projects,,timesheet_project_pk,dimension:column,mechanical,Low,,views/engagements.view.lkml,286,82b3ab594f0d8f518072f3e1cc4f4ce8ac1d576e
dimension,looker:analytics:field:timesheet_project_monthly_forecast_billing_fact:company_name,timesheet_project_monthly_forecast_billing_fact,,company_name,dimension:column,mechanical,Low,,views/timesheet_project_monthly_forecast_billing_fact.view.lkml,93,82b3ab594f0d8f518072f3e1cc4f4ce8ac1d576e
dimension,looker:analytics:field:timesheet_project_monthly_forecast_billing_fact:pk,timesheet_project_monthly_forecast_billing_fact,,pk,dimension:derived,mechanical,Low,,views/timesheet_project_monthly_forecast_billing_fact.view.lkml,110,82b3ab594f0d8f518072f3e1cc4f4ce8ac1d576e
dimension,looker:analytics:field:timesheet_project_monthly_forecast_billing_fact:remaining_unbilled_revenue,timesheet_project_monthly_forecast_billing_fact,,remaining_unbilled_revenue,dimension:column,mechanical,Low,,views/timesheet_project_monthly_forecast_billing_fact.view.lkml,98,82b3ab594f0d8f518072f3e1cc4f4ce8ac1d576e
dimension,looker:analytics:field:timesheet_project_stakeholder_jtbd_fact:company_fk,timesheet_project_stakeholder_jtbd_fact,,company_fk,dimension:column,mechanical,Low,,views/timesheet_project_stakeholder_jtbd_fact.view.lkml,18,82b3ab594f0d8f518072f3e1cc4f4ce8ac1d576e
dimension,looker:analytics:field:timesheet_project_stakeholder_jtbd_fact:contact_fk,timesheet_project_stakeholder_jtbd_fact,,contact_fk,dimension:column,mechanical,Low,,views/timesheet_project_stakeholder_jtbd_fact.view.lkml,23,82b3ab594f0d8f518072f3e1cc4f4ce8ac1d576e
dimension,looker:analytics:field:timesheet_project_stakeholder_jtbd_fact:contact_name,timesheet_project_stakeholder_jtbd_fact,,contact_name,dimension:column,mechanical,Low,,views/timesheet_project_stakeholder_jtbd_fact.view.lkml,29,82b3ab594f0d8f518072f3e1cc4f4ce8ac1d576e
dimension,looker:analytics:field:timesheet_project_stakeholder_jtbd_fact:identified_jtbds,timesheet_project_stakeholder_jtbd_fact,,identified_jtbds,dimension:column,mechanical,Low,,views/timesheet_project_stakeholder_jtbd_fact.view.lkml,34,82b3ab594f0d8f518072f3e1cc4f4ce8ac1d576e
dimension,looker:analytics:field:timesheet_project_stakeholder_jtbd_fact:jtbd_summary,timesheet_project_stakeholder_jtbd_fact,,jtbd_summary,dimension:column,mechanical,Low,,views/timesheet_project_stakeholder_jtbd_fact.view.lkml,40,82b3ab594f0d8f518072f3e1cc4f4ce8ac1d576e
dimension,looker:analytics:field:timesheet_project_stakeholder_jtbd_fact:keywords,timesheet_project_stakeholder_jtbd_fact,,keywords,dimension:column,mechanical,Low,,views/timesheet_project_stakeholder_jtbd_fact.view.lkml,47,82b3ab594f0d8f518072f3e1cc4f4ce8ac1d576e
dimension,looker:analytics:field:timesheet_project_stakeholder_jtbd_fact__identified_jtbds:description,timesheet_project_stakeholder_jtbd_fact__identified_jtbds,,description,dimension:derived,mechanical,Low,,views/timesheet_project_stakeholder_jtbd_fact.view.lkml,78,82b3ab594f0d8f518072f3e1cc4f4ce8ac1d576e
dimension,looker:analytics:field:timesheet_project_stakeholder_jtbd_fact__identified_jtbds:jtbd_id,timesheet_project_stakeholder_jtbd_fact__identified_jtbds,,jtbd_id,dimension:derived,mechanical,Low,,views/timesheet_project_stakeholder_jtbd_fact.view.lkml,86,82b3ab594f0d8f518072f3e1cc4f4ce8ac1d576e
dimension,looker:analytics:field:timesheet_project_stakeholder_jtbd_fact__identified_jtbds:timesheet_project_stakeholder_jtbd_fact__identified_jtbds,timesheet_project_stakeholder_jtbd_fact__identified_jtbds,,timesheet_project_stakeholder_jtbd_fact__identified_jtbds,dimension:derived,mechanical,Low,,views/timesheet_project_stakeholder_jtbd_fact.view.lkml,91,82b3ab594f0d8f518072f3e1cc4f4ce8ac1d576e
dimension,looker:analytics:field:timesheet_project_stakeholder_jtbd_fact__keywords:timesheet_project_stakeholder_jtbd_fact__keywords,timesheet_project_stakeholder_jtbd_fact__keywords,,timesheet_project_stakeholder_jtbd_fact__keywords,dimension:derived,mechanical,Low,,views/timesheet_project_stakeholder_jtbd_fact.view.lkml,61,82b3ab594f0d8f518072f3e1cc4f4ce8ac1d576e
dimension,looker:analytics:field:timesheet_projects_dim:company_fk,timesheet_projects_dim,,company_fk,dimension:column,mechanical,Low,,views/timesheet_projects_dim.view.lkml,5,82b3ab594f0d8f518072f3e1cc4f4ce8ac1d576e
dimension,looker:analytics:field:timesheet_projects_dim:deal_id,timesheet_projects_dim,,deal_id,dimension:derived,mechanical,Low,,views/timesheet_projects_dim.view.lkml,50,82b3ab594f0d8f518072f3e1cc4f4ce8ac1d576e
dimension,looker:analytics:field:timesheet_projects_dim:is_discovery_sprint,timesheet_projects_dim,,is_discovery_sprint,dimension:derived,mechanical,Low,,views/timesheet_projects_dim.view.lkml,175,82b3ab594f0d8f518072f3e1cc4f4ce8ac1d576e
dimension,looker:analytics:field:timesheet_projects_dim:is_jumpstart_sprint,timesheet_projects_dim,,is_jumpstart_sprint,dimension:derived,mechanical,Low,,views/timesheet_projects_dim.view.lkml,181,82b3ab594f0d8f518072f3e1cc4f4ce8ac1d576e
dimension,looker:analytics:field:timesheet_projects_dim:is_project_active,timesheet_projects_dim,,is_project_active,dimension:derived,mechanical,Low,,views/timesheet_projects_dim.view.lkml,79,82b3ab594f0d8f518072f3e1cc4f4ce8ac1d576e
dimension,looker:analytics:field:timesheet_projects_dim:project_budget_amount,timesheet_projects_dim,,project_budget_amount,dimension:column,mechanical,Low,,views/timesheet_projects_dim.view.lkml,11,82b3ab594f0d8f518072f3e1cc4f4ce8ac1d576e
dimension,looker:analytics:field:timesheet_projects_dim:project_budget_by,timesheet_projects_dim,,project_budget_by,dimension:column,mechanical,Low,,views/timesheet_projects_dim.view.lkml,34,82b3ab594f0d8f518072f3e1cc4f4ce8ac1d576e
dimension,looker:analytics:field:timesheet_projects_dim:project_code,timesheet_projects_dim,,project_code,dimension:column,mechanical,Low,,views/timesheet_projects_dim.view.lkml,42,82b3ab594f0d8f518072f3e1cc4f4ce8ac1d576e
dimension,looker:analytics:field:timesheet_projects_dim:project_cost_budget,timesheet_projects_dim,,project_cost_budget,dimension:column,mechanical,Low,,views/timesheet_projects_dim.view.lkml,60,82b3ab594f0d8f518072f3e1cc4f4ce8ac1d576e
dimension,looker:analytics:field:timesheet_projects_dim:project_fee_amount,timesheet_projects_dim,,project_fee_amount,dimension:column,mechanical,Low,,views/timesheet_projects_dim.view.lkml,96,82b3ab594f0d8f518072f3e1cc4f4ce8ac1d576e
dimension,looker:analytics:field:timesheet_projects_dim:project_fee_amount_pro_rata,timesheet_projects_dim,,project_fee_amount_pro_rata,dimension:column,mechanical,Low,,views/timesheet_projects_dim.view.lkml,107,82b3ab594f0d8f518072f3e1cc4f4ce8ac1d576e
dimension,looker:analytics:field:timesheet_projects_dim:project_hourly_rate,timesheet_projects_dim,,project_hourly_rate,dimension:column,mechanical,Low,,views/timesheet_projects_dim.view.lkml,128,82b3ab594f0d8f518072f3e1cc4f4ce8ac1d576e
dimension,looker:analytics:field:timesheet_projects_dim:project_is_active,timesheet_projects_dim,,project_is_active,dimension:column,mechanical,Low,,views/timesheet_projects_dim.view.lkml,136,82b3ab594f0d8f518072f3e1cc4f4ce8ac1d576e
dimension,looker:analytics:field:timesheet_projects_dim:project_is_billable,timesheet_projects_dim,,project_is_billable,dimension:column,mechanical,Low,,views/timesheet_projects_dim.view.lkml,144,82b3ab594f0d8f518072f3e1cc4f4ce8ac1d576e
dimension,looker:analytics:field:timesheet_projects_dim:project_is_expenses_included_in_cost_budget,timesheet_projects_dim,,project_is_expenses_included_in_cost_budget,dimension:column,mechanical,Low,,views/timesheet_projects_dim.view.lkml,152,82b3ab594f0d8f518072f3e1cc4f4ce8ac1d576e
dimension,looker:analytics:field:timesheet_projects_dim:project_is_fixed_fee,timesheet_projects_dim,,project_is_fixed_fee,dimension:column,mechanical,Low,,views/timesheet_projects_dim.view.lkml,160,82b3ab594f0d8f518072f3e1cc4f4ce8ac1d576e
dimension,looker:analytics:field:timesheet_projects_dim:project_name,timesheet_projects_dim,,project_name,dimension:column,mechanical,Low,,views/timesheet_projects_dim.view.lkml,168,82b3ab594f0d8f518072f3e1cc4f4ce8ac1d576e
dimension,looker:analytics:field:timesheet_projects_dim:project_over_budget_notification_pct,timesheet_projects_dim,,project_over_budget_notification_pct,dimension:column,mechanical,Low,,views/timesheet_projects_dim.view.lkml,195,82b3ab594f0d8f518072f3e1cc4f4ce8ac1d576e
dimension,looker:analytics:field:timesheet_projects_dim:timesheet_project_id,timesheet_projects_dim,,timesheet_project_id,dimension:column,mechanical,Low,,views/timesheet_projects_dim.view.lkml,203,82b3ab594f0d8f518072f3e1cc4f4ce8ac1d576e
dimension,looker:analytics:field:timesheet_projects_dim:timesheet_project_pk,timesheet_projects_dim,,timesheet_project_pk,dimension:column,mechanical,Low,,views/timesheet_projects_dim.view.lkml,211,82b3ab594f0d8f518072f3e1cc4f4ce8ac1d576e
dimension,looker:analytics:field:timesheet_projects_dim:total_business_days_pct_elapsed,timesheet_projects_dim,,total_business_days_pct_elapsed,dimension:derived,mechanical,Low,,views/timesheet_projects_dim.view.lkml,119,82b3ab594f0d8f518072f3e1cc4f4ce8ac1d576e
dimension,looker:analytics:field:timesheet_tasks_dim:task_billable_by_default,timesheet_tasks_dim,,task_billable_by_default,dimension:column,mechanical,Low,,views/timesheet_tasks_dim.view.lkml,5,82b3ab594f0d8f518072f3e1cc4f4ce8ac1d576e
dimension,looker:analytics:field:timesheet_tasks_dim:task_default_hourly_rate,timesheet_tasks_dim,,task_default_hourly_rate,dimension:column,mechanical,Low,,views/timesheet_tasks_dim.view.lkml,27,82b3ab594f0d8f518072f3e1cc4f4ce8ac1d576e
dimension,looker:analytics:field:timesheet_tasks_dim:task_id,timesheet_tasks_dim,,task_id,dimension:column,mechanical,Low,,views/timesheet_tasks_dim.view.lkml,34,82b3ab594f0d8f518072f3e1cc4f4ce8ac1d576e
dimension,looker:analytics:field:timesheet_tasks_dim:task_is_active,timesheet_tasks_dim,,task_is_active,dimension:column,mechanical,Low,,views/timesheet_tasks_dim.view.lkml,41,82b3ab594f0d8f518072f3e1cc4f4ce8ac1d576e
dimension,looker:analytics:field:timesheet_tasks_dim:task_name,timesheet_tasks_dim,,task_name,dimension:column,mechanical,Low,,views/timesheet_tasks_dim.view.lkml,50,82b3ab594f0d8f518072f3e1cc4f4ce8ac1d576e
dimension,looker:analytics:field:timesheet_tasks_dim:timesheet_task_pk,timesheet_tasks_dim,,timesheet_task_pk,dimension:column,mechanical,Low,,views/timesheet_tasks_dim.view.lkml,72,82b3ab594f0d8f518072f3e1cc4f4ce8ac1d576e
dimension,looker:analytics:field:timesheets_fact:company_fk,timesheets_fact,,company_fk,dimension:column,mechanical,Low,,views/timesheets_fact.view.lkml,5,82b3ab594f0d8f518072f3e1cc4f4ce8ac1d576e
dimension,looker:analytics:field:timesheets_fact:contact_pk,timesheets_fact,,contact_pk,dimension:column,mechanical,Low,,views/timesheets_fact.view.lkml,254,82b3ab594f0d8f518072f3e1cc4f4ce8ac1d576e
dimension,looker:analytics:field:timesheets_fact:timesheet_billable_hourly_cost_amount_gbp,timesheets_fact,,timesheet_billable_hourly_cost_amount_gbp,dimension:derived,mechanical,Low,,views/timesheets_fact.view.lkml,12,82b3ab594f0d8f518072f3e1cc4f4ce8ac1d576e
dimension,looker:analytics:field:timesheets_fact:timesheet_billable_hourly_rate_amount_gbp,timesheets_fact,,timesheet_billable_hourly_rate_amount_gbp,dimension:column,mechanical,Low,,views/timesheets_fact.view.lkml,32,82b3ab594f0d8f518072f3e1cc4f4ce8ac1d576e
dimension,looker:analytics:field:timesheets_fact:timesheet_has_been_billed,timesheets_fact,,timesheet_has_been_billed,dimension:column,mechanical,Low,,views/timesheets_fact.view.lkml,77,82b3ab594f0d8f518072f3e1cc4f4ce8ac1d576e
dimension,looker:analytics:field:timesheets_fact:timesheet_has_been_locked,timesheets_fact,,timesheet_has_been_locked,dimension:column,mechanical,Low,,views/timesheets_fact.view.lkml,107,82b3ab594f0d8f518072f3e1cc4f4ce8ac1d576e
dimension,looker:analytics:field:timesheets_fact:timesheet_hours_billed,timesheets_fact,,timesheet_hours_billed,dimension:derived,mechanical,Low,,views/timesheets_fact.view.lkml,115,82b3ab594f0d8f518072f3e1cc4f4ce8ac1d576e
dimension,looker:analytics:field:timesheets_fact:timesheet_invoice_id,timesheets_fact,,timesheet_invoice_id,dimension:column,mechanical,Low,,views/timesheets_fact.view.lkml,187,82b3ab594f0d8f518072f3e1cc4f4ce8ac1d576e
dimension,looker:analytics:field:timesheets_fact:timesheet_is_billable,timesheets_fact,,timesheet_is_billable,dimension:column,mechanical,Low,,views/timesheets_fact.view.lkml,194,82b3ab594f0d8f518072f3e1cc4f4ce8ac1d576e
dimension,looker:analytics:field:timesheets_fact:timesheet_notes,timesheets_fact,,timesheet_notes,dimension:column,mechanical,Low,,views/timesheets_fact.view.lkml,204,82b3ab594f0d8f518072f3e1cc4f4ce8ac1d576e
dimension,looker:analytics:field:timesheets_fact:timesheet_pk,timesheets_fact,,timesheet_pk,dimension:column,mechanical,Low,,views/timesheets_fact.view.lkml,211,82b3ab594f0d8f518072f3e1cc4f4ce8ac1d576e
dimension,looker:analytics:field:timesheets_fact:timesheet_project_fk,timesheets_fact,,timesheet_project_fk,dimension:column,mechanical,Low,,views/timesheets_fact.view.lkml,218,82b3ab594f0d8f518072f3e1cc4f4ce8ac1d576e
dimension,looker:analytics:field:timesheets_fact:timesheet_task_fk,timesheets_fact,,timesheet_task_fk,dimension:column,mechanical,Low,,views/timesheets_fact.view.lkml,225,82b3ab594f0d8f518072f3e1cc4f4ce8ac1d576e
dimension,looker:analytics:field:timesheets_fact:timesheet_total_amount_billed,timesheets_fact,,timesheet_total_amount_billed,dimension:column,mechanical,Low,,views/timesheets_fact.view.lkml,232,82b3ab594f0d8f518072f3e1cc4f4ce8ac1d576e
dimension,looker:analytics:field:timesheets_forecast_fact:contact_pk,timesheets_forecast_fact,,contact_pk,dimension:column,mechanical,Low,,views/timesheets_forecast_fact.view.lkml,14,82b3ab594f0d8f518072f3e1cc4f4ce8ac1d576e
dimension,looker:analytics:field:timesheets_forecast_fact:forecast_days,timesheets_forecast_fact,,forecast_days,dimension:column,mechanical,Low,,views/timesheets_forecast_fact.view.lkml,36,82b3ab594f0d8f518072f3e1cc4f4ce8ac1d576e
dimension,looker:analytics:field:timesheets_forecast_fact:timesheet_forecast_pk,timesheets_forecast_fact,,timesheet_forecast_pk,dimension:column,mechanical,Low,,views/timesheets_forecast_fact.view.lkml,64,82b3ab594f0d8f518072f3e1cc4f4ce8ac1d576e
dimension,looker:analytics:field:timesheets_forecast_fact:timesheet_project_pk,timesheets_forecast_fact,,timesheet_project_pk,dimension:column,mechanical,Low,,views/timesheets_forecast_fact.view.lkml,70,82b3ab594f0d8f518072f3e1cc4f4ce8ac1d576e
dimension,looker:analytics:field:transactions_fact:contact_pk,transactions_fact,,contact_pk,dimension:column,mechanical,Low,,views/transactions_fact.view.lkml,68,82b3ab594f0d8f518072f3e1cc4f4ce8ac1d576e
dimension,looker:analytics:field:transactions_fact:transaction_currency,transactions_fact,,transaction_currency,dimension:column,mechanical,Low,,views/transactions_fact.view.lkml,19,82b3ab594f0d8f518072f3e1cc4f4ce8ac1d576e
dimension,looker:analytics:field:transactions_fact:transaction_description,transactions_fact,,transaction_description,dimension:column,mechanical,Low,,views/transactions_fact.view.lkml,24,82b3ab594f0d8f518072f3e1cc4f4ce8ac1d576e
dimension,looker:analytics:field:transactions_fact:transaction_exchange_rate,transactions_fact,,transaction_exchange_rate,dimension:column,mechanical,Low,,views/transactions_fact.view.lkml,29,82b3ab594f0d8f518072f3e1cc4f4ce8ac1d576e
dimension,looker:analytics:field:transactions_fact:transaction_fee_amount,transactions_fact,,transaction_fee_amount,dimension:column,mechanical,Low,,views/transactions_fact.view.lkml,34,82b3ab594f0d8f518072f3e1cc4f4ce8ac1d576e
dimension,looker:analytics:field:transactions_fact:transaction_gross_amount,transactions_fact,,transaction_gross_amount,dimension:column,mechanical,Low,,views/transactions_fact.view.lkml,39,82b3ab594f0d8f518072f3e1cc4f4ce8ac1d576e
dimension,looker:analytics:field:transactions_fact:transaction_id,transactions_fact,,transaction_id,dimension:column,mechanical,Low,,views/transactions_fact.view.lkml,44,82b3ab594f0d8f518072f3e1cc4f4ce8ac1d576e
dimension,looker:analytics:field:transactions_fact:transaction_net_amount,transactions_fact,,transaction_net_amount,dimension:column,mechanical,Low,,views/transactions_fact.view.lkml,63,82b3ab594f0d8f518072f3e1cc4f4ce8ac1d576e
dimension,looker:analytics:field:transactions_fact:transaction_pk,transactions_fact,,transaction_pk,dimension:column,mechanical,Low,,views/transactions_fact.view.lkml,75,82b3ab594f0d8f518072f3e1cc4f4ce8ac1d576e
dimension,looker:analytics:field:transactions_fact:transaction_status,transactions_fact,,transaction_status,dimension:column,mechanical,Low,,views/transactions_fact.view.lkml,80,82b3ab594f0d8f518072f3e1cc4f4ce8ac1d576e
dimension,looker:analytics:field:transactions_fact:transaction_tax_amount,transactions_fact,,transaction_tax_amount,dimension:column,mechanical,Low,,views/transactions_fact.view.lkml,85,82b3ab594f0d8f518072f3e1cc4f4ce8ac1d576e
dimension,looker:analytics:field:transactions_fact:transaction_type,transactions_fact,,transaction_type,dimension:column,mechanical,Low,,views/transactions_fact.view.lkml,90,82b3ab594f0d8f518072f3e1cc4f4ce8ac1d576e
dimension,looker:analytics:field:users_dim:user_cost_rate,users_dim,,user_cost_rate,dimension:derived,mechanical,Low,,views/users_dim.view.lkml,9,82b3ab594f0d8f518072f3e1cc4f4ce8ac1d576e
dimension,looker:analytics:field:users_dim:user_default_hourly_rate,users_dim,,user_default_hourly_rate,dimension:column,mechanical,Low,,views/users_dim.view.lkml,32,82b3ab594f0d8f518072f3e1cc4f4ce8ac1d576e
dimension,looker:analytics:field:users_dim:user_is_active,users_dim,,user_is_active,dimension:column,mechanical,Low,,views/users_dim.view.lkml,39,82b3ab594f0d8f518072f3e1cc4f4ce8ac1d576e
dimension,looker:analytics:field:users_dim:user_is_contractor,users_dim,,user_is_contractor,dimension:column,mechanical,Low,,views/users_dim.view.lkml,46,82b3ab594f0d8f518072f3e1cc4f4ce8ac1d576e
dimension,looker:analytics:field:users_dim:user_is_staff,users_dim,,user_is_staff,dimension:column,mechanical,Low,,views/users_dim.view.lkml,53,82b3ab594f0d8f518072f3e1cc4f4ce8ac1d576e
dimension,looker:analytics:field:users_dim:user_name,users_dim,,user_name,dimension:column,mechanical,Low,,views/users_dim.view.lkml,74,82b3ab594f0d8f518072f3e1cc4f4ce8ac1d576e
dimension,looker:analytics:field:users_dim:user_phone,users_dim,,user_phone,dimension:column,mechanical,Low,,views/users_dim.view.lkml,81,82b3ab594f0d8f518072f3e1cc4f4ce8ac1d576e
dimension,looker:analytics:field:users_dim:user_pk,users_dim,,user_pk,dimension:column,mechanical,Low,,views/users_dim.view.lkml,88,82b3ab594f0d8f518072f3e1cc4f4ce8ac1d576e
dimension,looker:analytics:field:users_dim:user_weekly_capacity,users_dim,,user_weekly_capacity,dimension:column,mechanical,Low,,views/users_dim.view.lkml,95,82b3ab594f0d8f518072f3e1cc4f4ce8ac1d576e
dimension,looker:analytics:field:web_events_fact:blended_user_id,web_events_fact,,blended_user_id,dimension:column,mechanical,Low,,views/web_events_fact.view.lkml,348,82b3ab594f0d8f518072f3e1cc4f4ce8ac1d576e
dimension,looker:analytics:field:web_events_fact:blog_post_author,web_events_fact,,blog_post_author,dimension:column,mechanical,Low,,views/web_events_fact.view.lkml,552,82b3ab594f0d8f518072f3e1cc4f4ce8ac1d576e
dimension,looker:analytics:field:web_events_fact:blog_post_category,web_events_fact,,blog_post_category,dimension:column,mechanical,Low,,views/web_events_fact.view.lkml,557,82b3ab594f0d8f518072f3e1cc4f4ce8ac1d576e
dimension,looker:analytics:field:web_events_fact:blog_post_id,web_events_fact,,blog_post_id,dimension:column,mechanical,Low,,views/web_events_fact.view.lkml,562,82b3ab594f0d8f518072f3e1cc4f4ce8ac1d576e
dimension,looker:analytics:field:web_events_fact:blog_post_tags,web_events_fact,,blog_post_tags,dimension:column,mechanical,Low,,views/web_events_fact.view.lkml,567,82b3ab594f0d8f518072f3e1cc4f4ce8ac1d576e
dimension,looker:analytics:field:web_events_fact:blog_post_title,web_events_fact,,blog_post_title,dimension:column,mechanical,Low,,views/web_events_fact.view.lkml,572,82b3ab594f0d8f518072f3e1cc4f4ce8ac1d576e
dimension,looker:analytics:field:web_events_fact:city,web_events_fact,,city,dimension:column,mechanical,Low,,views/web_events_fact.view.lkml,582,82b3ab594f0d8f518072f3e1cc4f4ce8ac1d576e
dimension,looker:analytics:field:web_events_fact:country,web_events_fact,,country,dimension:column,mechanical,Low,,views/web_events_fact.view.lkml,587,82b3ab594f0d8f518072f3e1cc4f4ce8ac1d576e
dimension,looker:analytics:field:web_events_fact:country_code,web_events_fact,,country_code,dimension:column,mechanical,Low,,views/web_events_fact.view.lkml,592,82b3ab594f0d8f518072f3e1cc4f4ce8ac1d576e
dimension,looker:analytics:field:web_events_fact:device,web_events_fact,,device,dimension:column,mechanical,Low,,views/web_events_fact.view.lkml,14,82b3ab594f0d8f518072f3e1cc4f4ce8ac1d576e
dimension,looker:analytics:field:web_events_fact:device_category,web_events_fact,,device_category,dimension:column,mechanical,Low,,views/web_events_fact.view.lkml,22,82b3ab594f0d8f518072f3e1cc4f4ce8ac1d576e
dimension,looker:analytics:field:web_events_fact:event_details,web_events_fact,,event_details,dimension:column,mechanical,Low,,views/web_events_fact.view.lkml,32,82b3ab594f0d8f518072f3e1cc4f4ce8ac1d576e
dimension,looker:analytics:field:web_events_fact:event_id,web_events_fact,,event_id,dimension:column,mechanical,Low,,views/web_events_fact.view.lkml,39,82b3ab594f0d8f518072f3e1cc4f4ce8ac1d576e
dimension,looker:analytics:field:web_events_fact:event_in_session_seq,web_events_fact,,event_in_session_seq,dimension:column,mechanical,Low,,views/web_events_fact.view.lkml,46,82b3ab594f0d8f518072f3e1cc4f4ce8ac1d576e
dimension,looker:analytics:field:web_events_fact:event_number,web_events_fact,,event_number,dimension:column,mechanical,Low,,views/web_events_fact.view.lkml,54,82b3ab594f0d8f518072f3e1cc4f4ce8ac1d576e
dimension,looker:analytics:field:web_events_fact:event_seq,web_events_fact,,event_seq,dimension:column,mechanical,Low,,views/web_events_fact.view.lkml,477,82b3ab594f0d8f518072f3e1cc4f4ce8ac1d576e
dimension,looker:analytics:field:web_events_fact:event_type,web_events_fact,,event_type,dimension:column,mechanical,Low,,views/web_events_fact.view.lkml,86,82b3ab594f0d8f518072f3e1cc4f4ce8ac1d576e
dimension,looker:analytics:field:web_events_fact:gclid,web_events_fact,,gclid,dimension:column,mechanical,Low,,views/web_events_fact.view.lkml,484,82b3ab594f0d8f518072f3e1cc4f4ce8ac1d576e
dimension,looker:analytics:field:web_events_fact:ip,web_events_fact,,ip,dimension:column,mechanical,Low,,views/web_events_fact.view.lkml,491,82b3ab594f0d8f518072f3e1cc4f4ce8ac1d576e
dimension,looker:analytics:field:web_events_fact:is_conversion_event,web_events_fact,,is_conversion_event,dimension:derived,mechanical,Low,,views/web_events_fact.view.lkml,200,82b3ab594f0d8f518072f3e1cc4f4ce8ac1d576e
dimension,looker:analytics:field:web_events_fact:is_goal_achieved,web_events_fact,,is_goal_achieved,dimension:column,mechanical,Low,,views/web_events_fact.view.lkml,207,82b3ab594f0d8f518072f3e1cc4f4ce8ac1d576e
dimension,looker:analytics:field:web_events_fact:isp,web_events_fact,,isp,dimension:column,mechanical,Low,,views/web_events_fact.view.lkml,597,82b3ab594f0d8f518072f3e1cc4f4ce8ac1d576e
dimension,looker:analytics:field:web_events_fact:latitude,web_events_fact,,latitude,dimension:column,mechanical,Low,,views/web_events_fact.view.lkml,602,82b3ab594f0d8f518072f3e1cc4f4ce8ac1d576e
dimension,looker:analytics:field:web_events_fact:locale_code,web_events_fact,,locale_code,dimension:column,mechanical,Low,,views/web_events_fact.view.lkml,101,82b3ab594f0d8f518072f3e1cc4f4ce8ac1d576e
dimension,looker:analytics:field:web_events_fact:longitude,web_events_fact,,longitude,dimension:column,mechanical,Low,,views/web_events_fact.view.lkml,108,82b3ab594f0d8f518072f3e1cc4f4ce8ac1d576e
dimension,looker:analytics:field:web_events_fact:map_location,web_events_fact,,map_location,dimension:location,redesign,High,type: location has no Omni equivalent,views/web_events_fact.view.lkml,93,82b3ab594f0d8f518072f3e1cc4f4ce8ac1d576e
dimension,looker:analytics:field:web_events_fact:metro_code,web_events_fact,,metro_code,dimension:column,mechanical,Low,,views/web_events_fact.view.lkml,115,82b3ab594f0d8f518072f3e1cc4f4ce8ac1d576e
dimension,looker:analytics:field:web_events_fact:months_since_page_published,web_events_fact,,months_since_page_published,dimension:column,mechanical,Low,,views/web_events_fact.view.lkml,144,82b3ab594f0d8f518072f3e1cc4f4ce8ac1d576e
dimension,looker:analytics:field:web_events_fact:network,web_events_fact,,network,dimension:column,mechanical,Low,,views/web_events_fact.view.lkml,122,82b3ab594f0d8f518072f3e1cc4f4ce8ac1d576e
dimension,looker:analytics:field:web_events_fact:page_category,web_events_fact,,page_category,dimension:column,mechanical,Low,,views/web_events_fact.view.lkml,186,82b3ab594f0d8f518072f3e1cc4f4ce8ac1d576e
dimension,looker:analytics:field:web_events_fact:page_title,web_events_fact,,page_title,dimension:column,mechanical,Low,,views/web_events_fact.view.lkml,129,82b3ab594f0d8f518072f3e1cc4f4ce8ac1d576e
dimension,looker:analytics:field:web_events_fact:page_total_page_views,web_events_fact,,page_total_page_views,dimension:column,mechanical,Low,,views/web_events_fact.view.lkml,151,82b3ab594f0d8f518072f3e1cc4f4ce8ac1d576e
dimension,looker:analytics:field:web_events_fact:page_total_unique_viewers,web_events_fact,,page_total_unique_viewers,dimension:column,mechanical,Low,,views/web_events_fact.view.lkml,158,82b3ab594f0d8f518072f3e1cc4f4ce8ac1d576e
dimension,looker:analytics:field:web_events_fact:page_type,web_events_fact,,page_type,dimension:column,mechanical,Low,,views/web_events_fact.view.lkml,577,82b3ab594f0d8f518072f3e1cc4f4ce8ac1d576e
dimension,looker:analytics:field:web_events_fact:page_url,web_events_fact,,page_url,dimension:column,mechanical,Low,,views/web_events_fact.view.lkml,165,82b3ab594f0d8f518072f3e1cc4f4ce8ac1d576e
dimension,looker:analytics:field:web_events_fact:page_url_host,web_events_fact,,page_url_host,dimension:column,mechanical,Low,,views/web_events_fact.view.lkml,172,82b3ab594f0d8f518072f3e1cc4f4ce8ac1d576e
dimension,looker:analytics:field:web_events_fact:page_url_path,web_events_fact,,page_url_path,dimension:column,mechanical,Low,,views/web_events_fact.view.lkml,179,82b3ab594f0d8f518072f3e1cc4f4ce8ac1d576e
dimension,looker:analytics:field:web_events_fact:partner,web_events_fact,,partner,dimension:column,mechanical,Low,,views/web_events_fact.view.lkml,547,82b3ab594f0d8f518072f3e1cc4f4ce8ac1d576e
dimension,looker:analytics:field:web_events_fact:postal_code,web_events_fact,,postal_code,dimension:column,mechanical,Low,,views/web_events_fact.view.lkml,289,82b3ab594f0d8f518072f3e1cc4f4ce8ac1d576e
dimension,looker:analytics:field:web_events_fact:prev_event_type,web_events_fact,,prev_event_type,dimension:column,mechanical,Low,,views/web_events_fact.view.lkml,309,82b3ab594f0d8f518072f3e1cc4f4ce8ac1d576e
dimension,looker:analytics:field:web_events_fact:referrer,web_events_fact,,referrer,dimension:derived,mechanical,Low,,views/web_events_fact.view.lkml,505,82b3ab594f0d8f518072f3e1cc4f4ce8ac1d576e
dimension,looker:analytics:field:web_events_fact:referrer_article_stub,web_events_fact,,referrer_article_stub,dimension:derived,mechanical,Low,,views/web_events_fact.view.lkml,519,82b3ab594f0d8f518072f3e1cc4f4ce8ac1d576e
dimension,looker:analytics:field:web_events_fact:referrer_domain,web_events_fact,,referrer_domain,dimension:column,mechanical,Low,,views/web_events_fact.view.lkml,532,82b3ab594f0d8f518072f3e1cc4f4ce8ac1d576e
dimension,looker:analytics:field:web_events_fact:referrer_host,web_events_fact,,referrer_host,dimension:column,mechanical,Low,,views/web_events_fact.view.lkml,498,82b3ab594f0d8f518072f3e1cc4f4ce8ac1d576e
dimension,looker:analytics:field:web_events_fact:referrer_source,web_events_fact,,referrer_source,dimension:derived,mechanical,Low,,views/web_events_fact.view.lkml,512,82b3ab594f0d8f518072f3e1cc4f4ce8ac1d576e
dimension,looker:analytics:field:web_events_fact:region,web_events_fact,,region,dimension:column,mechanical,Low,,views/web_events_fact.view.lkml,608,82b3ab594f0d8f518072f3e1cc4f4ce8ac1d576e
dimension,looker:analytics:field:web_events_fact:region_code,web_events_fact,,region_code,dimension:column,mechanical,Low,,views/web_events_fact.view.lkml,613,82b3ab594f0d8f518072f3e1cc4f4ce8ac1d576e
dimension,looker:analytics:field:web_events_fact:screen_resolution,web_events_fact,,screen_resolution,dimension:column,mechanical,Low,,views/web_events_fact.view.lkml,537,82b3ab594f0d8f518072f3e1cc4f4ce8ac1d576e
dimension,looker:analytics:field:web_events_fact:search,web_events_fact,,search,dimension:column,mechanical,Low,,views/web_events_fact.view.lkml,317,82b3ab594f0d8f518072f3e1cc4f4ce8ac1d576e
dimension,looker:analytics:field:web_events_fact:session_id,web_events_fact,,session_id,dimension:column,mechanical,Low,,views/web_events_fact.view.lkml,325,82b3ab594f0d8f518072f3e1cc4f4ce8ac1d576e
dimension,looker:analytics:field:web_events_fact:site,web_events_fact,,site,dimension:column,mechanical,Low,,views/web_events_fact.view.lkml,332,82b3ab594f0d8f518072f3e1cc4f4ce8ac1d576e
dimension,looker:analytics:field:web_events_fact:time_on_page_secs,web_events_fact,,time_on_page_secs,dimension:column,mechanical,Low,,views/web_events_fact.view.lkml,399,82b3ab594f0d8f518072f3e1cc4f4ce8ac1d576e
dimension,looker:analytics:field:web_events_fact:time_zone,web_events_fact,,time_zone,dimension:column,mechanical,Low,,views/web_events_fact.view.lkml,406,82b3ab594f0d8f518072f3e1cc4f4ce8ac1d576e
dimension,looker:analytics:field:web_events_fact:timezone,web_events_fact,,timezone,dimension:column,mechanical,Low,,views/web_events_fact.view.lkml,618,82b3ab594f0d8f518072f3e1cc4f4ce8ac1d576e
dimension,looker:analytics:field:web_events_fact:user_id,web_events_fact,,user_id,dimension:column,mechanical,Low,,views/web_events_fact.view.lkml,413,82b3ab594f0d8f518072f3e1cc4f4ce8ac1d576e
dimension,looker:analytics:field:web_events_fact:utm_campaign,web_events_fact,,utm_campaign,dimension:column,mechanical,Low,,views/web_events_fact.view.lkml,420,82b3ab594f0d8f518072f3e1cc4f4ce8ac1d576e
dimension,looker:analytics:field:web_events_fact:utm_content,web_events_fact,,utm_content,dimension:column,mechanical,Low,,views/web_events_fact.view.lkml,428,82b3ab594f0d8f518072f3e1cc4f4ce8ac1d576e
dimension,looker:analytics:field:web_events_fact:utm_medium,web_events_fact,,utm_medium,dimension:column,mechanical,Low,,views/web_events_fact.view.lkml,436,82b3ab594f0d8f518072f3e1cc4f4ce8ac1d576e
dimension,looker:analytics:field:web_events_fact:utm_source,web_events_fact,,utm_source,dimension:column,mechanical,Low,,views/web_events_fact.view.lkml,444,82b3ab594f0d8f518072f3e1cc4f4ce8ac1d576e
dimension,looker:analytics:field:web_events_fact:utm_term,web_events_fact,,utm_term,dimension:column,mechanical,Low,,views/web_events_fact.view.lkml,452,82b3ab594f0d8f518072f3e1cc4f4ce8ac1d576e
dimension,looker:analytics:field:web_events_fact:viewport_size,web_events_fact,,viewport_size,dimension:column,mechanical,Low,,views/web_events_fact.view.lkml,542,82b3ab594f0d8f518072f3e1cc4f4ce8ac1d576e
dimension,looker:analytics:field:web_events_fact:visit_value,web_events_fact,,visit_value,dimension:derived,mechanical,Low,,views/web_events_fact.view.lkml,193,82b3ab594f0d8f518072f3e1cc4f4ce8ac1d576e
dimension,looker:analytics:field:web_events_fact:visitor_id,web_events_fact,,visitor_id,dimension:column,mechanical,Low,,views/web_events_fact.view.lkml,460,82b3ab594f0d8f518072f3e1cc4f4ce8ac1d576e
dimension,looker:analytics:field:web_events_fact:web_events_pk,web_events_fact,,web_events_pk,dimension:column,mechanical,Low,,views/web_events_fact.view.lkml,468,82b3ab594f0d8f518072f3e1cc4f4ce8ac1d576e
dimension,looker:analytics:field:web_sessions_fact:blended_user_id,web_sessions_fact,,blended_user_id,dimension:column,mechanical,Low,,views/web_sessions_fact.view.lkml,156,82b3ab594f0d8f518072f3e1cc4f4ce8ac1d576e
dimension,looker:analytics:field:web_sessions_fact:channel,web_sessions_fact,,channel,dimension:derived,mechanical,Low,,views/web_sessions_fact.view.lkml,530,82b3ab594f0d8f518072f3e1cc4f4ce8ac1d576e
dimension,looker:analytics:field:web_sessions_fact:channel_category,web_sessions_fact,,channel_category,dimension:derived,mechanical,Low,,views/web_sessions_fact.view.lkml,546,82b3ab594f0d8f518072f3e1cc4f4ce8ac1d576e
dimension,looker:analytics:field:web_sessions_fact:company_name,web_sessions_fact,,company_name,dimension:column,mechanical,Low,,views/web_sessions_fact.view.lkml,164,82b3ab594f0d8f518072f3e1cc4f4ce8ac1d576e
dimension,looker:analytics:field:web_sessions_fact:device,web_sessions_fact,,device,dimension:column,mechanical,Low,,views/web_sessions_fact.view.lkml,170,82b3ab594f0d8f518072f3e1cc4f4ce8ac1d576e
dimension,looker:analytics:field:web_sessions_fact:device_category,web_sessions_fact,,device_category,dimension:column,mechanical,Low,,views/web_sessions_fact.view.lkml,177,82b3ab594f0d8f518072f3e1cc4f4ce8ac1d576e
dimension,looker:analytics:field:web_sessions_fact:duration_in_s,web_sessions_fact,,duration_in_s,dimension:column,mechanical,Low,,views/web_sessions_fact.view.lkml,184,82b3ab594f0d8f518072f3e1cc4f4ce8ac1d576e
dimension,looker:analytics:field:web_sessions_fact:duration_in_s_tier,web_sessions_fact,,duration_in_s_tier,dimension:column,mechanical,Low,,views/web_sessions_fact.view.lkml,191,82b3ab594f0d8f518072f3e1cc4f4ce8ac1d576e
dimension,looker:analytics:field:web_sessions_fact:events,web_sessions_fact,,events,dimension:column,mechanical,Low,,views/web_sessions_fact.view.lkml,246,82b3ab594f0d8f518072f3e1cc4f4ce8ac1d576e
dimension,looker:analytics:field:web_sessions_fact:first_page_category,web_sessions_fact,,first_page_category,dimension:derived,mechanical,Low,,views/web_sessions_fact.view.lkml,268,82b3ab594f0d8f518072f3e1cc4f4ce8ac1d576e
dimension,looker:analytics:field:web_sessions_fact:first_page_title,web_sessions_fact,,first_page_title,dimension:column,mechanical,Low,,views/web_sessions_fact.view.lkml,260,82b3ab594f0d8f518072f3e1cc4f4ce8ac1d576e
dimension,looker:analytics:field:web_sessions_fact:first_page_url,web_sessions_fact,,first_page_url,dimension:derived,mechanical,Low,,views/web_sessions_fact.view.lkml,292,82b3ab594f0d8f518072f3e1cc4f4ce8ac1d576e
dimension,looker:analytics:field:web_sessions_fact:first_page_url_host,web_sessions_fact,,first_page_url_host,dimension:column,mechanical,Low,,views/web_sessions_fact.view.lkml,300,82b3ab594f0d8f518072f3e1cc4f4ce8ac1d576e
dimension,looker:analytics:field:web_sessions_fact:first_page_url_path,web_sessions_fact,,first_page_url_path,dimension:derived,mechanical,Low,,views/web_sessions_fact.view.lkml,308,82b3ab594f0d8f518072f3e1cc4f4ce8ac1d576e
dimension,looker:analytics:field:web_sessions_fact:gclid,web_sessions_fact,,gclid,dimension:column,mechanical,Low,,views/web_sessions_fact.view.lkml,315,82b3ab594f0d8f518072f3e1cc4f4ce8ac1d576e
dimension,looker:analytics:field:web_sessions_fact:is_bounced_session,web_sessions_fact,,is_bounced_session,dimension:column,mechanical,Low,,views/web_sessions_fact.view.lkml,322,82b3ab594f0d8f518072f3e1cc4f4ce8ac1d576e
dimension,looker:analytics:field:web_sessions_fact:is_converted_user,web_sessions_fact,,is_converted_user,dimension:column,mechanical,Low,,views/web_sessions_fact.view.lkml,516,82b3ab594f0d8f518072f3e1cc4f4ce8ac1d576e
dimension,looker:analytics:field:web_sessions_fact:is_converting_session,web_sessions_fact,,is_converting_session,dimension:column,mechanical,Low,,views/web_sessions_fact.view.lkml,523,82b3ab594f0d8f518072f3e1cc4f4ce8ac1d576e
dimension,looker:analytics:field:web_sessions_fact:last_page_category,web_sessions_fact,,last_page_category,dimension:derived,mechanical,Low,,views/web_sessions_fact.view.lkml,345,82b3ab594f0d8f518072f3e1cc4f4ce8ac1d576e
dimension,looker:analytics:field:web_sessions_fact:last_page_title,web_sessions_fact,,last_page_title,dimension:column,mechanical,Low,,views/web_sessions_fact.view.lkml,329,82b3ab594f0d8f518072f3e1cc4f4ce8ac1d576e
dimension,looker:analytics:field:web_sessions_fact:last_page_url,web_sessions_fact,,last_page_url,dimension:derived,mechanical,Low,,views/web_sessions_fact.view.lkml,337,82b3ab594f0d8f518072f3e1cc4f4ce8ac1d576e
dimension,looker:analytics:field:web_sessions_fact:last_page_url_host,web_sessions_fact,,last_page_url_host,dimension:column,mechanical,Low,,views/web_sessions_fact.view.lkml,369,82b3ab594f0d8f518072f3e1cc4f4ce8ac1d576e
dimension,looker:analytics:field:web_sessions_fact:last_page_url_path,web_sessions_fact,,last_page_url_path,dimension:derived,mechanical,Low,,views/web_sessions_fact.view.lkml,377,82b3ab594f0d8f518072f3e1cc4f4ce8ac1d576e
dimension,looker:analytics:field:web_sessions_fact:mins_between_sessions,web_sessions_fact,,mins_between_sessions,dimension:column,mechanical,Low,,views/web_sessions_fact.view.lkml,385,82b3ab594f0d8f518072f3e1cc4f4ce8ac1d576e
dimension,looker:analytics:field:web_sessions_fact:new_or_returning_user,web_sessions_fact,,new_or_returning_user,dimension:derived,mechanical,Low,,views/web_sessions_fact.view.lkml,501,82b3ab594f0d8f518072f3e1cc4f4ce8ac1d576e
dimension,looker:analytics:field:web_sessions_fact:period,web_sessions_fact,,period,dimension:liquid,redesign,High,Liquid in sql or label: templated filter or dashboard control,views/web_sessions_fact.view.lkml,46,82b3ab594f0d8f518072f3e1cc4f4ce8ac1d576e
dimension,looker:analytics:field:web_sessions_fact:periods_ago,web_sessions_fact,,periods_ago,dimension:derived,mechanical,Low,,views/web_sessions_fact.view.lkml,466,82b3ab594f0d8f518072f3e1cc4f4ce8ac1d576e
dimension,looker:analytics:field:web_sessions_fact:referrer,web_sessions_fact,,referrer,dimension:derived,mechanical,Low,,views/web_sessions_fact.view.lkml,198,82b3ab594f0d8f518072f3e1cc4f4ce8ac1d576e
dimension,looker:analytics:field:web_sessions_fact:referrer_article_stub,web_sessions_fact,,referrer_article_stub,dimension:derived,mechanical,Low,,views/web_sessions_fact.view.lkml,220,82b3ab594f0d8f518072f3e1cc4f4ce8ac1d576e
dimension,looker:analytics:field:web_sessions_fact:referrer_days_since_post,web_sessions_fact,,referrer_days_since_post,dimension,assisted,Medium,cross-view field reference (page_first_published): confirm every exposing topic joins it,views/web_sessions_fact.view.lkml,230,82b3ab594f0d8f518072f3e1cc4f4ce8ac1d576e
dimension,looker:analytics:field:web_sessions_fact:referrer_days_since_post_tier,web_sessions_fact,,referrer_days_since_post_tier,dimension:tier,mechanical,Low,,views/web_sessions_fact.view.lkml,237,82b3ab594f0d8f518072f3e1cc4f4ce8ac1d576e
dimension,looker:analytics:field:web_sessions_fact:referrer_host,web_sessions_fact,,referrer_host,dimension:column,mechanical,Low,,views/web_sessions_fact.view.lkml,392,82b3ab594f0d8f518072f3e1cc4f4ce8ac1d576e
dimension,looker:analytics:field:web_sessions_fact:referrer_medium,web_sessions_fact,,referrer_medium,dimension:column,mechanical,Low,,views/web_sessions_fact.view.lkml,399,82b3ab594f0d8f518072f3e1cc4f4ce8ac1d576e
dimension,looker:analytics:field:web_sessions_fact:referrer_source,web_sessions_fact,,referrer_source,dimension:derived,mechanical,Low,,views/web_sessions_fact.view.lkml,205,82b3ab594f0d8f518072f3e1cc4f4ce8ac1d576e
dimension,looker:analytics:field:web_sessions_fact:retail_month,web_sessions_fact,,retail_month,dimension:derived,mechanical,Low,,views/web_sessions_fact.view.lkml,10,82b3ab594f0d8f518072f3e1cc4f4ce8ac1d576e
dimension,looker:analytics:field:web_sessions_fact:retail_week,web_sessions_fact,,retail_week,dimension:derived,mechanical,Low,,views/web_sessions_fact.view.lkml,5,82b3ab594f0d8f518072f3e1cc4f4ce8ac1d576e
dimension,looker:analytics:field:web_sessions_fact:retail_year,web_sessions_fact,,retail_year,dimension:derived,mechanical,Low,,views/web_sessions_fact.view.lkml,15,82b3ab594f0d8f518072f3e1cc4f4ce8ac1d576e
dimension,looker:analytics:field:web_sessions_fact:search,web_sessions_fact,,search,dimension:column,mechanical,Low,,views/web_sessions_fact.view.lkml,406,82b3ab594f0d8f518072f3e1cc4f4ce8ac1d576e
dimension,looker:analytics:field:web_sessions_fact:session_id,web_sessions_fact,,session_id,dimension:column,mechanical,Low,,views/web_sessions_fact.view.lkml,434,82b3ab594f0d8f518072f3e1cc4f4ce8ac1d576e
dimension,looker:analytics:field:web_sessions_fact:session_utm_campaign,web_sessions_fact,,session_utm_campaign,dimension:derived,mechanical,Low,,views/web_sessions_fact.view.lkml,555,82b3ab594f0d8f518072f3e1cc4f4ce8ac1d576e
dimension,looker:analytics:field:web_sessions_fact:session_utm_content,web_sessions_fact,,session_utm_content,dimension:column,mechanical,Low,,views/web_sessions_fact.view.lkml,563,82b3ab594f0d8f518072f3e1cc4f4ce8ac1d576e
dimension,looker:analytics:field:web_sessions_fact:session_utm_medium,web_sessions_fact,,session_utm_medium,dimension:derived,mechanical,Low,,views/web_sessions_fact.view.lkml,571,82b3ab594f0d8f518072f3e1cc4f4ce8ac1d576e
dimension,looker:analytics:field:web_sessions_fact:session_utm_source,web_sessions_fact,,session_utm_source,dimension:derived,mechanical,Low,,views/web_sessions_fact.view.lkml,579,82b3ab594f0d8f518072f3e1cc4f4ce8ac1d576e
dimension,looker:analytics:field:web_sessions_fact:session_utm_term,web_sessions_fact,,session_utm_term,dimension:column,mechanical,Low,,views/web_sessions_fact.view.lkml,587,82b3ab594f0d8f518072f3e1cc4f4ce8ac1d576e
dimension,looker:analytics:field:web_sessions_fact:user_session_number,web_sessions_fact,,user_session_number,dimension:column,mechanical,Low,,views/web_sessions_fact.view.lkml,494,82b3ab594f0d8f518072f3e1cc4f4ce8ac1d576e
dimension,looker:analytics:field:web_sessions_fact:web_sessions_pk,web_sessions_fact,,web_sessions_pk,dimension:column,mechanical,Low,,views/web_sessions_fact.view.lkml,508,82b3ab594f0d8f518072f3e1cc4f4ce8ac1d576e
dimension,looker:analytics:field:website_leads:Company_Name,website_leads,,Company_Name,dimension:column,mechanical,Low,,views/website_leads.view.lkml,108,82b3ab594f0d8f518072f3e1cc4f4ce8ac1d576e
dimension,looker:analytics:field:website_leads:Company_Size,website_leads,,Company_Size,dimension:column,mechanical,Low,,views/website_leads.view.lkml,118,82b3ab594f0d8f518072f3e1cc4f4ce8ac1d576e
dimension,looker:analytics:field:website_leads:Vertical,website_leads,,Vertical,dimension:column,mechanical,Low,,views/website_leads.view.lkml,113,82b3ab594f0d8f518072f3e1cc4f4ce8ac1d576e
dimension,looker:analytics:field:website_leads:canceled,website_leads,,canceled,dimension:column,mechanical,Low,,views/website_leads.view.lkml,96,82b3ab594f0d8f518072f3e1cc4f4ce8ac1d576e
dimension,looker:analytics:field:website_leads:category,website_leads,,category,dimension:column,mechanical,Low,,views/website_leads.view.lkml,58,82b3ab594f0d8f518072f3e1cc4f4ce8ac1d576e
dimension,looker:analytics:field:website_leads:closed_won_,website_leads,,closed_won_,dimension:column,mechanical,Low,,views/website_leads.view.lkml,72,82b3ab594f0d8f518072f3e1cc4f4ce8ac1d576e
dimension,looker:analytics:field:website_leads:enquiry,website_leads,,enquiry,dimension:column,mechanical,Low,,views/website_leads.view.lkml,52,82b3ab594f0d8f518072f3e1cc4f4ce8ac1d576e
dimension,looker:analytics:field:website_leads:event_type,website_leads,,event_type,dimension:derived,mechanical,Low,,views/website_leads.view.lkml,35,82b3ab594f0d8f518072f3e1cc4f4ce8ac1d576e
dimension,looker:analytics:field:website_leads:invitee_email,website_leads,,invitee_email,dimension:column,mechanical,Low,,views/website_leads.view.lkml,19,82b3ab594f0d8f518072f3e1cc4f4ce8ac1d576e
dimension,looker:analytics:field:website_leads:invitee_name,website_leads,,invitee_name,dimension:column,mechanical,Low,,views/website_leads.view.lkml,24,82b3ab594f0d8f518072f3e1cc4f4ce8ac1d576e
dimension,looker:analytics:field:website_leads:meeting_purpose,website_leads,,meeting_purpose,dimension:column,mechanical,Low,,views/website_leads.view.lkml,103,82b3ab594f0d8f518072f3e1cc4f4ce8ac1d576e
dimension,looker:analytics:field:website_leads:pk,website_leads,,pk,dimension:derived,mechanical,Low,,views/website_leads.view.lkml,13,82b3ab594f0d8f518072f3e1cc4f4ce8ac1d576e
dimension,looker:analytics:field:website_leads:proposal_sent,website_leads,,proposal_sent,dimension:column,mechanical,Low,,views/website_leads.view.lkml,124,82b3ab594f0d8f518072f3e1cc4f4ce8ac1d576e
dimension,looker:analytics:field:website_leads:sales_qualified,website_leads,,sales_qualified,dimension:column,mechanical,Low,,views/website_leads.view.lkml,65,82b3ab594f0d8f518072f3e1cc4f4ce8ac1d576e
dimension,looker:analytics:field:website_leads:start_date___time,website_leads,,start_date___time,dimension:column,mechanical,Low,,views/website_leads.view.lkml,29,82b3ab594f0d8f518072f3e1cc4f4ce8ac1d576e
dimension,looker:analytics:field:wh_sessions_attribution:blended_user_id,wh_sessions_attribution,,blended_user_id,dimension:column,mechanical,Low,,views/wh_sessions_attribution.view.lkml,35,82b3ab594f0d8f518072f3e1cc4f4ce8ac1d576e
dimension,looker:analytics:field:wh_sessions_attribution:count_even_click_first_conversions,wh_sessions_attribution,,count_even_click_first_conversions,dimension:column,mechanical,Low,,views/wh_sessions_attribution.view.lkml,128,82b3ab594f0d8f518072f3e1cc4f4ce8ac1d576e
dimension,looker:analytics:field:wh_sessions_attribution:count_first_click_first_conversions,wh_sessions_attribution,,count_first_click_first_conversions,dimension:column,mechanical,Low,,views/wh_sessions_attribution.view.lkml,107,82b3ab594f0d8f518072f3e1cc4f4ce8ac1d576e
dimension,looker:analytics:field:wh_sessions_attribution:count_first_click_goals_achieved,wh_sessions_attribution,,count_first_click_goals_achieved,dimension:column,mechanical,Low,,views/wh_sessions_attribution.view.lkml,67,82b3ab594f0d8f518072f3e1cc4f4ce8ac1d576e
dimension,looker:analytics:field:wh_sessions_attribution:count_first_click_repeat_conversions,wh_sessions_attribution,,count_first_click_repeat_conversions,dimension:column,mechanical,Low,,views/wh_sessions_attribution.view.lkml,142,82b3ab594f0d8f518072f3e1cc4f4ce8ac1d576e
dimension,looker:analytics:field:wh_sessions_attribution:count_first_non_direct_click_first_conversions,wh_sessions_attribution,,count_first_non_direct_click_first_conversions,dimension:column,mechanical,Low,,views/wh_sessions_attribution.view.lkml,114,82b3ab594f0d8f518072f3e1cc4f4ce8ac1d576e
dimension,looker:analytics:field:wh_sessions_attribution:count_first_non_direct_click_goals_achieved,wh_sessions_attribution,,count_first_non_direct_click_goals_achieved,dimension:column,mechanical,Low,,views/wh_sessions_attribution.view.lkml,93,82b3ab594f0d8f518072f3e1cc4f4ce8ac1d576e
dimension,looker:analytics:field:wh_sessions_attribution:count_first_non_direct_click_repeat_conversions,wh_sessions_attribution,,count_first_non_direct_click_repeat_conversions,dimension:column,mechanical,Low,,views/wh_sessions_attribution.view.lkml,149,82b3ab594f0d8f518072f3e1cc4f4ce8ac1d576e
dimension,looker:analytics:field:wh_sessions_attribution:count_first_paid_click_first_conversions,wh_sessions_attribution,,count_first_paid_click_first_conversions,dimension:column,mechanical,Low,,views/wh_sessions_attribution.view.lkml,135,82b3ab594f0d8f518072f3e1cc4f4ce8ac1d576e
dimension,looker:analytics:field:wh_sessions_attribution:count_first_paid_click_goals_achieved,wh_sessions_attribution,,count_first_paid_click_goals_achieved,dimension:column,mechanical,Low,,views/wh_sessions_attribution.view.lkml,100,82b3ab594f0d8f518072f3e1cc4f4ce8ac1d576e
dimension,looker:analytics:field:wh_sessions_attribution:count_first_paid_click_repeat_conversions,wh_sessions_attribution,,count_first_paid_click_repeat_conversions,dimension:column,mechanical,Low,,views/wh_sessions_attribution.view.lkml,156,82b3ab594f0d8f518072f3e1cc4f4ce8ac1d576e
dimension,looker:analytics:field:wh_sessions_attribution:count_last_non_direct_click_first_conversions,wh_sessions_attribution,,count_last_non_direct_click_first_conversions,dimension:column,mechanical,Low,,views/wh_sessions_attribution.view.lkml,121,82b3ab594f0d8f518072f3e1cc4f4ce8ac1d576e
dimension,looker:analytics:field:wh_sessions_attribution:total_converter_first_order_revenue,wh_sessions_attribution,,total_converter_first_order_revenue,dimension:column,mechanical,Low,,views/wh_sessions_attribution.view.lkml,51,82b3ab594f0d8f518072f3e1cc4f4ce8ac1d576e
dimension,looker:analytics:field:wh_sessions_attribution:total_converter_ltv_revenue,wh_sessions_attribution,,total_converter_ltv_revenue,dimension:column,mechanical,Low,,views/wh_sessions_attribution.view.lkml,41,82b3ab594f0d8f518072f3e1cc4f4ce8ac1d576e
dimension,looker:analytics:field:wh_sessions_attribution:web_session_fk,wh_sessions_attribution,,web_session_fk,dimension:column,mechanical,Low,,views/wh_sessions_attribution.view.lkml,28,82b3ab594f0d8f518072f3e1cc4f4ce8ac1d576e
dimension,looker:analytics:field:workstations_dim:agentic_framework_event_count,workstations_dim,,agentic_framework_event_count,dimension:column,mechanical,Low,,views/workstations_dim.view.lkml,107,82b3ab594f0d8f518072f3e1cc4f4ce8ac1d576e
dimension,looker:analytics:field:workstations_dim:agentic_framework_telemetry_user_id,workstations_dim,,agentic_framework_telemetry_user_id,dimension:column,mechanical,Low,,views/workstations_dim.view.lkml,31,82b3ab594f0d8f518072f3e1cc4f4ce8ac1d576e
dimension,looker:analytics:field:workstations_dim:coding_agent_distinct_project_dirs,workstations_dim,,coding_agent_distinct_project_dirs,dimension:column,mechanical,Low,,views/workstations_dim.view.lkml,121,82b3ab594f0d8f518072f3e1cc4f4ce8ac1d576e
dimension,looker:analytics:field:workstations_dim:coding_agent_prompt_count,workstations_dim,,coding_agent_prompt_count,dimension:column,mechanical,Low,,views/workstations_dim.view.lkml,114,82b3ab594f0d8f518072f3e1cc4f4ce8ac1d576e
dimension,looker:analytics:field:workstations_dim:consultant_email,workstations_dim,,consultant_email,dimension:column,mechanical,Low,,views/workstations_dim.view.lkml,17,82b3ab594f0d8f518072f3e1cc4f4ce8ac1d576e
dimension,looker:analytics:field:workstations_dim:consultant_fk,workstations_dim,,consultant_fk,dimension:column,mechanical,Low,,views/workstations_dim.view.lkml,11,82b3ab594f0d8f518072f3e1cc4f4ce8ac1d576e
dimension,looker:analytics:field:workstations_dim:has_agentic_framework_activity,workstations_dim,,has_agentic_framework_activity,dimension:column,mechanical,Low,,views/workstations_dim.view.lkml,128,82b3ab594f0d8f518072f3e1cc4f4ce8ac1d576e
dimension,looker:analytics:field:workstations_dim:has_coding_agent_activity,workstations_dim,,has_coding_agent_activity,dimension:column,mechanical,Low,,views/workstations_dim.view.lkml,135,82b3ab594f0d8f518072f3e1cc4f4ce8ac1d576e
dimension,looker:analytics:field:workstations_dim:hostname,workstations_dim,,hostname,dimension:column,mechanical,Low,,views/workstations_dim.view.lkml,24,82b3ab594f0d8f518072f3e1cc4f4ce8ac1d576e
dimension,looker:analytics:field:workstations_dim:os,workstations_dim,,os,dimension:column,mechanical,Low,,views/workstations_dim.view.lkml,38,82b3ab594f0d8f518072f3e1cc4f4ce8ac1d576e
dimension,looker:analytics:field:workstations_dim:plugin_version_first,workstations_dim,,plugin_version_first,dimension:column,mechanical,Low,,views/workstations_dim.view.lkml,45,82b3ab594f0d8f518072f3e1cc4f4ce8ac1d576e
dimension,looker:analytics:field:workstations_dim:plugin_version_last,workstations_dim,,plugin_version_last,dimension:column,mechanical,Low,,views/workstations_dim.view.lkml,52,82b3ab594f0d8f518072f3e1cc4f4ce8ac1d576e
dimension,looker:analytics:field:workstations_dim:workstation_pk,workstations_dim,,workstation_pk,dimension:column,mechanical,Low,,views/workstations_dim.view.lkml,4,82b3ab594f0d8f518072f3e1cc4f4ce8ac1d576e
dimension_group,looker:analytics:field:actuals_v_targets:month,actuals_v_targets,,month,dimension_group:time,assisted,Medium,"timeframes with no Omni equivalent dropped: fiscal_month_num, fiscal_quarter_of_year",views/actuals_v_targets.view.lkml,100,82b3ab594f0d8f518072f3e1cc4f4ce8ac1d576e
dimension_group,looker:analytics:field:ad_campaign_performance_fact:campaign,ad_campaign_performance_fact,,campaign,dimension_group:time,mechanical,Low,,views/ad_campaign_performance_fact.view.lkml,46,82b3ab594f0d8f518072f3e1cc4f4ce8ac1d576e
dimension_group,looker:analytics:field:ad_campaigns_dim:ad_campaign_end,ad_campaigns_dim,,ad_campaign_end,dimension_group:time,mechanical,Low,,views/ad_campaigns_dim.view.lkml,5,82b3ab594f0d8f518072f3e1cc4f4ce8ac1d576e
dimension_group,looker:analytics:field:ad_campaigns_dim:ad_campaign_start,ad_campaigns_dim,,ad_campaign_start,dimension_group:time,mechanical,Low,,views/ad_campaigns_dim.view.lkml,34,82b3ab594f0d8f518072f3e1cc4f4ce8ac1d576e
dimension_group,looker:analytics:field:ad_performance_snapshot_fact:ad_snapshot_ts,ad_performance_snapshot_fact,,ad_snapshot_ts,dimension_group:time,mechanical,Low,,views/ad_performance_snapshot_fact.view.lkml,30,82b3ab594f0d8f518072f3e1cc4f4ce8ac1d576e
dimension_group,looker:analytics:field:ad_roi_summary_fact:campaign,ad_roi_summary_fact,,campaign,dimension_group:time,mechanical,Low,,views/ad_roi_summary_fact.view.lkml,360,82b3ab594f0d8f518072f3e1cc4f4ce8ac1d576e
dimension_group,looker:analytics:field:ad_roi_summary_fact:campaign_start_ts,ad_roi_summary_fact,,campaign_start_ts,dimension_group:time,mechanical,Low,,views/ad_roi_summary_fact.view.lkml,373,82b3ab594f0d8f518072f3e1cc4f4ce8ac1d576e
dimension_group,looker:analytics:field:ads_dim:ad_created_ts,ads_dim,,ad_created_ts,dimension_group:time,mechanical,Low,,views/ads_dim.view.lkml,20,82b3ab594f0d8f518072f3e1cc4f4ce8ac1d576e
dimension_group,looker:analytics:field:ads_dim:ad_last_modified_ts,ads_dim,,ad_last_modified_ts,dimension_group:time,mechanical,Low,,views/ads_dim.view.lkml,49,82b3ab594f0d8f518072f3e1cc4f4ce8ac1d576e
dimension_group,looker:analytics:field:adsets_dim:adset_created_ts,adsets_dim,,adset_created_ts,dimension_group:time,mechanical,Low,,views/adsets_dim.view.lkml,15,82b3ab594f0d8f518072f3e1cc4f4ce8ac1d576e
dimension_group,looker:analytics:field:adsets_dim:adset_end_ts,adsets_dim,,adset_end_ts,dimension_group:time,mechanical,Low,,views/adsets_dim.view.lkml,34,82b3ab594f0d8f518072f3e1cc4f4ce8ac1d576e
dimension_group,looker:analytics:field:adsets_dim:adset_last_modified_ts,adsets_dim,,adset_last_modified_ts,dimension_group:time,mechanical,Low,,views/adsets_dim.view.lkml,53,82b3ab594f0d8f518072f3e1cc4f4ce8ac1d576e
dimension_group,looker:analytics:field:adsets_dim:adset_start_ts,adsets_dim,,adset_start_ts,dimension_group:time,mechanical,Low,,views/adsets_dim.view.lkml,77,82b3ab594f0d8f518072f3e1cc4f4ce8ac1d576e
dimension_group,looker:analytics:field:anomaly_detection:event,anomaly_detection,,event,dimension_group:time,mechanical,Low,,views/anomaly_detection.view.lkml,285,82b3ab594f0d8f518072f3e1cc4f4ce8ac1d576e
dimension_group,looker:analytics:field:attribution_fact:converted_ts,attribution_fact,,converted_ts,dimension_group:time,mechanical,Low,,views/attribution_fact.view.lkml,25,82b3ab594f0d8f518072f3e1cc4f4ce8ac1d576e
dimension_group,looker:analytics:field:attribution_fact:created_account_ts,attribution_fact,,created_account_ts,dimension_group:time,mechanical,Low,,views/attribution_fact.view.lkml,44,82b3ab594f0d8f518072f3e1cc4f4ce8ac1d576e
dimension_group,looker:analytics:field:attribution_fact:session_end_ts,attribution_fact,,session_end_ts,dimension_group:time,mechanical,Low,,views/attribution_fact.view.lkml,108,82b3ab594f0d8f518072f3e1cc4f4ce8ac1d576e
dimension_group,looker:analytics:field:attribution_fact:session_start_ts,attribution_fact,,session_start_ts,dimension_group:time,mechanical,Low,,views/attribution_fact.view.lkml,132,82b3ab594f0d8f518072f3e1cc4f4ce8ac1d576e
dimension_group,looker:analytics:field:bank_transactions_fact:transaction_ts,bank_transactions_fact,,transaction_ts,dimension_group:time,mechanical,Low,,views/bank_transactions_fact.view.lkml,152,82b3ab594f0d8f518072f3e1cc4f4ce8ac1d576e
dimension_group,looker:analytics:field:bank_transactions_fact:updated_date_utc,bank_transactions_fact,,updated_date_utc,dimension_group:time,mechanical,Low,,views/bank_transactions_fact.view.lkml,176,82b3ab594f0d8f518072f3e1cc4f4ce8ac1d576e
dimension_group,looker:analytics:field:certification_progress:progress,certification_progress,,progress,dimension_group:time,mechanical,Low,,views/certification_progress.view.lkml,21,82b3ab594f0d8f518072f3e1cc4f4ce8ac1d576e
dimension_group,looker:analytics:field:coding_agent_commands_dim:first_seen,coding_agent_commands_dim,,first_seen,dimension_group:time,mechanical,Low,,views/coding_agent_commands_dim.view.lkml,43,82b3ab594f0d8f518072f3e1cc4f4ce8ac1d576e
dimension_group,looker:analytics:field:coding_agent_commands_dim:last_seen,coding_agent_commands_dim,,last_seen,dimension_group:time,mechanical,Low,,views/coding_agent_commands_dim.view.lkml,51,82b3ab594f0d8f518072f3e1cc4f4ce8ac1d576e
dimension_group,looker:analytics:field:coding_agent_prompts_fact:event,coding_agent_prompts_fact,,event,dimension_group:time,assisted,Medium,timeframes with no Omni equivalent dropped: time_of_day,views/coding_agent_prompts_fact.view.lkml,184,82b3ab594f0d8f518072f3e1cc4f4ce8ac1d576e
dimension_group,looker:analytics:field:companies_dim:company_created,companies_dim,,company_created,dimension_group:time,mechanical,Low,,views/companies_dim.view.lkml,4,82b3ab594f0d8f518072f3e1cc4f4ce8ac1d576e
dimension_group,looker:analytics:field:companies_dim:company_last_modified,companies_dim,,company_last_modified,dimension_group:time,mechanical,Low,,views/companies_dim.view.lkml,52,82b3ab594f0d8f518072f3e1cc4f4ce8ac1d576e
dimension_group,looker:analytics:field:consultant_revenue_attribution:timesheet,consultant_revenue_attribution,,timesheet,dimension_group:time,assisted,Medium,timeframes with no Omni equivalent dropped: week_of_year,views/consultant_revenue_attribution.view.lkml,150,82b3ab594f0d8f518072f3e1cc4f4ce8ac1d576e
dimension_group,looker:analytics:field:consulting_companies:timestamp,consulting_companies,,timestamp,dimension_group:time,mechanical,Low,,views/consulting_companies.view.lkml,173,82b3ab594f0d8f518072f3e1cc4f4ce8ac1d576e
dimension_group,looker:analytics:field:contact_companies_fact:company_contact_from_ts,contact_companies_fact,,company_contact_from_ts,dimension_group:time,mechanical,Low,,views/contact_companies_fact.view.lkml,24,82b3ab594f0d8f518072f3e1cc4f4ce8ac1d576e
dimension_group,looker:analytics:field:contact_companies_fact:company_contact_to_ts,contact_companies_fact,,company_contact_to_ts,dimension_group:time,mechanical,Low,,views/contact_companies_fact.view.lkml,34,82b3ab594f0d8f518072f3e1cc4f4ce8ac1d576e
dimension_group,looker:analytics:field:contact_engagements_fact:engagement_ts,contact_engagements_fact,,engagement_ts,dimension_group:time,mechanical,Low,,views/contact_engagements_fact.view.lkml,27,82b3ab594f0d8f518072f3e1cc4f4ce8ac1d576e
dimension_group,looker:analytics:field:contact_meetings_fact:meeting_ts,contact_meetings_fact,,meeting_ts,dimension_group:time,mechanical,Low,,views/contact_meetings_fact.view.lkml,87,82b3ab594f0d8f518072f3e1cc4f4ce8ac1d576e
dimension_group,looker:analytics:field:contact_nps_survey_fact:nps_survey_response_created_at_ts,contact_nps_survey_fact,,nps_survey_response_created_at_ts,dimension_group:time,mechanical,Low,,views/contact_nps_survey_fact.view.lkml,35,82b3ab594f0d8f518072f3e1cc4f4ce8ac1d576e
dimension_group,looker:analytics:field:contact_utilization_fact:forecast,contact_utilization_fact,,forecast,dimension_group:time,mechanical,Low,,views/contact_utilization_fact.view.lkml,104,82b3ab594f0d8f518072f3e1cc4f4ce8ac1d576e
dimension_group,looker:analytics:field:contacts_dim:contact_created,contacts_dim,,contact_created,dimension_group:time,mechanical,Low,,views/contacts_dim.view.lkml,130,82b3ab594f0d8f518072f3e1cc4f4ce8ac1d576e
dimension_group,looker:analytics:field:contacts_dim:contact_email_first_click,contacts_dim,,contact_email_first_click,dimension_group:time,mechanical,Low,,views/contacts_dim.view.lkml,174,82b3ab594f0d8f518072f3e1cc4f4ce8ac1d576e
dimension_group,looker:analytics:field:contacts_dim:contact_email_first_open,contacts_dim,,contact_email_first_open,dimension_group:time,mechanical,Low,,views/contacts_dim.view.lkml,182,82b3ab594f0d8f518072f3e1cc4f4ce8ac1d576e
dimension_group,looker:analytics:field:contacts_dim:contact_email_first_send,contacts_dim,,contact_email_first_send,dimension_group:time,mechanical,Low,,views/contacts_dim.view.lkml,190,82b3ab594f0d8f518072f3e1cc4f4ce8ac1d576e
dimension_group,looker:analytics:field:contacts_dim:contact_email_last_click,contacts_dim,,contact_email_last_click,dimension_group:time,mechanical,Low,,views/contacts_dim.view.lkml,205,82b3ab594f0d8f518072f3e1cc4f4ce8ac1d576e
dimension_group,looker:analytics:field:contacts_dim:contact_first_ts,contacts_dim,,contact_first_ts,dimension_group:time,mechanical,Low,,views/contacts_dim.view.lkml,234,82b3ab594f0d8f518072f3e1cc4f4ce8ac1d576e
dimension_group,looker:analytics:field:contacts_dim:contact_first_visit_ts,contacts_dim,,contact_first_visit_ts,dimension_group:time,mechanical,Low,,views/contacts_dim.view.lkml,249,82b3ab594f0d8f518072f3e1cc4f4ce8ac1d576e
dimension_group,looker:analytics:field:contacts_dim:contact_last_meeting_booked,contacts_dim,,contact_last_meeting_booked,dimension_group:time,mechanical,Low,,views/contacts_dim.view.lkml,357,82b3ab594f0d8f518072f3e1cc4f4ce8ac1d576e
dimension_group,looker:analytics:field:contacts_dim:contact_last_modified,contacts_dim,,contact_last_modified,dimension_group:time,mechanical,Low,,views/contacts_dim.view.lkml,365,82b3ab594f0d8f518072f3e1cc4f4ce8ac1d576e
dimension_group,looker:analytics:field:contacts_dim:contact_last_open,contacts_dim,,contact_last_open,dimension_group:time,mechanical,Low,,views/contacts_dim.view.lkml,387,82b3ab594f0d8f518072f3e1cc4f4ce8ac1d576e
dimension_group,looker:analytics:field:contacts_dim:contact_last_sales_activity,contacts_dim,,contact_last_sales_activity,dimension_group:time,mechanical,Low,,views/contacts_dim.view.lkml,404,82b3ab594f0d8f518072f3e1cc4f4ce8ac1d576e
dimension_group,looker:analytics:field:contacts_dim:contact_last_send,contacts_dim,,contact_last_send,dimension_group:time,mechanical,Low,,views/contacts_dim.view.lkml,412,82b3ab594f0d8f518072f3e1cc4f4ce8ac1d576e
dimension_group,looker:analytics:field:contacts_dim:contact_last_timestamp,contacts_dim,,contact_last_timestamp,dimension_group:time,mechanical,Low,,views/contacts_dim.view.lkml,420,82b3ab594f0d8f518072f3e1cc4f4ce8ac1d576e
dimension_group,looker:analytics:field:contacts_dim:contact_last_visit,contacts_dim,,contact_last_visit,dimension_group:time,mechanical,Low,,views/contacts_dim.view.lkml,433,82b3ab594f0d8f518072f3e1cc4f4ce8ac1d576e
dimension_group,looker:analytics:field:contacts_dim:contact_latest_meeting_activity,contacts_dim,,contact_latest_meeting_activity,dimension_group:time,mechanical,Low,,views/contacts_dim.view.lkml,441,82b3ab594f0d8f518072f3e1cc4f4ce8ac1d576e
dimension_group,looker:analytics:field:contacts_dim:contact_notes_last_contacted,contacts_dim,,contact_notes_last_contacted,dimension_group:time,mechanical,Low,,views/contacts_dim.view.lkml,493,82b3ab594f0d8f518072f3e1cc4f4ce8ac1d576e
dimension_group,looker:analytics:field:contacts_dim:contact_notes_last_updated,contacts_dim,,contact_notes_last_updated,dimension_group:time,mechanical,Low,,views/contacts_dim.view.lkml,501,82b3ab594f0d8f518072f3e1cc4f4ce8ac1d576e
dimension_group,looker:analytics:field:contacts_dim:contact_recent_deal_close,contacts_dim,,contact_recent_deal_close,dimension_group:time,mechanical,Low,,views/contacts_dim.view.lkml,572,82b3ab594f0d8f518072f3e1cc4f4ce8ac1d576e
dimension_group,looker:analytics:field:contacts_dim:contact_sales_email_last_opened,contacts_dim,,contact_sales_email_last_opened,dimension_group:time,mechanical,Low,,views/contacts_dim.view.lkml,580,82b3ab594f0d8f518072f3e1cc4f4ce8ac1d576e
dimension_group,looker:analytics:field:contacts_dim:contact_sales_email_last_replied,contacts_dim,,contact_sales_email_last_replied,dimension_group:time,mechanical,Low,,views/contacts_dim.view.lkml,588,82b3ab594f0d8f518072f3e1cc4f4ce8ac1d576e
dimension_group,looker:analytics:field:contacts_dim:contact_social_last_engagement,contacts_dim,,contact_social_last_engagement,dimension_group:time,mechanical,Low,,views/contacts_dim.view.lkml,603,82b3ab594f0d8f518072f3e1cc4f4ce8ac1d576e
dimension_group,looker:analytics:field:contacts_dim:contact_staff_employment_start,contacts_dim,,contact_staff_employment_start,dimension_group:time,mechanical,Low,,views/contacts_dim.view.lkml,646,82b3ab594f0d8f518072f3e1cc4f4ce8ac1d576e
dimension_group,looker:analytics:field:contacts_dim:contact_staff_probation_end,contacts_dim,,contact_staff_probation_end,dimension_group:time,mechanical,Low,,views/contacts_dim.view.lkml,691,82b3ab594f0d8f518072f3e1cc4f4ce8ac1d576e
dimension_group,looker:analytics:field:contacts_dim:contact_staff_working_start,contacts_dim,,contact_staff_working_start,dimension_group:time,mechanical,Low,,views/contacts_dim.view.lkml,708,82b3ab594f0d8f518072f3e1cc4f4ce8ac1d576e
dimension_group,looker:analytics:field:contacts_dim:dbt_slack_created_at,contacts_dim,,dbt_slack_created_at,dimension_group:time,mechanical,Low,,views/contacts_dim.view.lkml,767,82b3ab594f0d8f518072f3e1cc4f4ce8ac1d576e
dimension_group,looker:analytics:field:contacts_web_event_history_xa:event_ts,contacts_web_event_history_xa,,event_ts,dimension_group:time,mechanical,Low,,views/contacts_web_event_history_xa.view.lkml,18,82b3ab594f0d8f518072f3e1cc4f4ce8ac1d576e
dimension_group,looker:analytics:field:contacts_web_interests_xa:last_visit,contacts_web_interests_xa,,last_visit,dimension_group:time,mechanical,Low,,views/contacts_web_interests_xa.view.lkml,74,82b3ab594f0d8f518072f3e1cc4f4ce8ac1d576e
dimension_group,looker:analytics:field:content_performance:post,content_performance,,post,dimension_group:time,mechanical,Low,,views/content_performance.view.lkml,135,82b3ab594f0d8f518072f3e1cc4f4ce8ac1d576e
dimension_group,looker:analytics:field:content_performance:traffic,content_performance,,traffic,dimension_group:time,mechanical,Low,,views/content_performance.view.lkml,148,82b3ab594f0d8f518072f3e1cc4f4ce8ac1d576e
dimension_group,looker:analytics:field:contracts_fact:contract,contracts_fact,,contract,dimension_group:time,mechanical,Low,,views/contracts_fact.view.lkml,46,82b3ab594f0d8f518072f3e1cc4f4ce8ac1d576e
dimension_group,looker:analytics:field:contracts_fact:contract_sent,contracts_fact,,contract_sent,dimension_group:time,mechanical,Low,,views/contracts_fact.view.lkml,106,82b3ab594f0d8f518072f3e1cc4f4ce8ac1d576e
dimension_group,looker:analytics:field:contracts_fact:contract_voided,contracts_fact,,contract_voided,dimension_group:time,mechanical,Low,,views/contracts_fact.view.lkml,77,82b3ab594f0d8f518072f3e1cc4f4ce8ac1d576e
dimension_group,looker:analytics:field:contracts_fact:last_modified,contracts_fact,,last_modified,dimension_group:time,mechanical,Low,,views/contracts_fact.view.lkml,100,82b3ab594f0d8f518072f3e1cc4f4ce8ac1d576e
dimension_group,looker:analytics:field:cumulative_churned_clients:first_churn,cumulative_churned_clients,,first_churn,dimension_group:time,mechanical,Low,,views/cumulative_churned_clients.view.lkml,122,82b3ab594f0d8f518072f3e1cc4f4ce8ac1d576e
dimension_group,looker:analytics:field:cumulative_churned_clients:reactivation,cumulative_churned_clients,,reactivation,dimension_group:time,mechanical,Low,,views/cumulative_churned_clients.view.lkml,135,82b3ab594f0d8f518072f3e1cc4f4ce8ac1d576e
dimension_group,looker:analytics:field:customer_first_deal_cohorts:first_deal_closed,customer_first_deal_cohorts,,first_deal_closed,dimension_group:time,mechanical,Low,,views/customer_first_deal_cohorts.view.lkml,30,82b3ab594f0d8f518072f3e1cc4f4ce8ac1d576e
dimension_group,looker:analytics:field:customer_meetings:meeting_start,customer_meetings,,meeting_start,dimension_group:time,mechanical,Low,,views/customer_meetings.view.lkml,62,82b3ab594f0d8f518072f3e1cc4f4ce8ac1d576e
dimension_group,looker:analytics:field:date_spine_dim:date,date_spine_dim,,date,dimension_group:time,mechanical,Low,,views/date_spine_dim.view.lkml,12,82b3ab594f0d8f518072f3e1cc4f4ce8ac1d576e
dimension_group,looker:analytics:field:dates:date,dates,,date,dimension_group:time,mechanical,Low,,views/dates.view.lkml,18,82b3ab594f0d8f518072f3e1cc4f4ce8ac1d576e
dimension_group,looker:analytics:field:dbt_slack:last_updated_ts,dbt_slack,,last_updated_ts,dimension_group:time,mechanical,Low,,views/dbt_slack.view.lkml,53,82b3ab594f0d8f518072f3e1cc4f4ce8ac1d576e
dimension_group,looker:analytics:field:deal_pipeline_history:deal_month_ts,deal_pipeline_history,,deal_month_ts,dimension_group:time,assisted,Medium,timeframes with no Omni equivalent dropped: fiscal_month_num,views/deal_pipeline_history.view.lkml,61,82b3ab594f0d8f518072f3e1cc4f4ce8ac1d576e
dimension_group,looker:analytics:field:deals_fact:deal_closed,deals_fact,,deal_closed,dimension_group:time,assisted,Medium,"timeframes with no Omni equivalent dropped: week_of_year; Liquid in group_label, view_label or description: resolve to a literal by hand",views/deals_fact.view.lkml,35,82b3ab594f0d8f518072f3e1cc4f4ce8ac1d576e
dimension_group,looker:analytics:field:deals_fact:deal_created,deals_fact,,deal_created,dimension_group:time,assisted,Medium,"Liquid in group_label, view_label or description: resolve to a literal by hand",views/deals_fact.view.lkml,55,82b3ab594f0d8f518072f3e1cc4f4ce8ac1d576e
dimension_group,looker:analytics:field:deals_fact:deal_last_modified,deals_fact,,deal_last_modified,dimension_group:time,mechanical,Low,,views/deals_fact.view.lkml,102,82b3ab594f0d8f518072f3e1cc4f4ce8ac1d576e
dimension_group,looker:analytics:field:deals_fact:deal_last_modified_ts,deals_fact,,deal_last_modified_ts,dimension_group:time,assisted,Medium,"Liquid in group_label, view_label or description: resolve to a literal by hand",views/deals_fact.view.lkml,717,82b3ab594f0d8f518072f3e1cc4f4ce8ac1d576e
dimension_group,looker:analytics:field:deals_fact:deal_pipeline_stage,deals_fact,,deal_pipeline_stage,dimension_group:time,assisted,Medium,"Liquid in group_label, view_label or description: resolve to a literal by hand",views/deals_fact.view.lkml,141,82b3ab594f0d8f518072f3e1cc4f4ce8ac1d576e
dimension_group,looker:analytics:field:deals_fact:delivery_schedule_ts,deals_fact,,delivery_schedule_ts,dimension_group:time,assisted,Medium,"Liquid in group_label, view_label or description: resolve to a literal by hand",views/deals_fact.view.lkml,274,82b3ab594f0d8f518072f3e1cc4f4ce8ac1d576e
dimension_group,looker:analytics:field:deals_fact:dt_entered_1_initial_enquiry,deals_fact,,dt_entered_1_initial_enquiry,dimension_group:time,assisted,Medium,"Liquid in group_label, view_label or description: resolve to a literal by hand",views/deals_fact.view.lkml,628,82b3ab594f0d8f518072f3e1cc4f4ce8ac1d576e
dimension_group,looker:analytics:field:deals_fact:dt_entered_2_project_scoping,deals_fact,,dt_entered_2_project_scoping,dimension_group:time,assisted,Medium,"Liquid in group_label, view_label or description: resolve to a literal by hand",views/deals_fact.view.lkml,637,82b3ab594f0d8f518072f3e1cc4f4ce8ac1d576e
dimension_group,looker:analytics:field:deals_fact:dt_entered_3_sow_drafted,deals_fact,,dt_entered_3_sow_drafted,dimension_group:time,assisted,Medium,"Liquid in group_label, view_label or description: resolve to a literal by hand",views/deals_fact.view.lkml,646,82b3ab594f0d8f518072f3e1cc4f4ce8ac1d576e
dimension_group,looker:analytics:field:deals_fact:dt_entered_4_partner_funding_agreed,deals_fact,,dt_entered_4_partner_funding_agreed,dimension_group:time,assisted,Medium,"Liquid in group_label, view_label or description: resolve to a literal by hand",views/deals_fact.view.lkml,656,82b3ab594f0d8f518072f3e1cc4f4ce8ac1d576e
dimension_group,looker:analytics:field:deals_fact:dt_entered_5_customer_agreed_sow,deals_fact,,dt_entered_5_customer_agreed_sow,dimension_group:time,assisted,Medium,"Liquid in group_label, view_label or description: resolve to a literal by hand",views/deals_fact.view.lkml,665,82b3ab594f0d8f518072f3e1cc4f4ce8ac1d576e
dimension_group,looker:analytics:field:deals_fact:dt_entered_6_partner_funding_signoff,deals_fact,,dt_entered_6_partner_funding_signoff,dimension_group:time,assisted,Medium,"Liquid in group_label, view_label or description: resolve to a literal by hand",views/deals_fact.view.lkml,674,82b3ab594f0d8f518072f3e1cc4f4ce8ac1d576e
dimension_group,looker:analytics:field:deals_fact:dt_entered_7_sow_customer_docusigned,deals_fact,,dt_entered_7_sow_customer_docusigned,dimension_group:time,assisted,Medium,"Liquid in group_label, view_label or description: resolve to a literal by hand",views/deals_fact.view.lkml,683,82b3ab594f0d8f518072f3e1cc4f4ce8ac1d576e
dimension_group,looker:analytics:field:deals_fact:dt_entered_8_in_delivery,deals_fact,,dt_entered_8_in_delivery,dimension_group:time,assisted,Medium,"Liquid in group_label, view_label or description: resolve to a literal by hand",views/deals_fact.view.lkml,692,82b3ab594f0d8f518072f3e1cc4f4ce8ac1d576e
dimension_group,looker:analytics:field:delivery_project_cycle_times:cycle_complete_day,delivery_project_cycle_times,,cycle_complete_day,dimension_group:time,mechanical,Low,,views/delivery_project_cycle_times.view.lkml,82,82b3ab594f0d8f518072f3e1cc4f4ce8ac1d576e
dimension_group,looker:analytics:field:delivery_project_cycle_times:cycle_start_day,delivery_project_cycle_times,,cycle_start_day,dimension_group:time,mechanical,Low,,views/delivery_project_cycle_times.view.lkml,71,82b3ab594f0d8f518072f3e1cc4f4ce8ac1d576e
dimension_group,looker:analytics:field:delivery_project_cycle_times:issue_created_at,delivery_project_cycle_times,,issue_created_at,dimension_group:time,mechanical,Low,,views/delivery_project_cycle_times.view.lkml,51,82b3ab594f0d8f518072f3e1cc4f4ce8ac1d576e
dimension_group,looker:analytics:field:delivery_project_cycle_times_hkm:cycle_start_day,delivery_project_cycle_times_hkm,,cycle_start_day,dimension_group:time,mechanical,Low,,views/delivery_project_cycle_times_hkm.view.lkml,210,82b3ab594f0d8f518072f3e1cc4f4ce8ac1d576e
dimension_group,looker:analytics:field:delivery_project_cycle_times_hkm:issue_created_at,delivery_project_cycle_times_hkm,,issue_created_at,dimension_group:time,mechanical,Low,,views/delivery_project_cycle_times_hkm.view.lkml,190,82b3ab594f0d8f518072f3e1cc4f4ce8ac1d576e
dimension_group,looker:analytics:field:delivery_project_docs_dim:page_created,delivery_project_docs_dim,,page_created,dimension_group:time,mechanical,Low,,views/delivery_project_docs_dim.view.lkml,27,82b3ab594f0d8f518072f3e1cc4f4ce8ac1d576e
dimension_group,looker:analytics:field:delivery_projects_dim:project_modified_at_ts,delivery_projects_dim,,project_modified_at_ts,dimension_group:time,mechanical,Low,,views/delivery_projects_dim.view.lkml,53,82b3ab594f0d8f518072f3e1cc4f4ce8ac1d576e
dimension_group,looker:analytics:field:delivery_task_history:blocked_ts,delivery_task_history,,blocked_ts,dimension_group:time,mechanical,Low,,views/delivery_task_history.view.lkml,102,82b3ab594f0d8f518072f3e1cc4f4ce8ac1d576e
dimension_group,looker:analytics:field:delivery_task_history:design_ts,delivery_task_history,,design_ts,dimension_group:time,mechanical,Low,,views/delivery_task_history.view.lkml,86,82b3ab594f0d8f518072f3e1cc4f4ce8ac1d576e
dimension_group,looker:analytics:field:delivery_task_history:done_ts,delivery_task_history,,done_ts,dimension_group:time,mechanical,Low,,views/delivery_task_history.view.lkml,134,82b3ab594f0d8f518072f3e1cc4f4ce8ac1d576e
dimension_group,looker:analytics:field:delivery_task_history:in_client_qa_ts,delivery_task_history,,in_client_qa_ts,dimension_group:time,mechanical,Low,,views/delivery_task_history.view.lkml,126,82b3ab594f0d8f518072f3e1cc4f4ce8ac1d576e
dimension_group,looker:analytics:field:delivery_task_history:in_progress_ts,delivery_task_history,,in_progress_ts,dimension_group:time,mechanical,Low,,views/delivery_task_history.view.lkml,94,82b3ab594f0d8f518072f3e1cc4f4ce8ac1d576e
dimension_group,looker:analytics:field:delivery_task_history:in_qa_ts,delivery_task_history,,in_qa_ts,dimension_group:time,mechanical,Low,,views/delivery_task_history.view.lkml,110,82b3ab594f0d8f518072f3e1cc4f4ce8ac1d576e
dimension_group,looker:analytics:field:delivery_task_history:looker_ts,delivery_task_history,,looker_ts,dimension_group:time,mechanical,Low,,views/delivery_task_history.view.lkml,118,82b3ab594f0d8f518072f3e1cc4f4ce8ac1d576e
dimension_group,looker:analytics:field:delivery_task_history:start_ts,delivery_task_history,,start_ts,dimension_group:time,mechanical,Low,,views/delivery_task_history.view.lkml,78,82b3ab594f0d8f518072f3e1cc4f4ce8ac1d576e
dimension_group,looker:analytics:field:delivery_tasks_fact:epic_end,delivery_tasks_fact,,epic_end,dimension_group:time,mechanical,Low,,views/delivery_tasks_fact.view.lkml,185,82b3ab594f0d8f518072f3e1cc4f4ce8ac1d576e
dimension_group,looker:analytics:field:delivery_tasks_fact:epic_start,delivery_tasks_fact,,epic_start,dimension_group:time,mechanical,Low,,views/delivery_tasks_fact.view.lkml,178,82b3ab594f0d8f518072f3e1cc4f4ce8ac1d576e
dimension_group,looker:analytics:field:delivery_tasks_fact:sprint_end,delivery_tasks_fact,,sprint_end,dimension_group:time,mechanical,Low,,views/delivery_tasks_fact.view.lkml,54,82b3ab594f0d8f518072f3e1cc4f4ce8ac1d576e
dimension_group,looker:analytics:field:delivery_tasks_fact:sprint_start,delivery_tasks_fact,,sprint_start,dimension_group:time,assisted,Medium,timeframes with no Omni equivalent dropped: fiscal_month_num,views/delivery_tasks_fact.view.lkml,47,82b3ab594f0d8f518072f3e1cc4f4ce8ac1d576e
dimension_group,looker:analytics:field:delivery_tasks_fact:task_completed_ts,delivery_tasks_fact,,task_completed_ts,dimension_group:time,mechanical,Low,,views/delivery_tasks_fact.view.lkml,72,82b3ab594f0d8f518072f3e1cc4f4ce8ac1d576e
dimension_group,looker:analytics:field:delivery_tasks_fact:task_created_ts,delivery_tasks_fact,,task_created_ts,dimension_group:time,mechanical,Low,,views/delivery_tasks_fact.view.lkml,79,82b3ab594f0d8f518072f3e1cc4f4ce8ac1d576e
dimension_group,looker:analytics:field:delivery_tasks_fact:task_due,delivery_tasks_fact,,task_due,dimension_group:time,mechanical,Low,,views/delivery_tasks_fact.view.lkml,152,82b3ab594f0d8f518072f3e1cc4f4ce8ac1d576e
dimension_group,looker:analytics:field:delivery_tasks_fact:task_end_ts,delivery_tasks_fact,,task_end_ts,dimension_group:time,mechanical,Low,,views/delivery_tasks_fact.view.lkml,131,82b3ab594f0d8f518072f3e1cc4f4ce8ac1d576e
dimension_group,looker:analytics:field:delivery_tasks_fact:task_last_modified_ts,delivery_tasks_fact,,task_last_modified_ts,dimension_group:time,mechanical,Low,,views/delivery_tasks_fact.view.lkml,256,82b3ab594f0d8f518072f3e1cc4f4ce8ac1d576e
dimension_group,looker:analytics:field:delivery_tasks_fact:task_start_ts,delivery_tasks_fact,,task_start_ts,dimension_group:time,mechanical,Low,,views/delivery_tasks_fact.view.lkml,144,82b3ab594f0d8f518072f3e1cc4f4ce8ac1d576e
dimension_group,looker:analytics:field:delivery_tasks_fact:task_target_ts,delivery_tasks_fact,,task_target_ts,dimension_group:time,mechanical,Low,,views/delivery_tasks_fact.view.lkml,214,82b3ab594f0d8f518072f3e1cc4f4ce8ac1d576e
dimension_group,looker:analytics:field:delivery_tasks_fact:task_work_started,delivery_tasks_fact,,task_work_started,dimension_group:time,mechanical,Low,,views/delivery_tasks_fact.view.lkml,160,82b3ab594f0d8f518072f3e1cc4f4ce8ac1d576e
dimension_group,looker:analytics:field:delivery_team_fact_xa:first_billing,delivery_team_fact_xa,,first_billing,dimension_group:time,mechanical,Low,,views/delivery_team_fact_xa.view.lkml,43,82b3ab594f0d8f518072f3e1cc4f4ce8ac1d576e
dimension_group,looker:analytics:field:delivery_team_fact_xa:last_billing,delivery_team_fact_xa,,last_billing,dimension_group:time,mechanical,Low,,views/delivery_team_fact_xa.view.lkml,72,82b3ab594f0d8f518072f3e1cc4f4ce8ac1d576e
dimension_group,looker:analytics:field:dim_providers:activation,dim_providers,,activation,dimension_group:time,mechanical,Low,,views/booksy_demo.view.lkml,202,82b3ab594f0d8f518072f3e1cc4f4ce8ac1d576e
dimension_group,looker:analytics:field:dim_providers:first_boost,dim_providers,,first_boost,dimension_group:time,mechanical,Low,,views/booksy_demo.view.lkml,210,82b3ab594f0d8f518072f3e1cc4f4ce8ac1d576e
dimension_group,looker:analytics:field:dim_providers:signup,dim_providers,,signup,dimension_group:time,mechanical,Low,,views/booksy_demo.view.lkml,194,82b3ab594f0d8f518072f3e1cc4f4ce8ac1d576e
dimension_group,looker:analytics:field:email_contacts_dim:contact_created_date,email_contacts_dim,,contact_created_date,dimension_group:time,mechanical,Low,,views/email_contacts_dim.view.lkml,65,82b3ab594f0d8f518072f3e1cc4f4ce8ac1d576e
dimension_group,looker:analytics:field:email_contacts_dim:contact_last_modified_date,email_contacts_dim,,contact_last_modified_date,dimension_group:time,mechanical,Low,,views/email_contacts_dim.view.lkml,70,82b3ab594f0d8f518072f3e1cc4f4ce8ac1d576e
dimension_group,looker:analytics:field:email_contacts_dim:dbt_slack_created_at_ts,email_contacts_dim,,dbt_slack_created_at_ts,dimension_group:time,mechanical,Low,,views/email_contacts_dim.view.lkml,200,82b3ab594f0d8f518072f3e1cc4f4ce8ac1d576e
dimension_group,looker:analytics:field:email_lists_dim:campaign_last_sent_ts,email_lists_dim,,campaign_last_sent_ts,dimension_group:time,mechanical,Low,,views/email_lists_dim.view.lkml,20,82b3ab594f0d8f518072f3e1cc4f4ce8ac1d576e
dimension_group,looker:analytics:field:email_lists_dim:last_sub_ts,email_lists_dim,,last_sub_ts,dimension_group:time,mechanical,Low,,views/email_lists_dim.view.lkml,39,82b3ab594f0d8f518072f3e1cc4f4ce8ac1d576e
dimension_group,looker:analytics:field:email_lists_dim:last_unsub_ts,email_lists_dim,,last_unsub_ts,dimension_group:time,mechanical,Low,,views/email_lists_dim.view.lkml,53,82b3ab594f0d8f518072f3e1cc4f4ce8ac1d576e
dimension_group,looker:analytics:field:email_send_outcomes_fact:timestamp,email_send_outcomes_fact,,timestamp,dimension_group:time,mechanical,Low,,views/email_send_outcomes_fact.view.lkml,50,82b3ab594f0d8f518072f3e1cc4f4ce8ac1d576e
dimension_group,looker:analytics:field:email_sends_dim:campaign_created_at_ts,email_sends_dim,,campaign_created_at_ts,dimension_group:time,mechanical,Low,,views/email_sends_dim.view.lkml,15,82b3ab594f0d8f518072f3e1cc4f4ce8ac1d576e
dimension_group,looker:analytics:field:email_sends_dim:campaign_sent_ts,email_sends_dim,,campaign_sent_ts,dimension_group:time,mechanical,Low,,views/email_sends_dim.view.lkml,39,82b3ab594f0d8f518072f3e1cc4f4ce8ac1d576e
dimension_group,looker:analytics:field:employee_pto:pto_end,employee_pto,,pto_end,dimension_group:time,mechanical,Low,,views/employee_pto.view.lkml,34,82b3ab594f0d8f518072f3e1cc4f4ce8ac1d576e
dimension_group,looker:analytics:field:employee_pto:pto_start,employee_pto,,pto_start,dimension_group:time,mechanical,Low,,views/employee_pto.view.lkml,25,82b3ab594f0d8f518072f3e1cc4f4ce8ac1d576e
dimension_group,looker:analytics:field:engagement_actions_fact:reporting_month,engagement_actions_fact,,reporting_month,dimension_group:time,mechanical,Low,,views/engagement_actions_fact.view.lkml,38,82b3ab594f0d8f518072f3e1cc4f4ce8ac1d576e
dimension_group,looker:analytics:field:engagement_burn_up_fact:week_start,engagement_burn_up_fact,,week_start,dimension_group:time,mechanical,Low,,views/engagement_burn_up_fact.view.lkml,39,82b3ab594f0d8f518072f3e1cc4f4ce8ac1d576e
dimension_group,looker:analytics:field:engagement_context_attribution:item,engagement_context_attribution,,item,dimension_group:time,mechanical,Low,,views/engagement_context_attribution.view.lkml,57,82b3ab594f0d8f518072f3e1cc4f4ce8ac1d576e
dimension_group,looker:analytics:field:engagement_health_fact:reporting_month,engagement_health_fact,,reporting_month,dimension_group:time,mechanical,Low,,views/engagement_health_fact.view.lkml,56,82b3ab594f0d8f518072f3e1cc4f4ce8ac1d576e
dimension_group,looker:analytics:field:engagement_renewal_analysis:engagement_end,engagement_renewal_analysis,,engagement_end,dimension_group:time,mechanical,Low,,views/engagement_renewal_analysis.view.lkml,215,82b3ab594f0d8f518072f3e1cc4f4ce8ac1d576e
dimension_group,looker:analytics:field:engagement_renewal_analysis:engagement_start,engagement_renewal_analysis,,engagement_start,dimension_group:time,mechanical,Low,,views/engagement_renewal_analysis.view.lkml,209,82b3ab594f0d8f518072f3e1cc4f4ce8ac1d576e
dimension_group,looker:analytics:field:engagement_renewal_analysis:first_churn,engagement_renewal_analysis,,first_churn,dimension_group:time,mechanical,Low,,views/engagement_renewal_analysis.view.lkml,233,82b3ab594f0d8f518072f3e1cc4f4ce8ac1d576e
dimension_group,looker:analytics:field:engagement_renewal_analysis:next_engagement_start,engagement_renewal_analysis,,next_engagement_start,dimension_group:time,mechanical,Low,,views/engagement_renewal_analysis.view.lkml,221,82b3ab594f0d8f518072f3e1cc4f4ce8ac1d576e
dimension_group,looker:analytics:field:engagement_renewal_analysis:previous_engagement_end,engagement_renewal_analysis,,previous_engagement_end,dimension_group:time,mechanical,Low,,views/engagement_renewal_analysis.view.lkml,227,82b3ab594f0d8f518072f3e1cc4f4ce8ac1d576e
dimension_group,looker:analytics:field:engagement_sprint_burn_fact:reporting_month,engagement_sprint_burn_fact,,reporting_month,dimension_group:time,mechanical,Low,,views/engagement_sprint_burn_fact.view.lkml,40,82b3ab594f0d8f518072f3e1cc4f4ce8ac1d576e
dimension_group,looker:analytics:field:engagements:deal_closed,engagements,,deal_closed,dimension_group:time,mechanical,Low,,views/engagements.view.lkml,248,82b3ab594f0d8f518072f3e1cc4f4ce8ac1d576e
dimension_group,looker:analytics:field:engagements:deal_created,engagements,,deal_created,dimension_group:time,mechanical,Low,,views/engagements.view.lkml,239,82b3ab594f0d8f518072f3e1cc4f4ce8ac1d576e
dimension_group,looker:analytics:field:engagements:dt_entered_3_sow_drafted,engagements,,dt_entered_3_sow_drafted,dimension_group:time,mechanical,Low,,views/engagements.view.lkml,35,82b3ab594f0d8f518072f3e1cc4f4ce8ac1d576e
dimension_group,looker:analytics:field:engagements:dt_entered_5_customer_agreed_sow,engagements,,dt_entered_5_customer_agreed_sow,dimension_group:time,mechanical,Low,,views/engagements.view.lkml,52,82b3ab594f0d8f518072f3e1cc4f4ce8ac1d576e
dimension_group,looker:analytics:field:engagements:dt_entered_7_sow_customer_docusigned,engagements,,dt_entered_7_sow_customer_docusigned,dimension_group:time,mechanical,Low,,views/engagements.view.lkml,69,82b3ab594f0d8f518072f3e1cc4f4ce8ac1d576e
dimension_group,looker:analytics:field:engagements:engagement_end_ts,engagements,,engagement_end_ts,dimension_group:time,mechanical,Low,,views/engagements.view.lkml,100,82b3ab594f0d8f518072f3e1cc4f4ce8ac1d576e
dimension_group,looker:analytics:field:engagements:engagement_start_ts,engagements,,engagement_start_ts,dimension_group:time,mechanical,Low,,views/engagements.view.lkml,93,82b3ab594f0d8f518072f3e1cc4f4ce8ac1d576e
dimension_group,looker:analytics:field:engagements:last_engagement_billable_timesheet,engagements,,last_engagement_billable_timesheet,dimension_group:time,mechanical,Low,,views/engagements.view.lkml,108,82b3ab594f0d8f518072f3e1cc4f4ce8ac1d576e
dimension_group,looker:analytics:field:fathom_meetings:meeting,fathom_meetings,,meeting,dimension_group:time,mechanical,Low,,views/fathom_meetings.view.lkml,37,82b3ab594f0d8f518072f3e1cc4f4ce8ac1d576e
dimension_group,looker:analytics:field:fathom_meetings:meeting_scheduled_end_time,fathom_meetings,,meeting_scheduled_end_time,dimension_group:time,mechanical,Low,,views/fathom_meetings.view.lkml,43,82b3ab594f0d8f518072f3e1cc4f4ce8ac1d576e
dimension_group,looker:analytics:field:fathom_meetings:updated_at,fathom_meetings,,updated_at,dimension_group:time,mechanical,Low,,views/fathom_meetings.view.lkml,172,82b3ab594f0d8f518072f3e1cc4f4ce8ac1d576e
dimension_group,looker:analytics:field:fct_boost_transactions:transaction,fct_boost_transactions,,transaction,dimension_group:time,mechanical,Low,,views/booksy_demo.view.lkml,19,82b3ab594f0d8f518072f3e1cc4f4ce8ac1d576e
dimension_group,looker:analytics:field:ga_multi_cycle_multi_touch_attribution:session_end_ts,ga_multi_cycle_multi_touch_attribution,,session_end_ts,dimension_group:time,mechanical,Low,,views/ga_multi_cycle_multi_touch_attribution.view.lkml,789,82b3ab594f0d8f518072f3e1cc4f4ce8ac1d576e
dimension_group,looker:analytics:field:ga_multi_cycle_multi_touch_attribution:session_start_ts,ga_multi_cycle_multi_touch_attribution,,session_start_ts,dimension_group:time,mechanical,Low,,views/ga_multi_cycle_multi_touch_attribution.view.lkml,784,82b3ab594f0d8f518072f3e1cc4f4ce8ac1d576e
dimension_group,looker:analytics:field:gcp_billing_fact:billing,gcp_billing_fact,,billing,dimension_group:time,mechanical,Low,,views/gcp_billing_fact.view.lkml,31,82b3ab594f0d8f518072f3e1cc4f4ce8ac1d576e
dimension_group,looker:analytics:field:general_ledger_fact:journal,general_ledger_fact,,journal,dimension_group:time,assisted,Medium,"timeframes with no Omni equivalent dropped: fiscal_quarter_of_year, fiscal_month_num",views/general_ledger_fact.view.lkml,116,82b3ab594f0d8f518072f3e1cc4f4ce8ac1d576e
dimension_group,looker:analytics:field:hr_survey_results_fact:survey_ts,hr_survey_results_fact,,survey_ts,dimension_group:time,mechanical,Low,,views/hr_survey_results_fact.view.lkml,18,82b3ab594f0d8f518072f3e1cc4f4ce8ac1d576e
dimension_group,looker:analytics:field:invoices_fact:churn,invoices_fact,,churn,dimension_group:time,mechanical,Low,,views/invoices_fact.view.lkml,41,82b3ab594f0d8f518072f3e1cc4f4ce8ac1d576e
dimension_group,looker:analytics:field:invoices_fact:cohort,invoices_fact,,cohort,dimension_group:time,mechanical,Low,,views/invoices_fact.view.lkml,28,82b3ab594f0d8f518072f3e1cc4f4ce8ac1d576e
dimension_group,looker:analytics:field:invoices_fact:expected_payment,invoices_fact,,expected_payment,dimension_group:time,mechanical,Low,,views/invoices_fact.view.lkml,128,82b3ab594f0d8f518072f3e1cc4f4ce8ac1d576e
dimension_group,looker:analytics:field:invoices_fact:invoice_due,invoices_fact,,invoice_due,dimension_group:time,mechanical,Low,,views/invoices_fact.view.lkml,78,82b3ab594f0d8f518072f3e1cc4f4ce8ac1d576e
dimension_group,looker:analytics:field:invoices_fact:invoice_issued,invoices_fact,,invoice_issued,dimension_group:time,assisted,Medium,"timeframes with no Omni equivalent dropped: fiscal_month_num, fiscal_quarter_of_year",views/invoices_fact.view.lkml,110,82b3ab594f0d8f518072f3e1cc4f4ce8ac1d576e
dimension_group,looker:analytics:field:invoices_fact:invoice_paid,invoices_fact,,invoice_paid,dimension_group:time,mechanical,Low,,views/invoices_fact.view.lkml,167,82b3ab594f0d8f518072f3e1cc4f4ce8ac1d576e
dimension_group,looker:analytics:field:invoices_fact:invoice_payment,invoices_fact,,invoice_payment,dimension_group:time,assisted,Medium,cross-view field reference (payments_fact),views/invoices_fact.view.lkml,93,82b3ab594f0d8f518072f3e1cc4f4ce8ac1d576e
dimension_group,looker:analytics:field:journals_fact:journal,journals_fact,,journal,dimension_group:time,mechanical,Low,,views/journals_fact.view.lkml,47,82b3ab594f0d8f518072f3e1cc4f4ce8ac1d576e
dimension_group,looker:analytics:field:keyword_page_report:day,keyword_page_report,,day,dimension_group:time,mechanical,Low,,views/keyword_page_report.view.lkml,8,82b3ab594f0d8f518072f3e1cc4f4ce8ac1d576e
dimension_group,looker:analytics:field:kpi_scorecard:report_month,kpi_scorecard,,report_month,dimension_group:time,mechanical,Low,,views/kpi_scorecard.view.lkml,20,82b3ab594f0d8f518072f3e1cc4f4ce8ac1d576e
dimension_group,looker:analytics:field:kpi_scorecard:scored_at,kpi_scorecard,,scored_at,dimension_group:time,mechanical,Low,,views/kpi_scorecard.view.lkml,43,82b3ab594f0d8f518072f3e1cc4f4ce8ac1d576e
dimension_group,looker:analytics:field:linkedin_company_pages:created_timestamp,linkedin_company_pages,,created_timestamp,dimension_group:time,mechanical,Low,,views/linkedin_company_pages.view.lkml,29,82b3ab594f0d8f518072f3e1cc4f4ce8ac1d576e
dimension_group,looker:analytics:field:looker_usage_fact:created,looker_usage_fact,,created,dimension_group:time,mechanical,Low,,views/looker_usage_fact.view.lkml,32,82b3ab594f0d8f518072f3e1cc4f4ce8ac1d576e
dimension_group,looker:analytics:field:looker_usage_stats:_fivetran_synced,looker_usage_stats,,_fivetran_synced,dimension_group:time,mechanical,Low,,views/looker_usage_stats.view.lkml,14,82b3ab594f0d8f518072f3e1cc4f4ce8ac1d576e
dimension_group,looker:analytics:field:looker_usage_stats:created_time,looker_usage_stats,,created_time,dimension_group:time,mechanical,Low,,views/looker_usage_stats.view.lkml,68,82b3ab594f0d8f518072f3e1cc4f4ce8ac1d576e
dimension_group,looker:analytics:field:marketing_content_dim:interaction_posted_ts,marketing_content_dim,,interaction_posted_ts,dimension_group:time,mechanical,Low,,views/marketing_content_dim.view.lkml,28,82b3ab594f0d8f518072f3e1cc4f4ce8ac1d576e
dimension_group,looker:analytics:field:marketing_interactions_fact:interaction_event_ts,marketing_interactions_fact,,interaction_event_ts,dimension_group:time,mechanical,Low,,views/marketing_interactions_fact.view.lkml,65,82b3ab594f0d8f518072f3e1cc4f4ce8ac1d576e
dimension_group,looker:analytics:field:meeting_contact_lines_fact:time,meeting_contact_lines_fact,,time,dimension_group:time,mechanical,Low,,views/meeting_contact_lines_fact.view.lkml,44,82b3ab594f0d8f518072f3e1cc4f4ce8ac1d576e
dimension_group,looker:analytics:field:messages_fact:message,messages_fact,,message,dimension_group:time,mechanical,Low,,views/messages_fact.view.lkml,69,82b3ab594f0d8f518072f3e1cc4f4ce8ac1d576e
dimension_group,looker:analytics:field:monthly_resource_revenue_forecast_fact:forecast,monthly_resource_revenue_forecast_fact,,forecast,dimension_group:time,mechanical,Low,,views/monthly_resource_revenue_forecast_fact.view.lkml,120,82b3ab594f0d8f518072f3e1cc4f4ce8ac1d576e
dimension_group,looker:analytics:field:monzo_bank_transactions_enriched:date,monzo_bank_transactions_enriched,,date,dimension_group:time,mechanical,Low,,views/monzo_bank_transactions_enriched.view.lkml,58,82b3ab594f0d8f518072f3e1cc4f4ce8ac1d576e
dimension_group,looker:analytics:field:nps_survey_results_fact:nps_survey_ts,nps_survey_results_fact,,nps_survey_ts,dimension_group:time,assisted,Medium,"timeframes with no Omni equivalent dropped: fiscal_month_num, fiscal_quarter_of_year",views/nps_survey_results_fact.view.lkml,72,82b3ab594f0d8f518072f3e1cc4f4ce8ac1d576e
dimension_group,looker:analytics:field:organic_post_performance_fact:post_ts,organic_post_performance_fact,,post_ts,dimension_group:time,mechanical,Low,,views/organic_post_performance_fact.view.lkml,73,82b3ab594f0d8f518072f3e1cc4f4ce8ac1d576e
dimension_group,looker:analytics:field:organic_posts_dim:post_ts,organic_posts_dim,,post_ts,dimension_group:time,mechanical,Low,,views/organic_posts_dim.view.lkml,45,82b3ab594f0d8f518072f3e1cc4f4ce8ac1d576e
dimension_group,looker:analytics:field:page_first_published:page_first_session_start_ts,page_first_published,,page_first_session_start_ts,dimension_group:time,assisted,Medium,"timeframes with no Omni equivalent dropped: hour4, week_of_year",views/page_first_published.view.lkml,21,82b3ab594f0d8f518072f3e1cc4f4ce8ac1d576e
dimension_group,looker:analytics:field:page_keyword_performance:week,page_keyword_performance,,week,dimension_group:time,mechanical,Low,,views/page_keyword_performance.view.lkml,100,82b3ab594f0d8f518072f3e1cc4f4ce8ac1d576e
dimension_group,looker:analytics:field:page_report:_fivetran_synced,page_report,,_fivetran_synced,dimension_group:time,mechanical,Low,,views/page_report.view.lkml,4,82b3ab594f0d8f518072f3e1cc4f4ce8ac1d576e
dimension_group,looker:analytics:field:page_report:date,page_report,,date,dimension_group:time,mechanical,Low,,views/page_report.view.lkml,45,82b3ab594f0d8f518072f3e1cc4f4ce8ac1d576e
dimension_group,looker:analytics:field:payments_fact:payment,payments_fact,,payment,dimension_group:time,mechanical,Low,,views/payments_fact.view.lkml,101,82b3ab594f0d8f518072f3e1cc4f4ce8ac1d576e
dimension_group,looker:analytics:field:performance_narrative_fact:analysis_month,performance_narrative_fact,,analysis_month,dimension_group:time,mechanical,Low,,views/performance_narrative_fact.view.lkml,13,82b3ab594f0d8f518072f3e1cc4f4ce8ac1d576e
dimension_group,looker:analytics:field:persons_dim:community_dbt_slack_joined,persons_dim,,community_dbt_slack_joined,dimension_group:time,mechanical,Low,,views/persons_dim.view.lkml,615,82b3ab594f0d8f518072f3e1cc4f4ce8ac1d576e
dimension_group,looker:analytics:field:persons_dim:email_first_open,persons_dim,,email_first_open,dimension_group:time,mechanical,Low,,views/persons_dim.view.lkml,437,82b3ab594f0d8f518072f3e1cc4f4ce8ac1d576e
dimension_group,looker:analytics:field:persons_dim:email_first_send,persons_dim,,email_first_send,dimension_group:time,mechanical,Low,,views/persons_dim.view.lkml,453,82b3ab594f0d8f518072f3e1cc4f4ce8ac1d576e
dimension_group,looker:analytics:field:persons_dim:email_last_open,persons_dim,,email_last_open,dimension_group:time,mechanical,Low,,views/persons_dim.view.lkml,445,82b3ab594f0d8f518072f3e1cc4f4ce8ac1d576e
dimension_group,looker:analytics:field:persons_dim:email_last_send,persons_dim,,email_last_send,dimension_group:time,mechanical,Low,,views/persons_dim.view.lkml,461,82b3ab594f0d8f518072f3e1cc4f4ce8ac1d576e
dimension_group,looker:analytics:field:persons_dim:person_created,persons_dim,,person_created,dimension_group:time,mechanical,Low,,views/persons_dim.view.lkml,699,82b3ab594f0d8f518072f3e1cc4f4ce8ac1d576e
dimension_group,looker:analytics:field:persons_dim:person_last_modified,persons_dim,,person_last_modified,dimension_group:time,mechanical,Low,,views/persons_dim.view.lkml,707,82b3ab594f0d8f518072f3e1cc4f4ce8ac1d576e
dimension_group,looker:analytics:field:persons_dim:sales_last_activity,persons_dim,,sales_last_activity,dimension_group:time,mechanical,Low,,views/persons_dim.view.lkml,496,82b3ab594f0d8f518072f3e1cc4f4ce8ac1d576e
dimension_group,looker:analytics:field:persons_dim:sales_last_meeting_booked,persons_dim,,sales_last_meeting_booked,dimension_group:time,mechanical,Low,,views/persons_dim.view.lkml,512,82b3ab594f0d8f518072f3e1cc4f4ce8ac1d576e
dimension_group,looker:analytics:field:persons_dim:sales_latest_meeting,persons_dim,,sales_latest_meeting,dimension_group:time,mechanical,Low,,views/persons_dim.view.lkml,504,82b3ab594f0d8f518072f3e1cc4f4ce8ac1d576e
dimension_group,looker:analytics:field:persons_dim:sales_recent_deal_close,persons_dim,,sales_recent_deal_close,dimension_group:time,mechanical,Low,,views/persons_dim.view.lkml,488,82b3ab594f0d8f518072f3e1cc4f4ce8ac1d576e
dimension_group,looker:analytics:field:persons_dim:staff_employment_end,persons_dim,,staff_employment_end,dimension_group:time,mechanical,Low,,views/persons_dim.view.lkml,187,82b3ab594f0d8f518072f3e1cc4f4ce8ac1d576e
dimension_group,looker:analytics:field:persons_dim:staff_employment_start,persons_dim,,staff_employment_start,dimension_group:time,mechanical,Low,,views/persons_dim.view.lkml,177,82b3ab594f0d8f518072f3e1cc4f4ce8ac1d576e
dimension_group,looker:analytics:field:persons_dim:web_first_visit,persons_dim,,web_first_visit,dimension_group:time,mechanical,Low,,views/persons_dim.view.lkml,368,82b3ab594f0d8f518072f3e1cc4f4ce8ac1d576e
dimension_group,looker:analytics:field:persons_dim:web_last_visit,persons_dim,,web_last_visit,dimension_group:time,mechanical,Low,,views/persons_dim.view.lkml,376,82b3ab594f0d8f518072f3e1cc4f4ce8ac1d576e
dimension_group,looker:analytics:field:pipeline_history:date,pipeline_history,,date,dimension_group:time,mechanical,Low,,views/pipeline_history.view.lkml,85,82b3ab594f0d8f518072f3e1cc4f4ce8ac1d576e
dimension_group,looker:analytics:field:pl_reports:date_month,pl_reports,,date_month,dimension_group:time,mechanical,Low,,views/pl_reports.view.lkml,13,82b3ab594f0d8f518072f3e1cc4f4ce8ac1d576e
dimension_group,looker:analytics:field:pl_reports:report_created_ts,pl_reports,,report_created_ts,dimension_group:time,mechanical,Low,,views/pl_reports.view.lkml,29,82b3ab594f0d8f518072f3e1cc4f4ce8ac1d576e
dimension_group,looker:analytics:field:product_usage_fact:product_usage_billing_ts,product_usage_fact,,product_usage_billing_ts,dimension_group:time,mechanical,Low,,views/product_usage_fact.view.lkml,75,82b3ab594f0d8f518072f3e1cc4f4ce8ac1d576e
dimension_group,looker:analytics:field:product_usage_fact:product_usage_duration,product_usage_fact,,product_usage_duration,dimension_group:duration,assisted,Medium,duration group: confirm Omni duration parameter shape before validate,views/product_usage_fact.view.lkml,140,82b3ab594f0d8f518072f3e1cc4f4ce8ac1d576e
dimension_group,looker:analytics:field:product_usage_fact:product_usage_end_ts,product_usage_fact,,product_usage_end_ts,dimension_group:time,mechanical,Low,,views/product_usage_fact.view.lkml,125,82b3ab594f0d8f518072f3e1cc4f4ce8ac1d576e
dimension_group,looker:analytics:field:product_usage_fact:product_usage_start_ts,product_usage_fact,,product_usage_start_ts,dimension_group:time,mechanical,Low,,views/product_usage_fact.view.lkml,237,82b3ab594f0d8f518072f3e1cc4f4ce8ac1d576e
dimension_group,looker:analytics:field:profit_and_loss_demo_fact:period,profit_and_loss_demo_fact,,period,dimension_group:time,assisted,Medium,"timeframes with no Omni equivalent dropped: fiscal_month_num, fiscal_quarter_of_year",views/profit_and_loss_demo_fact.view.lkml,43,82b3ab594f0d8f518072f3e1cc4f4ce8ac1d576e
dimension_group,looker:analytics:field:profit_and_loss_report_account_group:date_month,profit_and_loss_report_account_group,,date_month,dimension_group:time,mechanical,Low,,views/profit_and_loss_report_account_group.view.lkml,36,82b3ab594f0d8f518072f3e1cc4f4ce8ac1d576e
dimension_group,looker:analytics:field:profit_and_loss_report_fact:period,profit_and_loss_report_fact,,period,dimension_group:time,assisted,Medium,"timeframes with no Omni equivalent dropped: fiscal_month_num, fiscal_quarter_of_year",views/profit_and_loss_report_fact.view.lkml,64,82b3ab594f0d8f518072f3e1cc4f4ce8ac1d576e
dimension_group,looker:analytics:field:project_attribution:billing,project_attribution,,billing,dimension_group:time,mechanical,Low,,views/project_attribution.view.lkml,117,82b3ab594f0d8f518072f3e1cc4f4ce8ac1d576e
dimension_group,looker:analytics:field:project_engagements:booking,project_engagements,,booking,dimension_group:time,assisted,Medium,timeframes with no Omni equivalent dropped: fiscal_month_num,views/project_engagements_monthly_revenue.view.lkml,7,82b3ab594f0d8f518072f3e1cc4f4ce8ac1d576e
dimension_group,looker:analytics:field:project_metrics:timesheet_billing,project_metrics,,timesheet_billing,dimension_group:time,mechanical,Low,,views/project_metrics.view.lkml,63,82b3ab594f0d8f518072f3e1cc4f4ce8ac1d576e
dimension_group,looker:analytics:field:recognized_revenue_fact:billing_month,recognized_revenue_fact,,billing_month,dimension_group:time,assisted,Medium,"timeframes with no Omni equivalent dropped: fiscal_month_num, fiscal_quarter_of_year",views/recognized_revenue_fact.view.lkml,13,82b3ab594f0d8f518072f3e1cc4f4ce8ac1d576e
dimension_group,looker:analytics:field:recruiting_job_applications_fact:job_application_created,recruiting_job_applications_fact,,job_application_created,dimension_group:time,mechanical,Low,,views/recruiting_job_applications_fact.view.lkml,71,82b3ab594f0d8f518072f3e1cc4f4ce8ac1d576e
dimension_group,looker:analytics:field:recruiting_job_applications_fact:job_application_latest_review,recruiting_job_applications_fact,,job_application_latest_review,dimension_group:time,mechanical,Low,,views/recruiting_job_applications_fact.view.lkml,82,82b3ab594f0d8f518072f3e1cc4f4ce8ac1d576e
dimension_group,looker:analytics:field:recruiting_job_applications_fact:job_application_rejected,recruiting_job_applications_fact,,job_application_rejected,dimension_group:time,mechanical,Low,,views/recruiting_job_applications_fact.view.lkml,107,82b3ab594f0d8f518072f3e1cc4f4ce8ac1d576e
dimension_group,looker:analytics:field:recruiting_jobs_dim:job_created,recruiting_jobs_dim,,job_created,dimension_group:time,mechanical,Low,,views/recruiting_jobs_dim.view.lkml,10,82b3ab594f0d8f518072f3e1cc4f4ce8ac1d576e
dimension_group,looker:analytics:field:recruiting_jobs_dim:job_last_modified,recruiting_jobs_dim,,job_last_modified,dimension_group:time,mechanical,Low,,views/recruiting_jobs_dim.view.lkml,25,82b3ab594f0d8f518072f3e1cc4f4ce8ac1d576e
dimension_group,looker:analytics:field:revenue_and_forecast:period,revenue_and_forecast,,period,dimension_group:time,mechanical,Low,,views/revenue_and_forecast.view.lkml,9,82b3ab594f0d8f518072f3e1cc4f4ce8ac1d576e
dimension_group,looker:analytics:field:revenue_attribution:invoice,revenue_attribution,,invoice,dimension_group:time,mechanical,Low,,views/revenue_attribution.view.lkml,116,82b3ab594f0d8f518072f3e1cc4f4ce8ac1d576e
dimension_group,looker:analytics:field:sales_funnel_xa:event_ts,sales_funnel_xa,,event_ts,dimension_group:time,mechanical,Low,,views/sales_funnel_xa.view.lkml,101,82b3ab594f0d8f518072f3e1cc4f4ce8ac1d576e
dimension_group,looker:analytics:field:sales_funnel_xa:funnel_stage_enter_ts,sales_funnel_xa,,funnel_stage_enter_ts,dimension_group:time,mechanical,Low,,views/sales_funnel_xa.view.lkml,156,82b3ab594f0d8f518072f3e1cc4f4ce8ac1d576e
dimension_group,looker:analytics:field:sales_targets:period,sales_targets,,period,dimension_group:time,mechanical,Low,,views/sales_targets.view.lkml,137,82b3ab594f0d8f518072f3e1cc4f4ce8ac1d576e
dimension_group,looker:analytics:field:site_report_by_page:_fivetran_synced,site_report_by_page,,_fivetran_synced,dimension_group:time,mechanical,Low,,views/site_report_by_page.view.lkml,4,82b3ab594f0d8f518072f3e1cc4f4ce8ac1d576e
dimension_group,looker:analytics:field:site_report_by_page:date,site_report_by_page,,date,dimension_group:time,mechanical,Low,,views/site_report_by_page.view.lkml,22,82b3ab594f0d8f518072f3e1cc4f4ce8ac1d576e
dimension_group,looker:analytics:field:site_report_by_site:date,site_report_by_site,,date,dimension_group:time,mechanical,Low,,views/site_report_by_site.view.lkml,28,82b3ab594f0d8f518072f3e1cc4f4ce8ac1d576e
dimension_group,looker:analytics:field:src_control_commits_fact:commit_author,src_control_commits_fact,,commit_author,dimension_group:time,mechanical,Low,,views/src_control_commits_fact.view.lkml,107,82b3ab594f0d8f518072f3e1cc4f4ce8ac1d576e
dimension_group,looker:analytics:field:src_control_commits_fact:commit_committer,src_control_commits_fact,,commit_committer,dimension_group:time,mechanical,Low,,views/src_control_commits_fact.view.lkml,116,82b3ab594f0d8f518072f3e1cc4f4ce8ac1d576e
dimension_group,looker:analytics:field:src_control_daily_metrics_fact:day,src_control_daily_metrics_fact,,day,dimension_group:time,mechanical,Low,,views/src_control_daily_metrics_fact.view.lkml,39,82b3ab594f0d8f518072f3e1cc4f4ce8ac1d576e
dimension_group,looker:analytics:field:src_control_issues_fact:issue_closed,src_control_issues_fact,,issue_closed,dimension_group:time,mechanical,Low,,views/src_control_issues_fact.view.lkml,20,82b3ab594f0d8f518072f3e1cc4f4ce8ac1d576e
dimension_group,looker:analytics:field:src_control_issues_fact:issue_created,src_control_issues_fact,,issue_created,dimension_group:time,mechanical,Low,,views/src_control_issues_fact.view.lkml,25,82b3ab594f0d8f518072f3e1cc4f4ce8ac1d576e
dimension_group,looker:analytics:field:src_control_issues_fact:issue_updated,src_control_issues_fact,,issue_updated,dimension_group:time,mechanical,Low,,views/src_control_issues_fact.view.lkml,74,82b3ab594f0d8f518072f3e1cc4f4ce8ac1d576e
dimension_group,looker:analytics:field:src_control_pull_requests_fact:pr_closed,src_control_pull_requests_fact,,pr_closed,dimension_group:time,mechanical,Low,,views/src_control_pull_requests_fact.view.lkml,184,82b3ab594f0d8f518072f3e1cc4f4ce8ac1d576e
dimension_group,looker:analytics:field:src_control_pull_requests_fact:pr_created,src_control_pull_requests_fact,,pr_created,dimension_group:time,mechanical,Low,,views/src_control_pull_requests_fact.view.lkml,165,82b3ab594f0d8f518072f3e1cc4f4ce8ac1d576e
dimension_group,looker:analytics:field:src_control_pull_requests_fact:pr_merged,src_control_pull_requests_fact,,pr_merged,dimension_group:time,mechanical,Low,,views/src_control_pull_requests_fact.view.lkml,194,82b3ab594f0d8f518072f3e1cc4f4ce8ac1d576e
dimension_group,looker:analytics:field:src_control_pull_requests_fact:pr_updated,src_control_pull_requests_fact,,pr_updated,dimension_group:time,mechanical,Low,,views/src_control_pull_requests_fact.view.lkml,175,82b3ab594f0d8f518072f3e1cc4f4ce8ac1d576e
dimension_group,looker:analytics:field:src_control_repos_dim:repo_created,src_control_repos_dim,,repo_created,dimension_group:time,mechanical,Low,,views/src_control_repos_dim.view.lkml,99,82b3ab594f0d8f518072f3e1cc4f4ce8ac1d576e
dimension_group,looker:analytics:field:staff_daily_engagement_fact:engagement,staff_daily_engagement_fact,,engagement,dimension_group:time,mechanical,Low,,views/staff_daily_engagement_fact.view.lkml,51,82b3ab594f0d8f518072f3e1cc4f4ce8ac1d576e
dimension_group,looker:analytics:field:staff_daily_engagement_fact:work_end,staff_daily_engagement_fact,,work_end,dimension_group:time,assisted,Medium,timeframes with no Omni equivalent dropped: time_of_day,views/staff_daily_engagement_fact.view.lkml,76,82b3ab594f0d8f518072f3e1cc4f4ce8ac1d576e
dimension_group,looker:analytics:field:staff_daily_engagement_fact:work_start,staff_daily_engagement_fact,,work_start,dimension_group:time,assisted,Medium,timeframes with no Omni equivalent dropped: time_of_day,views/staff_daily_engagement_fact.view.lkml,68,82b3ab594f0d8f518072f3e1cc4f4ce8ac1d576e
dimension_group,looker:analytics:field:staff_dim:contact_created_date,staff_dim,,contact_created_date,dimension_group:time,mechanical,Low,,views/staff_dim.view.lkml,58,82b3ab594f0d8f518072f3e1cc4f4ce8ac1d576e
dimension_group,looker:analytics:field:staff_event_timeline_fact:event,staff_event_timeline_fact,,event,dimension_group:time,assisted,Medium,timeframes with no Omni equivalent dropped: time_of_day,views/staff_event_timeline_fact.view.lkml,38,82b3ab594f0d8f518072f3e1cc4f4ce8ac1d576e
dimension_group,looker:analytics:field:staff_weekly_engagement_fact:week_commencing,staff_weekly_engagement_fact,,week_commencing,dimension_group:time,mechanical,Low,,views/staff_weekly_engagement_fact.view.lkml,55,82b3ab594f0d8f518072f3e1cc4f4ce8ac1d576e
dimension_group,looker:analytics:field:targets:period,targets,,period,dimension_group:time,mechanical,Low,,views/targets.view.lkml,39,82b3ab594f0d8f518072f3e1cc4f4ce8ac1d576e
dimension_group,looker:analytics:field:team_revenue_targets:month,team_revenue_targets,,month,dimension_group:time,mechanical,Low,,views/team_revenue_targets.view.lkml,8,82b3ab594f0d8f518072f3e1cc4f4ce8ac1d576e
dimension_group,looker:analytics:field:timesheet_project_costs_fact:expense_created_at,timesheet_project_costs_fact,,expense_created_at,dimension_group:time,mechanical,Low,,views/timesheet_project_costs_fact.view.lkml,85,82b3ab594f0d8f518072f3e1cc4f4ce8ac1d576e
dimension_group,looker:analytics:field:timesheet_project_costs_fact:expense_spent_at_ts,timesheet_project_costs_fact,,expense_spent_at_ts,dimension_group:time,mechanical,Low,,views/timesheet_project_costs_fact.view.lkml,141,82b3ab594f0d8f518072f3e1cc4f4ce8ac1d576e
dimension_group,looker:analytics:field:timesheet_project_costs_fact:expense_updated_at_ts,timesheet_project_costs_fact,,expense_updated_at_ts,dimension_group:time,mechanical,Low,,views/timesheet_project_costs_fact.view.lkml,178,82b3ab594f0d8f518072f3e1cc4f4ce8ac1d576e
dimension_group,looker:analytics:field:timesheet_project_engagement_rag_status_fact:reporting,timesheet_project_engagement_rag_status_fact,,reporting,dimension_group:time,mechanical,Low,,views/timesheet_project_engagement_rag_status_fact.view.lkml,42,82b3ab594f0d8f518072f3e1cc4f4ce8ac1d576e
dimension_group,looker:analytics:field:timesheet_project_engagement_rag_status_fact__month_timeline_events:event_date,timesheet_project_engagement_rag_status_fact__month_timeline_events,,event_date,dimension_group:time,mechanical,Low,,views/timesheet_project_engagement_rag_status_fact.view.lkml,245,82b3ab594f0d8f518072f3e1cc4f4ce8ac1d576e
dimension_group,looker:analytics:field:timesheet_project_engagements_dim__projects:engagement_sprint_end,timesheet_project_engagements_dim__projects,,engagement_sprint_end,dimension_group:time,mechanical,Low,,views/engagements.view.lkml,299,82b3ab594f0d8f518072f3e1cc4f4ce8ac1d576e
dimension_group,looker:analytics:field:timesheet_project_engagements_dim__projects:engagement_sprint_start,timesheet_project_engagements_dim__projects,,engagement_sprint_start,dimension_group:time,mechanical,Low,,views/engagements.view.lkml,293,82b3ab594f0d8f518072f3e1cc4f4ce8ac1d576e
dimension_group,looker:analytics:field:timesheet_project_monthly_forecast_billing_fact:forecast,timesheet_project_monthly_forecast_billing_fact,,forecast,dimension_group:time,mechanical,Low,,views/timesheet_project_monthly_forecast_billing_fact.view.lkml,86,82b3ab594f0d8f518072f3e1cc4f4ce8ac1d576e
dimension_group,looker:analytics:field:timesheet_projects_dim:last_billable_timesheet,timesheet_projects_dim,,last_billable_timesheet,dimension_group:time,mechanical,Low,,views/timesheet_projects_dim.view.lkml,219,82b3ab594f0d8f518072f3e1cc4f4ce8ac1d576e
dimension_group,looker:analytics:field:timesheet_projects_dim:project_delivery_end_ts,timesheet_projects_dim,,project_delivery_end_ts,dimension_group:time,mechanical,Low,,views/timesheet_projects_dim.view.lkml,68,82b3ab594f0d8f518072f3e1cc4f4ce8ac1d576e
dimension_group,looker:analytics:field:timesheet_projects_dim:project_delivery_start_ts,timesheet_projects_dim,,project_delivery_start_ts,dimension_group:time,mechanical,Low,,views/timesheet_projects_dim.view.lkml,87,82b3ab594f0d8f518072f3e1cc4f4ce8ac1d576e
dimension_group,looker:analytics:field:timesheet_tasks_dim:task_created,timesheet_tasks_dim,,task_created,dimension_group:time,mechanical,Low,,views/timesheet_tasks_dim.view.lkml,11,82b3ab594f0d8f518072f3e1cc4f4ce8ac1d576e
dimension_group,looker:analytics:field:timesheet_tasks_dim:task_updated,timesheet_tasks_dim,,task_updated,dimension_group:time,mechanical,Low,,views/timesheet_tasks_dim.view.lkml,56,82b3ab594f0d8f518072f3e1cc4f4ce8ac1d576e
dimension_group,looker:analytics:field:timesheets_fact:first_client_timesheet,timesheets_fact,,first_client_timesheet,dimension_group:time,mechanical,Low,,views/timesheets_fact.view.lkml,85,82b3ab594f0d8f518072f3e1cc4f4ce8ac1d576e
dimension_group,looker:analytics:field:timesheets_fact:last_client_timesheet,timesheets_fact,,last_client_timesheet,dimension_group:time,mechanical,Low,,views/timesheets_fact.view.lkml,96,82b3ab594f0d8f518072f3e1cc4f4ce8ac1d576e
dimension_group,looker:analytics:field:timesheets_fact:timesheet_billing,timesheets_fact,,timesheet_billing,dimension_group:time,assisted,Medium,"timeframes with no Omni equivalent dropped: week_of_year, fiscal_month_num, fiscal_quarter_of_year",views/timesheets_fact.view.lkml,42,82b3ab594f0d8f518072f3e1cc4f4ce8ac1d576e
dimension_group,looker:analytics:field:timesheets_forecast_fact:forecast_day_ts,timesheets_forecast_fact,,forecast_day_ts,dimension_group:time,mechanical,Low,,views/timesheets_forecast_fact.view.lkml,22,82b3ab594f0d8f518072f3e1cc4f4ce8ac1d576e
dimension_group,looker:analytics:field:timesheets_forecast_fact:forecast_end_ts,timesheets_forecast_fact,,forecast_end_ts,dimension_group:time,mechanical,Low,,views/timesheets_forecast_fact.view.lkml,56,82b3ab594f0d8f518072f3e1cc4f4ce8ac1d576e
dimension_group,looker:analytics:field:timesheets_forecast_fact:forecast_start_ts,timesheets_forecast_fact,,forecast_start_ts,dimension_group:time,mechanical,Low,,views/timesheets_forecast_fact.view.lkml,50,82b3ab594f0d8f518072f3e1cc4f4ce8ac1d576e
dimension_group,looker:analytics:field:transactions_fact:transaction_created_ts,transactions_fact,,transaction_created_ts,dimension_group:time,mechanical,Low,,views/transactions_fact.view.lkml,5,82b3ab594f0d8f518072f3e1cc4f4ce8ac1d576e
dimension_group,looker:analytics:field:transactions_fact:transaction_last_modified_ts,transactions_fact,,transaction_last_modified_ts,dimension_group:time,mechanical,Low,,views/transactions_fact.view.lkml,49,82b3ab594f0d8f518072f3e1cc4f4ce8ac1d576e
dimension_group,looker:analytics:field:users_dim:user_created_ts,users_dim,,user_created_ts,dimension_group:time,mechanical,Low,,views/users_dim.view.lkml,16,82b3ab594f0d8f518072f3e1cc4f4ce8ac1d576e
dimension_group,looker:analytics:field:users_dim:user_last_modified_ts,users_dim,,user_last_modified_ts,dimension_group:time,mechanical,Low,,views/users_dim.view.lkml,60,82b3ab594f0d8f518072f3e1cc4f4ce8ac1d576e
dimension_group,looker:analytics:field:web_events_fact:event_ts,web_events_fact,,event_ts,dimension_group:time,assisted,Medium,timeframes with no Omni equivalent dropped: hour3,views/web_events_fact.view.lkml,62,82b3ab594f0d8f518072f3e1cc4f4ce8ac1d576e
dimension_group,looker:analytics:field:web_events_fact:page_published,web_events_fact,,page_published,dimension_group:time,mechanical,Low,,views/web_events_fact.view.lkml,136,82b3ab594f0d8f518072f3e1cc4f4ce8ac1d576e
dimension_group,looker:analytics:field:web_events_fact:prev_event_ts,web_events_fact,,prev_event_ts,dimension_group:time,mechanical,Low,,views/web_events_fact.view.lkml,296,82b3ab594f0d8f518072f3e1cc4f4ce8ac1d576e
dimension_group,looker:analytics:field:web_sessions_fact:period_normalized,web_sessions_fact,,period_normalized,dimension_group:time,mechanical,Low,,views/web_sessions_fact.view.lkml,117,82b3ab594f0d8f518072f3e1cc4f4ce8ac1d576e
dimension_group,looker:analytics:field:web_sessions_fact:session_end_ts,web_sessions_fact,,session_end_ts,dimension_group:time,assisted,Medium,"timeframes with no Omni equivalent dropped: hour4, week_of_year",views/web_sessions_fact.view.lkml,413,82b3ab594f0d8f518072f3e1cc4f4ce8ac1d576e
dimension_group,looker:analytics:field:web_sessions_fact:session_start_ts,web_sessions_fact,,session_start_ts,dimension_group:time,assisted,Medium,"timeframes with no Omni equivalent dropped: hour4, week_of_year, fiscal_month_num, fiscal_quarter_of_year",views/web_sessions_fact.view.lkml,441,82b3ab594f0d8f518072f3e1cc4f4ce8ac1d576e
dimension_group,looker:analytics:field:website_leads:booking,website_leads,,booking,dimension_group:time,assisted,Medium,timeframes with no Omni equivalent dropped: hour3,views/website_leads.view.lkml,40,82b3ab594f0d8f518072f3e1cc4f4ce8ac1d576e
dimension_group,looker:analytics:field:website_leads:meeting,website_leads,,meeting,dimension_group:time,mechanical,Low,,views/website_leads.view.lkml,46,82b3ab594f0d8f518072f3e1cc4f4ce8ac1d576e
dimension_group,looker:analytics:field:wh_sessions_attribution:converted_ts,wh_sessions_attribution,,converted_ts,dimension_group:time,mechanical,Low,,views/wh_sessions_attribution.view.lkml,60,82b3ab594f0d8f518072f3e1cc4f4ce8ac1d576e
dimension_group,looker:analytics:field:workstations_dim:agentic_framework_first_seen,workstations_dim,,agentic_framework_first_seen,dimension_group:time,mechanical,Low,,views/workstations_dim.view.lkml,59,82b3ab594f0d8f518072f3e1cc4f4ce8ac1d576e
dimension_group,looker:analytics:field:workstations_dim:agentic_framework_last_seen,workstations_dim,,agentic_framework_last_seen,dimension_group:time,mechanical,Low,,views/workstations_dim.view.lkml,67,82b3ab594f0d8f518072f3e1cc4f4ce8ac1d576e
dimension_group,looker:analytics:field:workstations_dim:coding_agent_first_seen,workstations_dim,,coding_agent_first_seen,dimension_group:time,mechanical,Low,,views/workstations_dim.view.lkml,75,82b3ab594f0d8f518072f3e1cc4f4ce8ac1d576e
dimension_group,looker:analytics:field:workstations_dim:coding_agent_last_seen,workstations_dim,,coding_agent_last_seen,dimension_group:time,mechanical,Low,,views/workstations_dim.view.lkml,83,82b3ab594f0d8f518072f3e1cc4f4ce8ac1d576e
dimension_group,looker:analytics:field:workstations_dim:first_seen,workstations_dim,,first_seen,dimension_group:time,mechanical,Low,,views/workstations_dim.view.lkml,91,82b3ab594f0d8f518072f3e1cc4f4ce8ac1d576e
dimension_group,looker:analytics:field:workstations_dim:last_seen,workstations_dim,,last_seen,dimension_group:time,mechanical,Low,,views/workstations_dim.view.lkml,99,82b3ab594f0d8f518072f3e1cc4f4ce8ac1d576e
measure,looker:analytics:field:actuals_v_targets:actual,actuals_v_targets,,actual,measure:sum,redesign,High,Liquid in measure sql or label,views/actuals_v_targets.view.lkml,68,82b3ab594f0d8f518072f3e1cc4f4ce8ac1d576e
measure,looker:analytics:field:actuals_v_targets:deals_closed_target,actuals_v_targets,,deals_closed_target,measure:sum,mechanical,Low,,views/actuals_v_targets.view.lkml,133,82b3ab594f0d8f518072f3e1cc4f4ce8ac1d576e
measure,looker:analytics:field:actuals_v_targets:deals_target,actuals_v_targets,,deals_target,measure:sum,mechanical,Low,,views/actuals_v_targets.view.lkml,119,82b3ab594f0d8f518072f3e1cc4f4ce8ac1d576e
measure,looker:analytics:field:actuals_v_targets:revenue_actual,actuals_v_targets,,revenue_actual,measure:sum,mechanical,Low,,views/actuals_v_targets.view.lkml,112,82b3ab594f0d8f518072f3e1cc4f4ce8ac1d576e
measure,looker:analytics:field:actuals_v_targets:revenue_target,actuals_v_targets,,revenue_target,measure:sum,mechanical,Low,,views/actuals_v_targets.view.lkml,106,82b3ab594f0d8f518072f3e1cc4f4ce8ac1d576e
measure,looker:analytics:field:actuals_v_targets:target,actuals_v_targets,,target,measure:sum,redesign,High,Liquid in measure sql or label,views/actuals_v_targets.view.lkml,82,82b3ab594f0d8f518072f3e1cc4f4ce8ac1d576e
measure,looker:analytics:field:actuals_v_targets:total_closed_deal_amount,actuals_v_targets,,total_closed_deal_amount,measure:sum,mechanical,Low,,views/actuals_v_targets.view.lkml,140,82b3ab594f0d8f518072f3e1cc4f4ce8ac1d576e
measure,looker:analytics:field:actuals_v_targets:total_deal_amount,actuals_v_targets,,total_deal_amount,measure:sum,mechanical,Low,,views/actuals_v_targets.view.lkml,126,82b3ab594f0d8f518072f3e1cc4f4ce8ac1d576e
measure,looker:analytics:field:ad_campaign_performance_fact:average_actual_cpc,ad_campaign_performance_fact,,average_actual_cpc,measure:average,mechanical,Low,,views/ad_campaign_performance_fact.view.lkml,5,82b3ab594f0d8f518072f3e1cc4f4ce8ac1d576e
measure,looker:analytics:field:ad_campaign_performance_fact:average_actual_ctr,ad_campaign_performance_fact,,average_actual_ctr,measure:average,mechanical,Low,,views/ad_campaign_performance_fact.view.lkml,19,82b3ab594f0d8f518072f3e1cc4f4ce8ac1d576e
measure,looker:analytics:field:ad_campaign_performance_fact:average_actual_vs_reported_clicks_pct,ad_campaign_performance_fact,,average_actual_vs_reported_clicks_pct,measure:average,mechanical,Low,,views/ad_campaign_performance_fact.view.lkml,25,82b3ab594f0d8f518072f3e1cc4f4ce8ac1d576e
measure,looker:analytics:field:ad_campaign_performance_fact:average_avg_reported_bounce_rate,ad_campaign_performance_fact,,average_avg_reported_bounce_rate,measure:average,mechanical,Low,,views/ad_campaign_performance_fact.view.lkml,32,82b3ab594f0d8f518072f3e1cc4f4ce8ac1d576e
measure,looker:analytics:field:ad_campaign_performance_fact:average_reported_cpc,ad_campaign_performance_fact,,average_reported_cpc,measure:average,mechanical,Low,,views/ad_campaign_performance_fact.view.lkml,60,82b3ab594f0d8f518072f3e1cc4f4ce8ac1d576e
measure,looker:analytics:field:ad_campaign_performance_fact:average_reported_cpm,ad_campaign_performance_fact,,average_reported_cpm,measure:average,mechanical,Low,,views/ad_campaign_performance_fact.view.lkml,66,82b3ab594f0d8f518072f3e1cc4f4ce8ac1d576e
measure,looker:analytics:field:ad_campaign_performance_fact:average_reported_ctr,ad_campaign_performance_fact,,average_reported_ctr,measure:average,mechanical,Low,,views/ad_campaign_performance_fact.view.lkml,73,82b3ab594f0d8f518072f3e1cc4f4ce8ac1d576e
measure,looker:analytics:field:ad_campaign_performance_fact:avg_reported_time_on_site,ad_campaign_performance_fact,,avg_reported_time_on_site,measure:average,mechanical,Low,,views/ad_campaign_performance_fact.view.lkml,39,82b3ab594f0d8f518072f3e1cc4f4ce8ac1d576e
measure,looker:analytics:field:ad_campaign_performance_fact:count,ad_campaign_performance_fact,,count,measure:count,mechanical,Low,,views/ad_campaign_performance_fact.view.lkml,166,82b3ab594f0d8f518072f3e1cc4f4ce8ac1d576e
measure,looker:analytics:field:ad_campaign_performance_fact:total_clicks,ad_campaign_performance_fact,,total_clicks,measure:sum,mechanical,Low,,views/ad_campaign_performance_fact.view.lkml,79,82b3ab594f0d8f518072f3e1cc4f4ce8ac1d576e
measure,looker:analytics:field:ad_campaign_performance_fact:total_reported_clicks,ad_campaign_performance_fact,,total_reported_clicks,measure:sum,mechanical,Low,,views/ad_campaign_performance_fact.view.lkml,134,82b3ab594f0d8f518072f3e1cc4f4ce8ac1d576e
measure,looker:analytics:field:ad_campaign_performance_fact:total_reported_cost,ad_campaign_performance_fact,,total_reported_cost,measure:sum,mechanical,Low,,views/ad_campaign_performance_fact.view.lkml,141,82b3ab594f0d8f518072f3e1cc4f4ce8ac1d576e
measure,looker:analytics:field:ad_campaign_performance_fact:total_reported_impressions,ad_campaign_performance_fact,,total_reported_impressions,measure:sum,mechanical,Low,,views/ad_campaign_performance_fact.view.lkml,150,82b3ab594f0d8f518072f3e1cc4f4ce8ac1d576e
measure,looker:analytics:field:ad_campaign_performance_fact:total_reported_invalid_clicks,ad_campaign_performance_fact,,total_reported_invalid_clicks,measure:sum,mechanical,Low,,views/ad_campaign_performance_fact.view.lkml,157,82b3ab594f0d8f518072f3e1cc4f4ce8ac1d576e
measure,looker:analytics:field:ad_campaign_performance_fact:total_session_case_study_page_views,ad_campaign_performance_fact,,total_session_case_study_page_views,measure:sum,mechanical,Low,,views/ad_campaign_performance_fact.view.lkml,106,82b3ab594f0d8f518072f3e1cc4f4ce8ac1d576e
measure,looker:analytics:field:ad_campaign_performance_fact:total_session_conversions,ad_campaign_performance_fact,,total_session_conversions,measure:sum,mechanical,Low,,views/ad_campaign_performance_fact.view.lkml,120,82b3ab594f0d8f518072f3e1cc4f4ce8ac1d576e
measure,looker:analytics:field:ad_campaign_performance_fact:total_session_goals_achieved,ad_campaign_performance_fact,,total_session_goals_achieved,measure:sum,mechanical,Low,,views/ad_campaign_performance_fact.view.lkml,113,82b3ab594f0d8f518072f3e1cc4f4ce8ac1d576e
measure,looker:analytics:field:ad_campaign_performance_fact:total_session_marketing_page_views,ad_campaign_performance_fact,,total_session_marketing_page_views,measure:sum,mechanical,Low,,views/ad_campaign_performance_fact.view.lkml,99,82b3ab594f0d8f518072f3e1cc4f4ce8ac1d576e
measure,looker:analytics:field:ad_campaign_performance_fact:total_session_page_views,ad_campaign_performance_fact,,total_session_page_views,measure:sum,mechanical,Low,,views/ad_campaign_performance_fact.view.lkml,85,82b3ab594f0d8f518072f3e1cc4f4ce8ac1d576e
measure,looker:analytics:field:ad_campaign_performance_fact:total_session_services_page_views,ad_campaign_performance_fact,,total_session_services_page_views,measure:sum,mechanical,Low,,views/ad_campaign_performance_fact.view.lkml,92,82b3ab594f0d8f518072f3e1cc4f4ce8ac1d576e
measure,looker:analytics:field:ad_campaign_performance_fact:total_unique_users,ad_campaign_performance_fact,,total_unique_users,measure:sum,mechanical,Low,,views/ad_campaign_performance_fact.view.lkml,127,82b3ab594f0d8f518072f3e1cc4f4ce8ac1d576e
measure,looker:analytics:field:ad_campaigns_dim:count,ad_campaigns_dim,,count,measure:count,mechanical,Low,,views/ad_campaigns_dim.view.lkml,78,82b3ab594f0d8f518072f3e1cc4f4ce8ac1d576e
measure,looker:analytics:field:ad_performance_snapshot_fact:count,ad_performance_snapshot_fact,,count,measure:count,mechanical,Low,,views/ad_performance_snapshot_fact.view.lkml,69,82b3ab594f0d8f518072f3e1cc4f4ce8ac1d576e
measure,looker:analytics:field:ad_roi_summary_fact:ad_metric_choice,ad_roi_summary_fact,,ad_metric_choice,measure:number,redesign,High,Liquid in measure sql or label,views/ad_roi_summary_fact.view.lkml,146,82b3ab594f0d8f518072f3e1cc4f4ce8ac1d576e
measure,looker:analytics:field:ad_roi_summary_fact:ad_metric_choice_2,ad_roi_summary_fact,,ad_metric_choice_2,measure:number,redesign,High,Liquid in measure sql or label,views/ad_roi_summary_fact.view.lkml,194,82b3ab594f0d8f518072f3e1cc4f4ce8ac1d576e
measure,looker:analytics:field:ad_roi_summary_fact:avg_actual_cpc,ad_roi_summary_fact,,avg_actual_cpc,measure:average,mechanical,Low,,views/ad_roi_summary_fact.view.lkml,244,82b3ab594f0d8f518072f3e1cc4f4ce8ac1d576e
measure,looker:analytics:field:ad_roi_summary_fact:avg_actual_ctr,ad_roi_summary_fact,,avg_actual_ctr,measure:average,mechanical,Low,,views/ad_roi_summary_fact.view.lkml,295,82b3ab594f0d8f518072f3e1cc4f4ce8ac1d576e
measure,looker:analytics:field:ad_roi_summary_fact:avg_actual_vs_reported_clicks_pct,ad_roi_summary_fact,,avg_actual_vs_reported_clicks_pct,measure:average,mechanical,Low,,views/ad_roi_summary_fact.view.lkml,310,82b3ab594f0d8f518072f3e1cc4f4ce8ac1d576e
measure,looker:analytics:field:ad_roi_summary_fact:avg_reported_bounce_rate,ad_roi_summary_fact,,avg_reported_bounce_rate,measure:average,mechanical,Low,,views/ad_roi_summary_fact.view.lkml,337,82b3ab594f0d8f518072f3e1cc4f4ce8ac1d576e
measure,looker:analytics:field:ad_roi_summary_fact:avg_reported_cpc,ad_roi_summary_fact,,avg_reported_cpc,measure:average,mechanical,Low,,views/ad_roi_summary_fact.view.lkml,393,82b3ab594f0d8f518072f3e1cc4f4ce8ac1d576e
measure,looker:analytics:field:ad_roi_summary_fact:avg_reported_cpm,ad_roi_summary_fact,,avg_reported_cpm,measure:average,mechanical,Low,,views/ad_roi_summary_fact.view.lkml,401,82b3ab594f0d8f518072f3e1cc4f4ce8ac1d576e
measure,looker:analytics:field:ad_roi_summary_fact:avg_reported_ctr,ad_roi_summary_fact,,avg_reported_ctr,measure:average,mechanical,Low,,views/ad_roi_summary_fact.view.lkml,416,82b3ab594f0d8f518072f3e1cc4f4ce8ac1d576e
measure,looker:analytics:field:ad_roi_summary_fact:avg_reported_time_on_site,ad_roi_summary_fact,,avg_reported_time_on_site,measure:average,mechanical,Low,,views/ad_roi_summary_fact.view.lkml,352,82b3ab594f0d8f518072f3e1cc4f4ce8ac1d576e
measure,looker:analytics:field:ad_roi_summary_fact:conversions,ad_roi_summary_fact,,conversions,measure:sum,redesign,High,Liquid in measure sql or label,views/ad_roi_summary_fact.view.lkml,61,82b3ab594f0d8f518072f3e1cc4f4ce8ac1d576e
measure,looker:analytics:field:ad_roi_summary_fact:first_plan,ad_roi_summary_fact,,first_plan,measure:sum,redesign,High,Liquid in measure sql or label,views/ad_roi_summary_fact.view.lkml,41,82b3ab594f0d8f518072f3e1cc4f4ce8ac1d576e
measure,looker:analytics:field:ad_roi_summary_fact:new_trials,ad_roi_summary_fact,,new_trials,measure:sum,redesign,High,Liquid in measure sql or label,views/ad_roi_summary_fact.view.lkml,80,82b3ab594f0d8f518072f3e1cc4f4ce8ac1d576e
measure,looker:analytics:field:ad_roi_summary_fact:predicted_ltv,ad_roi_summary_fact,,predicted_ltv,measure:sum,redesign,High,Liquid in measure sql or label,views/ad_roi_summary_fact.view.lkml,21,82b3ab594f0d8f518072f3e1cc4f4ce8ac1d576e
measure,looker:analytics:field:ad_roi_summary_fact:total_adwords_entrances,ad_roi_summary_fact,,total_adwords_entrances,measure:sum,mechanical,Low,,views/ad_roi_summary_fact.view.lkml,278,82b3ab594f0d8f518072f3e1cc4f4ce8ac1d576e
measure,looker:analytics:field:ad_roi_summary_fact:total_clicks,ad_roi_summary_fact,,total_clicks,measure:sum,mechanical,Low,,views/ad_roi_summary_fact.view.lkml,431,82b3ab594f0d8f518072f3e1cc4f4ce8ac1d576e
measure,looker:analytics:field:ad_roi_summary_fact:total_even_click_attrib_conversions,ad_roi_summary_fact,,total_even_click_attrib_conversions,measure:sum,mechanical,Low,,views/ad_roi_summary_fact.view.lkml,584,82b3ab594f0d8f518072f3e1cc4f4ce8ac1d576e
measure,looker:analytics:field:ad_roi_summary_fact:total_even_click_attrib_first_plan,ad_roi_summary_fact,,total_even_click_attrib_first_plan,measure:sum,mechanical,Low,,views/ad_roi_summary_fact.view.lkml,510,82b3ab594f0d8f518072f3e1cc4f4ce8ac1d576e
measure,looker:analytics:field:ad_roi_summary_fact:total_even_click_attrib_new_trials,ad_roi_summary_fact,,total_even_click_attrib_new_trials,measure:sum,mechanical,Low,,views/ad_roi_summary_fact.view.lkml,630,82b3ab594f0d8f518072f3e1cc4f4ce8ac1d576e
measure,looker:analytics:field:ad_roi_summary_fact:total_even_click_baremetrics_predicted_ltv,ad_roi_summary_fact,,total_even_click_baremetrics_predicted_ltv,measure:sum,mechanical,Low,,views/ad_roi_summary_fact.view.lkml,518,82b3ab594f0d8f518072f3e1cc4f4ce8ac1d576e
measure,looker:analytics:field:ad_roi_summary_fact:total_facebook_entrances,ad_roi_summary_fact,,total_facebook_entrances,measure:sum,mechanical,Low,,views/ad_roi_summary_fact.view.lkml,270,82b3ab594f0d8f518072f3e1cc4f4ce8ac1d576e
measure,looker:analytics:field:ad_roi_summary_fact:total_first_click_attrib_conversions,ad_roi_summary_fact,,total_first_click_attrib_conversions,measure:sum,mechanical,Low,,views/ad_roi_summary_fact.view.lkml,575,82b3ab594f0d8f518072f3e1cc4f4ce8ac1d576e
measure,looker:analytics:field:ad_roi_summary_fact:total_first_click_attrib_first_plan,ad_roi_summary_fact,,total_first_click_attrib_first_plan,measure:sum,mechanical,Low,,views/ad_roi_summary_fact.view.lkml,526,82b3ab594f0d8f518072f3e1cc4f4ce8ac1d576e
measure,looker:analytics:field:ad_roi_summary_fact:total_first_click_attrib_new_trials,ad_roi_summary_fact,,total_first_click_attrib_new_trials,measure:sum,mechanical,Low,,views/ad_roi_summary_fact.view.lkml,612,82b3ab594f0d8f518072f3e1cc4f4ce8ac1d576e
measure,looker:analytics:field:ad_roi_summary_fact:total_first_click_baremetrics_predicted_ltv,ad_roi_summary_fact,,total_first_click_baremetrics_predicted_ltv,measure:sum,mechanical,Low,,views/ad_roi_summary_fact.view.lkml,534,82b3ab594f0d8f518072f3e1cc4f4ce8ac1d576e
measure,looker:analytics:field:ad_roi_summary_fact:total_last_click_attrib_conversions,ad_roi_summary_fact,,total_last_click_attrib_conversions,measure:sum,mechanical,Low,,views/ad_roi_summary_fact.view.lkml,593,82b3ab594f0d8f518072f3e1cc4f4ce8ac1d576e
measure,looker:analytics:field:ad_roi_summary_fact:total_last_click_attrib_first_plan,ad_roi_summary_fact,,total_last_click_attrib_first_plan,measure:sum,mechanical,Low,,views/ad_roi_summary_fact.view.lkml,542,82b3ab594f0d8f518072f3e1cc4f4ce8ac1d576e
measure,looker:analytics:field:ad_roi_summary_fact:total_last_click_attrib_new_trials,ad_roi_summary_fact,,total_last_click_attrib_new_trials,measure:sum,mechanical,Low,,views/ad_roi_summary_fact.view.lkml,621,82b3ab594f0d8f518072f3e1cc4f4ce8ac1d576e
measure,looker:analytics:field:ad_roi_summary_fact:total_last_click_baremetrics_predicted_ltv,ad_roi_summary_fact,,total_last_click_baremetrics_predicted_ltv,measure:sum,mechanical,Low,,views/ad_roi_summary_fact.view.lkml,550,82b3ab594f0d8f518072f3e1cc4f4ce8ac1d576e
measure,looker:analytics:field:ad_roi_summary_fact:total_paid_social_entrances,ad_roi_summary_fact,,total_paid_social_entrances,measure:sum,mechanical,Low,,views/ad_roi_summary_fact.view.lkml,262,82b3ab594f0d8f518072f3e1cc4f4ce8ac1d576e
measure,looker:analytics:field:ad_roi_summary_fact:total_reported_clicks,ad_roi_summary_fact,,total_reported_clicks,measure:sum,mechanical,Low,,views/ad_roi_summary_fact.view.lkml,446,82b3ab594f0d8f518072f3e1cc4f4ce8ac1d576e
measure,looker:analytics:field:ad_roi_summary_fact:total_reported_cost,ad_roi_summary_fact,,total_reported_cost,measure:sum,mechanical,Low,,views/ad_roi_summary_fact.view.lkml,461,82b3ab594f0d8f518072f3e1cc4f4ce8ac1d576e
measure,looker:analytics:field:ad_roi_summary_fact:total_reported_impressions,ad_roi_summary_fact,,total_reported_impressions,measure:sum,mechanical,Low,,views/ad_roi_summary_fact.view.lkml,476,82b3ab594f0d8f518072f3e1cc4f4ce8ac1d576e
measure,looker:analytics:field:ad_roi_summary_fact:total_reported_invalid_clicks,ad_roi_summary_fact,,total_reported_invalid_clicks,measure:sum,mechanical,Low,,views/ad_roi_summary_fact.view.lkml,491,82b3ab594f0d8f518072f3e1cc4f4ce8ac1d576e
measure,looker:analytics:field:ad_roi_summary_fact:total_time_decay_attrib_conversions,ad_roi_summary_fact,,total_time_decay_attrib_conversions,measure:sum,mechanical,Low,,views/ad_roi_summary_fact.view.lkml,602,82b3ab594f0d8f518072f3e1cc4f4ce8ac1d576e
measure,looker:analytics:field:ad_roi_summary_fact:total_time_decay_attrib_first_plan,ad_roi_summary_fact,,total_time_decay_attrib_first_plan,measure:sum,mechanical,Low,,views/ad_roi_summary_fact.view.lkml,559,82b3ab594f0d8f518072f3e1cc4f4ce8ac1d576e
measure,looker:analytics:field:ad_roi_summary_fact:total_time_decay_attrib_new_trials,ad_roi_summary_fact,,total_time_decay_attrib_new_trials,measure:sum,mechanical,Low,,views/ad_roi_summary_fact.view.lkml,639,82b3ab594f0d8f518072f3e1cc4f4ce8ac1d576e
measure,looker:analytics:field:ad_roi_summary_fact:total_time_decay_baremetrics_predicted_ltv,ad_roi_summary_fact,,total_time_decay_baremetrics_predicted_ltv,measure:sum,mechanical,Low,,views/ad_roi_summary_fact.view.lkml,567,82b3ab594f0d8f518072f3e1cc4f4ce8ac1d576e
measure,looker:analytics:field:ad_roi_summary_fact:unique_users,ad_roi_summary_fact,,unique_users,measure:sum,mechanical,Low,,views/ad_roi_summary_fact.view.lkml,252,82b3ab594f0d8f518072f3e1cc4f4ce8ac1d576e
measure,looker:analytics:field:ads_dim:count,ads_dim,,count,measure:count,mechanical,Low,,views/ads_dim.view.lkml,113,82b3ab594f0d8f518072f3e1cc4f4ce8ac1d576e
measure,looker:analytics:field:adsets_dim:count,adsets_dim,,count,measure:count,mechanical,Low,,views/adsets_dim.view.lkml,101,82b3ab594f0d8f518072f3e1cc4f4ce8ac1d576e
measure,looker:analytics:field:anomaly_detection:button_clicked_count,anomaly_detection,,button_clicked_count,measure:sum,mechanical,Low,,views/anomaly_detection.view.lkml,307,82b3ab594f0d8f518072f3e1cc4f4ce8ac1d576e
measure,looker:analytics:field:anomaly_detection:contact_us_count,anomaly_detection,,contact_us_count,measure:sum,mechanical,Low,,views/anomaly_detection.view.lkml,315,82b3ab594f0d8f518072f3e1cc4f4ce8ac1d576e
measure,looker:analytics:field:anomaly_detection:displayed_popup_count,anomaly_detection,,displayed_popup_count,measure:sum,mechanical,Low,,views/anomaly_detection.view.lkml,331,82b3ab594f0d8f518072f3e1cc4f4ce8ac1d576e
measure,looker:analytics:field:anomaly_detection:displayed_popup_ratio,anomaly_detection,,displayed_popup_ratio,measure:average,mechanical,Low,,views/anomaly_detection.view.lkml,352,82b3ab594f0d8f518072f3e1cc4f4ce8ac1d576e
measure,looker:analytics:field:anomaly_detection:icp_modal_displayed_count,anomaly_detection,,icp_modal_displayed_count,measure:sum,mechanical,Low,,views/anomaly_detection.view.lkml,323,82b3ab594f0d8f518072f3e1cc4f4ce8ac1d576e
measure,looker:analytics:field:anomaly_detection:icp_modal_displayed_ratio,anomaly_detection,,icp_modal_displayed_ratio,measure:average,mechanical,Low,,views/anomaly_detection.view.lkml,343,82b3ab594f0d8f518072f3e1cc4f4ce8ac1d576e
measure,looker:analytics:field:anomaly_detection:metric,anomaly_detection,,metric,measure:sum,redesign,High,Liquid in measure sql or label,views/anomaly_detection.view.lkml,213,82b3ab594f0d8f518072f3e1cc4f4ce8ac1d576e
measure,looker:analytics:field:anomaly_detection:metric_iqr,anomaly_detection,,metric_iqr,measure:average,redesign,High,Liquid in measure sql or label,views/anomaly_detection.view.lkml,237,82b3ab594f0d8f518072f3e1cc4f4ce8ac1d576e
measure,looker:analytics:field:anomaly_detection:metric_lower_bound,anomaly_detection,,metric_lower_bound,measure:average,redesign,High,Liquid in measure sql or label,views/anomaly_detection.view.lkml,245,82b3ab594f0d8f518072f3e1cc4f4ce8ac1d576e
measure,looker:analytics:field:anomaly_detection:metric_q1,anomaly_detection,,metric_q1,measure:average,redesign,High,Liquid in measure sql or label,views/anomaly_detection.view.lkml,221,82b3ab594f0d8f518072f3e1cc4f4ce8ac1d576e
measure,looker:analytics:field:anomaly_detection:metric_q3,anomaly_detection,,metric_q3,measure:average,redesign,High,Liquid in measure sql or label,views/anomaly_detection.view.lkml,229,82b3ab594f0d8f518072f3e1cc4f4ce8ac1d576e
measure,looker:analytics:field:anomaly_detection:metric_upper_bound,anomaly_detection,,metric_upper_bound,measure:average,redesign,High,Liquid in measure sql or label,views/anomaly_detection.view.lkml,253,82b3ab594f0d8f518072f3e1cc4f4ce8ac1d576e
measure,looker:analytics:field:anomaly_detection:page_view_count,anomaly_detection,,page_view_count,measure:sum,mechanical,Low,,views/anomaly_detection.view.lkml,299,82b3ab594f0d8f518072f3e1cc4f4ce8ac1d576e
measure,looker:analytics:field:attribution_fact:count,attribution_fact,,count,measure:count,mechanical,Low,,views/attribution_fact.view.lkml,181,82b3ab594f0d8f518072f3e1cc4f4ce8ac1d576e
measure,looker:analytics:field:bank_account_details:count,bank_account_details,,count,measure:count,mechanical,Low,,views/bank_account_details.view.lkml,18,82b3ab594f0d8f518072f3e1cc4f4ce8ac1d576e
measure,looker:analytics:field:bank_transactions_fact:line_amount,bank_transactions_fact,,line_amount,measure:sum,mechanical,Low,,views/bank_transactions_fact.view.lkml,78,82b3ab594f0d8f518072f3e1cc4f4ce8ac1d576e
measure,looker:analytics:field:bank_transactions_fact:sub_total,bank_transactions_fact,,sub_total,measure:sum,mechanical,Low,,views/bank_transactions_fact.view.lkml,120,82b3ab594f0d8f518072f3e1cc4f4ce8ac1d576e
measure,looker:analytics:field:bank_transactions_fact:tax_amount,bank_transactions_fact,,tax_amount,measure:sum,mechanical,Low,,views/bank_transactions_fact.view.lkml,127,82b3ab594f0d8f518072f3e1cc4f4ce8ac1d576e
measure,looker:analytics:field:bank_transactions_fact:total,bank_transactions_fact,,total,measure:sum,mechanical,Low,,views/bank_transactions_fact.view.lkml,134,82b3ab594f0d8f518072f3e1cc4f4ce8ac1d576e
measure,looker:analytics:field:bank_transactions_fact:total_tax,bank_transactions_fact,,total_tax,measure:sum,mechanical,Low,,views/bank_transactions_fact.view.lkml,143,82b3ab594f0d8f518072f3e1cc4f4ce8ac1d576e
measure,looker:analytics:field:certification_progress:score_target,certification_progress,,score_target,measure:average,mechanical,Low,,views/certification_progress.view.lkml,43,82b3ab594f0d8f518072f3e1cc4f4ce8ac1d576e
measure,looker:analytics:field:certification_progress:total_score,certification_progress,,total_score,measure:sum,mechanical,Low,,views/certification_progress.view.lkml,38,82b3ab594f0d8f518072f3e1cc4f4ce8ac1d576e
measure,looker:analytics:field:coding_agent_commands_dim:count,coding_agent_commands_dim,,count,measure:count,mechanical,Low,,views/coding_agent_commands_dim.view.lkml,77,82b3ab594f0d8f518072f3e1cc4f4ce8ac1d576e
measure,looker:analytics:field:coding_agent_commands_dim:total_invocations_sum,coding_agent_commands_dim,,total_invocations_sum,measure:sum,mechanical,Low,,views/coding_agent_commands_dim.view.lkml,82,82b3ab594f0d8f518072f3e1cc4f4ce8ac1d576e
measure,looker:analytics:field:coding_agent_prompts_fact:avg_word_count,coding_agent_prompts_fact,,avg_word_count,measure:average,mechanical,Low,,views/coding_agent_prompts_fact.view.lkml,235,82b3ab594f0d8f518072f3e1cc4f4ce8ac1d576e
measure,looker:analytics:field:coding_agent_prompts_fact:count,coding_agent_prompts_fact,,count,measure:count,mechanical,Low,,views/coding_agent_prompts_fact.view.lkml,205,82b3ab594f0d8f518072f3e1cc4f4ce8ac1d576e
measure,looker:analytics:field:coding_agent_prompts_fact:distinct_users,coding_agent_prompts_fact,,distinct_users,measure:count_distinct,mechanical,Low,,views/coding_agent_prompts_fact.view.lkml,211,82b3ab594f0d8f518072f3e1cc4f4ce8ac1d576e
measure,looker:analytics:field:coding_agent_prompts_fact:free_form_count,coding_agent_prompts_fact,,free_form_count,measure:count,mechanical,Low,,views/coding_agent_prompts_fact.view.lkml,223,82b3ab594f0d8f518072f3e1cc4f4ce8ac1d576e
measure,looker:analytics:field:coding_agent_prompts_fact:pct_slash_commands,coding_agent_prompts_fact,,pct_slash_commands,measure:number,assisted,Medium,derived measure (type: number): validate confirms it resolves on the branch,views/coding_agent_prompts_fact.view.lkml,242,82b3ab594f0d8f518072f3e1cc4f4ce8ac1d576e
measure,looker:analytics:field:coding_agent_prompts_fact:slash_command_count,coding_agent_prompts_fact,,slash_command_count,measure:count,mechanical,Low,,views/coding_agent_prompts_fact.view.lkml,217,82b3ab594f0d8f518072f3e1cc4f4ce8ac1d576e
measure,looker:analytics:field:coding_agent_prompts_fact:wire_slash_command_count,coding_agent_prompts_fact,,wire_slash_command_count,measure:count,mechanical,Low,,views/coding_agent_prompts_fact.view.lkml,229,82b3ab594f0d8f518072f3e1cc4f4ce8ac1d576e
measure,looker:analytics:field:companies_dim:count,companies_dim,,count,measure:count,mechanical,Low,,views/companies_dim.view.lkml,111,82b3ab594f0d8f518072f3e1cc4f4ce8ac1d576e
measure,looker:analytics:field:companies_dim:total_clients,companies_dim,,total_clients,measure:count_distinct,mechanical,Low,,views/companies_dim.view.lkml,118,82b3ab594f0d8f518072f3e1cc4f4ce8ac1d576e
measure,looker:analytics:field:companies_dim_ideal_customer:ideal_customer_ip_score,companies_dim_ideal_customer,,ideal_customer_ip_score,measure:average,mechanical,Low,,views/companies_dim_ideal_customer.view.lkml,407,82b3ab594f0d8f518072f3e1cc4f4ce8ac1d576e
measure,looker:analytics:field:companies_dim_ideal_customer:ideal_customer_loyalty_score,companies_dim_ideal_customer,,ideal_customer_loyalty_score,measure:average,mechanical,Low,,views/companies_dim_ideal_customer.view.lkml,380,82b3ab594f0d8f518072f3e1cc4f4ce8ac1d576e
measure,looker:analytics:field:companies_dim_ideal_customer:ideal_customer_measure,companies_dim_ideal_customer,,ideal_customer_measure,measure:number,redesign,High,Liquid in measure sql or label,views/companies_dim_ideal_customer.view.lkml,116,82b3ab594f0d8f518072f3e1cc4f4ce8ac1d576e
measure,looker:analytics:field:companies_dim_ideal_customer:ideal_customer_ranking,companies_dim_ideal_customer,,ideal_customer_ranking,measure:average,mechanical,Low,,views/companies_dim_ideal_customer.view.lkml,153,82b3ab594f0d8f518072f3e1cc4f4ce8ac1d576e
measure,looker:analytics:field:companies_dim_ideal_customer:ideal_customer_revenue_score,companies_dim_ideal_customer,,ideal_customer_revenue_score,measure:average,mechanical,Low,,views/companies_dim_ideal_customer.view.lkml,389,82b3ab594f0d8f518072f3e1cc4f4ce8ac1d576e
measure,looker:analytics:field:companies_dim_ideal_customer:ideal_customer_satisfaction_score,companies_dim_ideal_customer,,ideal_customer_satisfaction_score,measure:average,mechanical,Low,,views/companies_dim_ideal_customer.view.lkml,398,82b3ab594f0d8f518072f3e1cc4f4ce8ac1d576e
measure,looker:analytics:field:companies_dim_ideal_customer:ideal_customer_total_score,companies_dim_ideal_customer,,ideal_customer_total_score,measure:average,mechanical,Low,,views/companies_dim_ideal_customer.view.lkml,416,82b3ab594f0d8f518072f3e1cc4f4ce8ac1d576e
measure,looker:analytics:field:companies_dim_ideal_customer:original_size_of_ra_team,companies_dim_ideal_customer,,original_size_of_ra_team,measure:average,mechanical,Low,,views/companies_dim_ideal_customer.view.lkml,371,82b3ab594f0d8f518072f3e1cc4f4ce8ac1d576e
measure,looker:analytics:field:company_comparison:Admin_Expenses,company_comparison,,Admin_Expenses,measure:sum,mechanical,Low,,views/company_comparison.view.lkml,166,82b3ab594f0d8f518072f3e1cc4f4ce8ac1d576e
measure,looker:analytics:field:company_comparison:Cost_Of_Sales,company_comparison,,Cost_Of_Sales,measure:sum,mechanical,Low,,views/company_comparison.view.lkml,121,82b3ab594f0d8f518072f3e1cc4f4ce8ac1d576e
measure,looker:analytics:field:company_comparison:Cost_Of_Sales_chg_pct_yoy,company_comparison,,Cost_Of_Sales_chg_pct_yoy,measure:sum,mechanical,Low,,views/company_comparison.view.lkml,130,82b3ab594f0d8f518072f3e1cc4f4ce8ac1d576e
measure,looker:analytics:field:company_comparison:Dividends_Paid,company_comparison,,Dividends_Paid,measure:sum,mechanical,Low,,views/company_comparison.view.lkml,280,82b3ab594f0d8f518072f3e1cc4f4ce8ac1d576e
measure,looker:analytics:field:company_comparison:EBITDA,company_comparison,,EBITDA,measure:sum,mechanical,Low,,views/company_comparison.view.lkml,350,82b3ab594f0d8f518072f3e1cc4f4ce8ac1d576e
measure,looker:analytics:field:company_comparison:Employee_Costs,company_comparison,,Employee_Costs,measure:sum,mechanical,Low,,views/company_comparison.view.lkml,310,82b3ab594f0d8f518072f3e1cc4f4ce8ac1d576e
measure,looker:analytics:field:company_comparison:Gross_Profit,company_comparison,,Gross_Profit,measure:sum,mechanical,Low,,views/company_comparison.view.lkml,148,82b3ab594f0d8f518072f3e1cc4f4ce8ac1d576e
measure,looker:analytics:field:company_comparison:Interest_Payable,company_comparison,,Interest_Payable,measure:sum,mechanical,Low,,views/company_comparison.view.lkml,211,82b3ab594f0d8f518072f3e1cc4f4ce8ac1d576e
measure,looker:analytics:field:company_comparison:Interest_Receivable,company_comparison,,Interest_Receivable,measure:sum,mechanical,Low,,views/company_comparison.view.lkml,221,82b3ab594f0d8f518072f3e1cc4f4ce8ac1d576e
measure,looker:analytics:field:company_comparison:Number_Of_Employees,company_comparison,,Number_Of_Employees,measure:sum,mechanical,Low,,views/company_comparison.view.lkml,330,82b3ab594f0d8f518072f3e1cc4f4ce8ac1d576e
measure,looker:analytics:field:company_comparison:Operating_Profit,company_comparison,,Operating_Profit,measure:sum,mechanical,Low,,views/company_comparison.view.lkml,184,82b3ab594f0d8f518072f3e1cc4f4ce8ac1d576e
measure,looker:analytics:field:company_comparison:Operating_Profit_chg_pct_yoy,company_comparison,,Operating_Profit_chg_pct_yoy,measure:average,mechanical,Low,,views/company_comparison.view.lkml,193,82b3ab594f0d8f518072f3e1cc4f4ce8ac1d576e
measure,looker:analytics:field:company_comparison:Other_Income_Or_Grants,company_comparison,,Other_Income_Or_Grants,measure:sum,mechanical,Low,,views/company_comparison.view.lkml,111,82b3ab594f0d8f518072f3e1cc4f4ce8ac1d576e
measure,looker:analytics:field:company_comparison:Pre_Tax_Profit,company_comparison,,Pre_Tax_Profit,measure:sum,mechanical,Low,,views/company_comparison.view.lkml,231,82b3ab594f0d8f518072f3e1cc4f4ce8ac1d576e
measure,looker:analytics:field:company_comparison:Pre_Tax_Profit_chg_pct_yoy,company_comparison,,Pre_Tax_Profit_chg_pct_yoy,measure:average,mechanical,Low,,views/company_comparison.view.lkml,241,82b3ab594f0d8f518072f3e1cc4f4ce8ac1d576e
measure,looker:analytics:field:company_comparison:Profit_After_Tax,company_comparison,,Profit_After_Tax,measure:sum,mechanical,Low,,views/company_comparison.view.lkml,270,82b3ab594f0d8f518072f3e1cc4f4ce8ac1d576e
measure,looker:analytics:field:company_comparison:Retained_Profit,company_comparison,,Retained_Profit,measure:sum,mechanical,Low,,views/company_comparison.view.lkml,290,82b3ab594f0d8f518072f3e1cc4f4ce8ac1d576e
measure,looker:analytics:field:company_comparison:Sales,company_comparison,,Sales,measure:sum,mechanical,Low,,views/company_comparison.view.lkml,82,82b3ab594f0d8f518072f3e1cc4f4ce8ac1d576e
measure,looker:analytics:field:company_comparison:Sales_chg_pct_yoy,company_comparison,,Sales_chg_pct_yoy,measure:average,mechanical,Low,,views/company_comparison.view.lkml,91,82b3ab594f0d8f518072f3e1cc4f4ce8ac1d576e
measure,looker:analytics:field:company_comparison:Tax,company_comparison,,Tax,measure:sum,mechanical,Low,,views/company_comparison.view.lkml,261,82b3ab594f0d8f518072f3e1cc4f4ce8ac1d576e
measure,looker:analytics:field:company_comparison:admin_expenses_pct,company_comparison,,admin_expenses_pct,measure:number,assisted,Medium,derived measure (type: number): validate confirms it resolves on the branch,views/company_comparison.view.lkml,422,82b3ab594f0d8f518072f3e1cc4f4ce8ac1d576e
measure,looker:analytics:field:company_comparison:amount,company_comparison,,amount,measure:sum,mechanical,Low,,views/company_comparison.view.lkml,65,82b3ab594f0d8f518072f3e1cc4f4ce8ac1d576e
measure,looker:analytics:field:company_comparison:avg_Admin_Expenses,company_comparison,,avg_Admin_Expenses,measure:average,mechanical,Low,,views/company_comparison.view.lkml,175,82b3ab594f0d8f518072f3e1cc4f4ce8ac1d576e
measure,looker:analytics:field:company_comparison:avg_Cost_Of_Sales,company_comparison,,avg_Cost_Of_Sales,measure:average,mechanical,Low,,views/company_comparison.view.lkml,139,82b3ab594f0d8f518072f3e1cc4f4ce8ac1d576e
measure,looker:analytics:field:company_comparison:avg_Employee_Costs,company_comparison,,avg_Employee_Costs,measure:average,mechanical,Low,,views/company_comparison.view.lkml,320,82b3ab594f0d8f518072f3e1cc4f4ce8ac1d576e
measure,looker:analytics:field:company_comparison:avg_Gross_Profit,company_comparison,,avg_Gross_Profit,measure:average,mechanical,Low,,views/company_comparison.view.lkml,157,82b3ab594f0d8f518072f3e1cc4f4ce8ac1d576e
measure,looker:analytics:field:company_comparison:avg_Number_Of_Employees,company_comparison,,avg_Number_Of_Employees,measure:average,mechanical,Low,,views/company_comparison.view.lkml,340,82b3ab594f0d8f518072f3e1cc4f4ce8ac1d576e
measure,looker:analytics:field:company_comparison:avg_Operating_Profit,company_comparison,,avg_Operating_Profit,measure:average,mechanical,Low,,views/company_comparison.view.lkml,202,82b3ab594f0d8f518072f3e1cc4f4ce8ac1d576e
measure,looker:analytics:field:company_comparison:avg_Pre_Tax_Profit,company_comparison,,avg_Pre_Tax_Profit,measure:average,mechanical,Low,,views/company_comparison.view.lkml,251,82b3ab594f0d8f518072f3e1cc4f4ce8ac1d576e
measure,looker:analytics:field:company_comparison:avg_Retained_Profit,company_comparison,,avg_Retained_Profit,measure:average,mechanical,Low,,views/company_comparison.view.lkml,300,82b3ab594f0d8f518072f3e1cc4f4ce8ac1d576e
measure,looker:analytics:field:company_comparison:avg_Sales,company_comparison,,avg_Sales,measure:average,mechanical,Low,,views/company_comparison.view.lkml,102,82b3ab594f0d8f518072f3e1cc4f4ce8ac1d576e
measure,looker:analytics:field:company_comparison:avg_employee_cost,company_comparison,,avg_employee_cost,measure:number,assisted,Medium,derived measure (type: number): validate confirms it resolves on the branch,views/company_comparison.view.lkml,413,82b3ab594f0d8f518072f3e1cc4f4ce8ac1d576e
measure,looker:analytics:field:company_comparison:avg_evenue_per_employee,company_comparison,,avg_evenue_per_employee,measure:average,mechanical,Low,,views/company_comparison.view.lkml,369,82b3ab594f0d8f518072f3e1cc4f4ce8ac1d576e
measure,looker:analytics:field:company_comparison:cost_of_sales_pct,company_comparison,,cost_of_sales_pct,measure:number,assisted,Medium,derived measure (type: number): validate confirms it resolves on the branch,views/company_comparison.view.lkml,396,82b3ab594f0d8f518072f3e1cc4f4ce8ac1d576e
measure,looker:analytics:field:company_comparison:ebitda_pct,company_comparison,,ebitda_pct,measure:number,assisted,Medium,derived measure (type: number): validate confirms it resolves on the branch,views/company_comparison.view.lkml,430,82b3ab594f0d8f518072f3e1cc4f4ce8ac1d576e
measure,looker:analytics:field:company_comparison:gross_margin_pct,company_comparison,,gross_margin_pct,measure:number,assisted,Medium,derived measure (type: number): validate confirms it resolves on the branch,views/company_comparison.view.lkml,384,82b3ab594f0d8f518072f3e1cc4f4ce8ac1d576e
measure,looker:analytics:field:company_comparison:net_margin_pct,company_comparison,,net_margin_pct,measure:number,assisted,Medium,derived measure (type: number): validate confirms it resolves on the branch,views/company_comparison.view.lkml,439,82b3ab594f0d8f518072f3e1cc4f4ce8ac1d576e
measure,looker:analytics:field:company_comparison:retained_profit_pct,company_comparison,,retained_profit_pct,measure:number,assisted,Medium,derived measure (type: number): validate confirms it resolves on the branch,views/company_comparison.view.lkml,404,82b3ab594f0d8f518072f3e1cc4f4ce8ac1d576e
measure,looker:analytics:field:company_comparison:revenue_per_employee,company_comparison,,revenue_per_employee,measure:number,assisted,Medium,derived measure (type: number): validate confirms it resolves on the branch,views/company_comparison.view.lkml,360,82b3ab594f0d8f518072f3e1cc4f4ce8ac1d576e
measure,looker:analytics:field:company_comparison:staff_revenue_to_cost_ratio,company_comparison,,staff_revenue_to_cost_ratio,measure:number,assisted,Medium,derived measure (type: number): validate confirms it resolves on the branch,views/company_comparison.view.lkml,448,82b3ab594f0d8f518072f3e1cc4f4ce8ac1d576e
measure,looker:analytics:field:company_converted_projects:count_discovery_conversions,company_converted_projects,,count_discovery_conversions,measure:count_distinct,mechanical,Low,,views/company_converted_projects.view.lkml,41,82b3ab594f0d8f518072f3e1cc4f4ce8ac1d576e
measure,looker:analytics:field:company_converted_projects:count_jumpstart_conversions,company_converted_projects,,count_jumpstart_conversions,measure:count_distinct,mechanical,Low,,views/company_converted_projects.view.lkml,47,82b3ab594f0d8f518072f3e1cc4f4ce8ac1d576e
measure,looker:analytics:field:company_converted_projects:count_potential_discovery_conversions,company_converted_projects,,count_potential_discovery_conversions,measure:count_distinct,mechanical,Low,,views/company_converted_projects.view.lkml,53,82b3ab594f0d8f518072f3e1cc4f4ce8ac1d576e
measure,looker:analytics:field:company_converted_projects:count_potential_jumpstart_conversions,company_converted_projects,,count_potential_jumpstart_conversions,measure:count_distinct,mechanical,Low,,views/company_converted_projects.view.lkml,59,82b3ab594f0d8f518072f3e1cc4f4ce8ac1d576e
measure,looker:analytics:field:company_converted_projects:count_project_clients,company_converted_projects,,count_project_clients,measure:count_distinct,mechanical,Low,,views/company_converted_projects.view.lkml,36,82b3ab594f0d8f518072f3e1cc4f4ce8ac1d576e
measure,looker:analytics:field:company_deal_value_attribute:total_expansion_deal_amount,company_deal_value_attribute,,total_expansion_deal_amount,measure:sum,mechanical,Low,,views/company_deal_value_attribute.view.lkml,50,82b3ab594f0d8f518072f3e1cc4f4ce8ac1d576e
measure,looker:analytics:field:company_deal_value_attribute:total_initial_deal_amount,company_deal_value_attribute,,total_initial_deal_amount,measure:sum,mechanical,Low,,views/company_deal_value_attribute.view.lkml,42,82b3ab594f0d8f518072f3e1cc4f4ce8ac1d576e
measure,looker:analytics:field:consultant_revenue_attribution:attributed_project_cost_gbp,consultant_revenue_attribution,,attributed_project_cost_gbp,measure:sum,mechanical,Low,,views/consultant_revenue_attribution.view.lkml,231,82b3ab594f0d8f518072f3e1cc4f4ce8ac1d576e
measure,looker:analytics:field:consultant_revenue_attribution:attributed_project_revenue_gbp,consultant_revenue_attribution,,attributed_project_revenue_gbp,measure:sum,mechanical,Low,,views/consultant_revenue_attribution.view.lkml,224,82b3ab594f0d8f518072f3e1cc4f4ce8ac1d576e
measure,looker:analytics:field:consulting_companies:average_employees_on_linked_in,consulting_companies,,average_employees_on_linked_in,measure:average,mechanical,Low,,views/consulting_companies.view.lkml,74,82b3ab594f0d8f518072f3e1cc4f4ce8ac1d576e
measure,looker:analytics:field:consulting_companies:count,consulting_companies,,count,measure:count,mechanical,Low,,views/consulting_companies.view.lkml,192,82b3ab594f0d8f518072f3e1cc4f4ce8ac1d576e
measure,looker:analytics:field:consulting_companies:total_employees_on_linked_in,consulting_companies,,total_employees_on_linked_in,measure:sum,mechanical,Low,,views/consulting_companies.view.lkml,69,82b3ab594f0d8f518072f3e1cc4f4ce8ac1d576e
measure,looker:analytics:field:contact_engagements_fact:count_engagements,contact_engagements_fact,,count_engagements,measure:count_distinct,mechanical,Low,,views/contact_engagements_fact.view.lkml,64,82b3ab594f0d8f518072f3e1cc4f4ce8ac1d576e
measure,looker:analytics:field:contact_engagements_fact:count_meetings,contact_engagements_fact,,count_meetings,measure:count_distinct,mechanical,Low,,views/contact_engagements_fact.view.lkml,72,82b3ab594f0d8f518072f3e1cc4f4ce8ac1d576e
measure,looker:analytics:field:contact_meetings_fact:total_meetings,contact_meetings_fact,,total_meetings,measure:count_distinct,mechanical,Low,,views/contact_meetings_fact.view.lkml,105,82b3ab594f0d8f518072f3e1cc4f4ce8ac1d576e
measure,looker:analytics:field:contact_nps_survey_fact:avg_nps_score,contact_nps_survey_fact,,avg_nps_score,measure:average,mechanical,Low,,views/contact_nps_survey_fact.view.lkml,92,82b3ab594f0d8f518072f3e1cc4f4ce8ac1d576e
measure,looker:analytics:field:contact_nps_survey_fact:total_respondents,contact_nps_survey_fact,,total_respondents,measure:count_distinct,mechanical,Low,,views/contact_nps_survey_fact.view.lkml,85,82b3ab594f0d8f518072f3e1cc4f4ce8ac1d576e
measure,looker:analytics:field:contact_nps_survey_fact:total_responses,contact_nps_survey_fact,,total_responses,measure:count_distinct,mechanical,Low,,views/contact_nps_survey_fact.view.lkml,79,82b3ab594f0d8f518072f3e1cc4f4ce8ac1d576e
measure,looker:analytics:field:contact_utilization_fact:actual_to_forecast_utilization_variance,contact_utilization_fact,,actual_to_forecast_utilization_variance,measure:average_distinct,assisted,Medium,distinct measure without sql_distinct_key,views/contact_utilization_fact.view.lkml,203,82b3ab594f0d8f518072f3e1cc4f4ce8ac1d576e
measure,looker:analytics:field:contact_utilization_fact:actual_to_target_utilization_variance,contact_utilization_fact,,actual_to_target_utilization_variance,measure:average_distinct,assisted,Medium,distinct measure without sql_distinct_key,views/contact_utilization_fact.view.lkml,209,82b3ab594f0d8f518072f3e1cc4f4ce8ac1d576e
measure,looker:analytics:field:contact_utilization_fact:average_actual_billable_hours,contact_utilization_fact,,average_actual_billable_hours,measure:average,mechanical,Low,,views/contact_utilization_fact.view.lkml,29,82b3ab594f0d8f518072f3e1cc4f4ce8ac1d576e
measure,looker:analytics:field:contact_utilization_fact:average_actual_story_points,contact_utilization_fact,,average_actual_story_points,measure:average_distinct,assisted,Medium,distinct measure without sql_distinct_key,views/contact_utilization_fact.view.lkml,53,82b3ab594f0d8f518072f3e1cc4f4ce8ac1d576e
measure,looker:analytics:field:contact_utilization_fact:average_actual_utilization,contact_utilization_fact,,average_actual_utilization,measure:average_distinct,assisted,Medium,distinct measure without sql_distinct_key,views/contact_utilization_fact.view.lkml,197,82b3ab594f0d8f518072f3e1cc4f4ce8ac1d576e
measure,looker:analytics:field:contact_utilization_fact:average_forecast_billable_hours,contact_utilization_fact,,average_forecast_billable_hours,measure:average_distinct,assisted,Medium,distinct measure without sql_distinct_key,views/contact_utilization_fact.view.lkml,84,82b3ab594f0d8f518072f3e1cc4f4ce8ac1d576e
measure,looker:analytics:field:contact_utilization_fact:average_forecast_utilization,contact_utilization_fact,,average_forecast_utilization,measure:average,mechanical,Low,,views/contact_utilization_fact.view.lkml,186,82b3ab594f0d8f518072f3e1cc4f4ce8ac1d576e
measure,looker:analytics:field:contact_utilization_fact:average_hours_per_week,contact_utilization_fact,,average_hours_per_week,measure:average_distinct,assisted,Medium,distinct measure without sql_distinct_key,views/contact_utilization_fact.view.lkml,121,82b3ab594f0d8f518072f3e1cc4f4ce8ac1d576e
measure,looker:analytics:field:contact_utilization_fact:average_target,contact_utilization_fact,,average_target,measure:average_distinct,assisted,Medium,distinct measure without sql_distinct_key,views/contact_utilization_fact.view.lkml,150,82b3ab594f0d8f518072f3e1cc4f4ce8ac1d576e
measure,looker:analytics:field:contact_utilization_fact:average_target_billable_capacity,contact_utilization_fact,,average_target_billable_capacity,measure:average_distinct,assisted,Medium,distinct measure without sql_distinct_key,views/contact_utilization_fact.view.lkml,165,82b3ab594f0d8f518072f3e1cc4f4ce8ac1d576e
measure,looker:analytics:field:contact_utilization_fact:average_time_off,contact_utilization_fact,,average_time_off,measure:average_distinct,assisted,Medium,distinct measure without sql_distinct_key,views/contact_utilization_fact.view.lkml,221,82b3ab594f0d8f518072f3e1cc4f4ce8ac1d576e
measure,looker:analytics:field:contact_utilization_fact:average_total_capacity,contact_utilization_fact,,average_total_capacity,measure:average_distinct,assisted,Medium,distinct measure without sql_distinct_key,views/contact_utilization_fact.view.lkml,245,82b3ab594f0d8f518072f3e1cc4f4ce8ac1d576e
measure,looker:analytics:field:contact_utilization_fact:total_actual_billable_hours,contact_utilization_fact,,total_actual_billable_hours,measure:sum_distinct,assisted,Medium,distinct measure without sql_distinct_key,views/contact_utilization_fact.view.lkml,37,82b3ab594f0d8f518072f3e1cc4f4ce8ac1d576e
measure,looker:analytics:field:contact_utilization_fact:total_actual_story_points,contact_utilization_fact,,total_actual_story_points,measure:sum_distinct,assisted,Medium,distinct measure without sql_distinct_key,views/contact_utilization_fact.view.lkml,61,82b3ab594f0d8f518072f3e1cc4f4ce8ac1d576e
measure,looker:analytics:field:contact_utilization_fact:total_forecast_billable_hours,contact_utilization_fact,,total_forecast_billable_hours,measure:sum_distinct,assisted,Medium,distinct measure without sql_distinct_key,views/contact_utilization_fact.view.lkml,92,82b3ab594f0d8f518072f3e1cc4f4ce8ac1d576e
measure,looker:analytics:field:contact_utilization_fact:total_hours_per_week,contact_utilization_fact,,total_hours_per_week,measure:sum_distinct,assisted,Medium,distinct measure without sql_distinct_key,views/contact_utilization_fact.view.lkml,129,82b3ab594f0d8f518072f3e1cc4f4ce8ac1d576e
measure,looker:analytics:field:contact_utilization_fact:total_target_billable_capacity,contact_utilization_fact,,total_target_billable_capacity,measure:sum,mechanical,Low,,views/contact_utilization_fact.view.lkml,173,82b3ab594f0d8f518072f3e1cc4f4ce8ac1d576e
measure,looker:analytics:field:contact_utilization_fact:total_time_off,contact_utilization_fact,,total_time_off,measure:sum_distinct,assisted,Medium,distinct measure without sql_distinct_key,views/contact_utilization_fact.view.lkml,229,82b3ab594f0d8f518072f3e1cc4f4ce8ac1d576e
measure,looker:analytics:field:contact_utilization_fact:total_total_capacity,contact_utilization_fact,,total_total_capacity,measure:sum_distinct,assisted,Medium,distinct measure without sql_distinct_key,views/contact_utilization_fact.view.lkml,253,82b3ab594f0d8f518072f3e1cc4f4ce8ac1d576e
measure,looker:analytics:field:contacts_dim:average_contact_cost_rate,contacts_dim,,average_contact_cost_rate,measure:average,mechanical,Low,,views/contacts_dim.view.lkml,122,82b3ab594f0d8f518072f3e1cc4f4ce8ac1d576e
measure,looker:analytics:field:contacts_dim:count,contacts_dim,,count,measure:count,mechanical,Low,,views/contacts_dim.view.lkml,927,82b3ab594f0d8f518072f3e1cc4f4ce8ac1d576e
measure,looker:analytics:field:contacts_web_interests_xa:attribution_interest,contacts_web_interests_xa,,attribution_interest,measure:sum,mechanical,Low,,views/contacts_web_interests_xa.view.lkml,5,82b3ab594f0d8f518072f3e1cc4f4ce8ac1d576e
measure,looker:analytics:field:contacts_web_interests_xa:bigquery_interest,contacts_web_interests_xa,,bigquery_interest,measure:sum,mechanical,Low,,views/contacts_web_interests_xa.view.lkml,11,82b3ab594f0d8f518072f3e1cc4f4ce8ac1d576e
measure,looker:analytics:field:contacts_web_interests_xa:blog_views,contacts_web_interests_xa,,blog_views,measure:sum,mechanical,Low,,views/contacts_web_interests_xa.view.lkml,18,82b3ab594f0d8f518072f3e1cc4f4ce8ac1d576e
measure,looker:analytics:field:contacts_web_interests_xa:casestudy_views,contacts_web_interests_xa,,casestudy_views,measure:sum,mechanical,Low,,views/contacts_web_interests_xa.view.lkml,25,82b3ab594f0d8f518072f3e1cc4f4ce8ac1d576e
measure,looker:analytics:field:contacts_web_interests_xa:customer_journey_interest,contacts_web_interests_xa,,customer_journey_interest,measure:sum,mechanical,Low,,views/contacts_web_interests_xa.view.lkml,39,82b3ab594f0d8f518072f3e1cc4f4ce8ac1d576e
measure,looker:analytics:field:contacts_web_interests_xa:data_centralisation_interest,contacts_web_interests_xa,,data_centralisation_interest,measure:sum,mechanical,Low,,views/contacts_web_interests_xa.view.lkml,46,82b3ab594f0d8f518072f3e1cc4f4ce8ac1d576e
measure,looker:analytics:field:contacts_web_interests_xa:data_teams_interest,contacts_web_interests_xa,,data_teams_interest,measure:sum,mechanical,Low,,views/contacts_web_interests_xa.view.lkml,53,82b3ab594f0d8f518072f3e1cc4f4ce8ac1d576e
measure,looker:analytics:field:contacts_web_interests_xa:dbt_interest,contacts_web_interests_xa,,dbt_interest,measure:sum,mechanical,Low,,views/contacts_web_interests_xa.view.lkml,60,82b3ab594f0d8f518072f3e1cc4f4ce8ac1d576e
measure,looker:analytics:field:contacts_web_interests_xa:looker_interest,contacts_web_interests_xa,,looker_interest,measure:sum,mechanical,Low,,views/contacts_web_interests_xa.view.lkml,84,82b3ab594f0d8f518072f3e1cc4f4ce8ac1d576e
measure,looker:analytics:field:contacts_web_interests_xa:marketing_analytics_interest,contacts_web_interests_xa,,marketing_analytics_interest,measure:sum,mechanical,Low,,views/contacts_web_interests_xa.view.lkml,91,82b3ab594f0d8f518072f3e1cc4f4ce8ac1d576e
measure,looker:analytics:field:contacts_web_interests_xa:martech_interest,contacts_web_interests_xa,,martech_interest,measure:sum,mechanical,Low,,views/contacts_web_interests_xa.view.lkml,98,82b3ab594f0d8f518072f3e1cc4f4ce8ac1d576e
measure,looker:analytics:field:contacts_web_interests_xa:modern_data_stack_interest,contacts_web_interests_xa,,modern_data_stack_interest,measure:sum,mechanical,Low,,views/contacts_web_interests_xa.view.lkml,105,82b3ab594f0d8f518072f3e1cc4f4ce8ac1d576e
measure,looker:analytics:field:contacts_web_interests_xa:oawc_interest,contacts_web_interests_xa,,oawc_interest,measure:sum,mechanical,Low,,views/contacts_web_interests_xa.view.lkml,112,82b3ab594f0d8f518072f3e1cc4f4ce8ac1d576e
measure,looker:analytics:field:contacts_web_interests_xa:personas_interest,contacts_web_interests_xa,,personas_interest,measure:sum,mechanical,Low,,views/contacts_web_interests_xa.view.lkml,119,82b3ab594f0d8f518072f3e1cc4f4ce8ac1d576e
measure,looker:analytics:field:contacts_web_interests_xa:podcast_views,contacts_web_interests_xa,,podcast_views,measure:sum,mechanical,Low,,views/contacts_web_interests_xa.view.lkml,126,82b3ab594f0d8f518072f3e1cc4f4ce8ac1d576e
measure,looker:analytics:field:contacts_web_interests_xa:pricing_views,contacts_web_interests_xa,,pricing_views,measure:sum,mechanical,Low,,views/contacts_web_interests_xa.view.lkml,133,82b3ab594f0d8f518072f3e1cc4f4ce8ac1d576e
measure,looker:analytics:field:contacts_web_interests_xa:ra_warehouse_interest,contacts_web_interests_xa,,ra_warehouse_interest,measure:sum,mechanical,Low,,views/contacts_web_interests_xa.view.lkml,140,82b3ab594f0d8f518072f3e1cc4f4ce8ac1d576e
measure,looker:analytics:field:contacts_web_interests_xa:segment_interest,contacts_web_interests_xa,,segment_interest,measure:sum,mechanical,Low,,views/contacts_web_interests_xa.view.lkml,147,82b3ab594f0d8f518072f3e1cc4f4ce8ac1d576e
measure,looker:analytics:field:contacts_web_interests_xa:startup_interest,contacts_web_interests_xa,,startup_interest,measure:sum,mechanical,Low,,views/contacts_web_interests_xa.view.lkml,154,82b3ab594f0d8f518072f3e1cc4f4ce8ac1d576e
measure,looker:analytics:field:contacts_web_interests_xa:visits_l90_days,contacts_web_interests_xa,,visits_l90_days,measure:sum,mechanical,Low,,views/contacts_web_interests_xa.view.lkml,161,82b3ab594f0d8f518072f3e1cc4f4ce8ac1d576e
measure,looker:analytics:field:content_performance:avg_ctr,content_performance,,avg_ctr,measure:average,mechanical,Low,,views/content_performance.view.lkml,184,82b3ab594f0d8f518072f3e1cc4f4ce8ac1d576e
measure,looker:analytics:field:content_performance:avg_position,content_performance,,avg_position,measure:average,mechanical,Low,,views/content_performance.view.lkml,189,82b3ab594f0d8f518072f3e1cc4f4ce8ac1d576e
measure,looker:analytics:field:content_performance:total_clicks,content_performance,,total_clicks,measure:sum,mechanical,Low,,views/content_performance.view.lkml,174,82b3ab594f0d8f518072f3e1cc4f4ce8ac1d576e
measure,looker:analytics:field:content_performance:total_impressions,content_performance,,total_impressions,measure:sum,mechanical,Low,,views/content_performance.view.lkml,179,82b3ab594f0d8f518072f3e1cc4f4ce8ac1d576e
measure,looker:analytics:field:content_performance:total_page_views,content_performance,,total_page_views,measure:sum,mechanical,Low,,views/content_performance.view.lkml,195,82b3ab594f0d8f518072f3e1cc4f4ce8ac1d576e
measure,looker:analytics:field:content_performance:total_referral_page_views,content_performance,,total_referral_page_views,measure:sum,mechanical,Low,,views/content_performance.view.lkml,205,82b3ab594f0d8f518072f3e1cc4f4ce8ac1d576e
measure,looker:analytics:field:content_performance:total_unique_visitors,content_performance,,total_unique_visitors,measure:sum,mechanical,Low,,views/content_performance.view.lkml,200,82b3ab594f0d8f518072f3e1cc4f4ce8ac1d576e
measure,looker:analytics:field:contracts_fact:avg_pct_signatures_remaining,contracts_fact,,avg_pct_signatures_remaining,measure:average,mechanical,Low,,views/contracts_fact.view.lkml,130,82b3ab594f0d8f518072f3e1cc4f4ce8ac1d576e
measure,looker:analytics:field:cumulative_churned_clients:companies_list,cumulative_churned_clients,,companies_list,measure:list,mechanical,Low,,views/cumulative_churned_clients.view.lkml,163,82b3ab594f0d8f518072f3e1cc4f4ce8ac1d576e
measure,looker:analytics:field:cumulative_churned_clients:cumulative_churned_clients,cumulative_churned_clients,,cumulative_churned_clients,measure:count_distinct,mechanical,Low,,views/cumulative_churned_clients.view.lkml,155,82b3ab594f0d8f518072f3e1cc4f4ce8ac1d576e
measure,looker:analytics:field:currency_dim:count,currency_dim,,count,measure:count,mechanical,Low,,views/currency_dim.view.lkml,20,82b3ab594f0d8f518072f3e1cc4f4ce8ac1d576e
measure,looker:analytics:field:customer_meetings:average_contribution_sentiment_score,customer_meetings,,average_contribution_sentiment_score,measure:average,mechanical,Low,,views/customer_meetings.view.lkml,114,82b3ab594f0d8f518072f3e1cc4f4ce8ac1d576e
measure,looker:analytics:field:customer_meetings:avg_meeting_engagement_level,customer_meetings,,avg_meeting_engagement_level,measure:average,mechanical,Low,,views/customer_meetings.view.lkml,107,82b3ab594f0d8f518072f3e1cc4f4ce8ac1d576e
measure,looker:analytics:field:customer_meetings:total_contributions,customer_meetings,,total_contributions,measure:count_distinct,mechanical,Low,,views/customer_meetings.view.lkml,6,82b3ab594f0d8f518072f3e1cc4f4ce8ac1d576e
measure,looker:analytics:field:customer_meetings:total_meetings,customer_meetings,,total_meetings,measure:count_distinct,mechanical,Low,,views/customer_meetings.view.lkml,12,82b3ab594f0d8f518072f3e1cc4f4ce8ac1d576e
measure,looker:analytics:field:dbt_slack:count,dbt_slack,,count,measure:count,mechanical,Low,,views/dbt_slack.view.lkml,90,82b3ab594f0d8f518072f3e1cc4f4ce8ac1d576e
measure,looker:analytics:field:deal_pipeline_history:count_deals,deal_pipeline_history,,count_deals,measure:count_distinct,mechanical,Low,,views/deal_pipeline_history.view.lkml,5,82b3ab594f0d8f518072f3e1cc4f4ce8ac1d576e
measure,looker:analytics:field:deal_pipeline_history:total_deal_amount_gbp,deal_pipeline_history,,total_deal_amount_gbp,measure:sum,mechanical,Low,,views/deal_pipeline_history.view.lkml,12,82b3ab594f0d8f518072f3e1cc4f4ce8ac1d576e
measure,looker:analytics:field:deal_pipeline_history:total_weighted_amount_gbp,deal_pipeline_history,,total_weighted_amount_gbp,measure:sum,mechanical,Low,,views/deal_pipeline_history.view.lkml,17,82b3ab594f0d8f518072f3e1cc4f4ce8ac1d576e
measure,looker:analytics:field:deals_fact:avg_days_to_close_won,deals_fact,,avg_days_to_close_won,measure:average,mechanical,Low,,views/deals_fact.view.lkml,411,82b3ab594f0d8f518072f3e1cc4f4ce8ac1d576e
measure,looker:analytics:field:deals_fact:count_closed_won_deals,deals_fact,,count_closed_won_deals,measure:count_distinct,mechanical,Low,,views/deals_fact.view.lkml,174,82b3ab594f0d8f518072f3e1cc4f4ce8ac1d576e
measure,looker:analytics:field:deals_fact:count_deals,deals_fact,,count_deals,measure:count_distinct,mechanical,Low,,views/deals_fact.view.lkml,158,82b3ab594f0d8f518072f3e1cc4f4ce8ac1d576e
measure,looker:analytics:field:deals_fact:count_oppportunity_deals,deals_fact,,count_oppportunity_deals,measure:count_distinct,mechanical,Low,,views/deals_fact.view.lkml,165,82b3ab594f0d8f518072f3e1cc4f4ce8ac1d576e
measure,looker:analytics:field:deals_fact:total_closed_lost_deal_amount,deals_fact,,total_closed_lost_deal_amount,measure:sum,mechanical,Low,,views/deals_fact.view.lkml,243,82b3ab594f0d8f518072f3e1cc4f4ce8ac1d576e
measure,looker:analytics:field:deals_fact:total_closed_lost_deal_amount_gbp,deals_fact,,total_closed_lost_deal_amount_gbp,measure:sum,mechanical,Low,,views/deals_fact.view.lkml,252,82b3ab594f0d8f518072f3e1cc4f4ce8ac1d576e
measure,looker:analytics:field:deals_fact:total_closed_lost_deals,deals_fact,,total_closed_lost_deals,measure:count_distinct,mechanical,Low,,views/deals_fact.view.lkml,181,82b3ab594f0d8f518072f3e1cc4f4ce8ac1d576e
measure,looker:analytics:field:deals_fact:total_closed_won_deal_amount,deals_fact,,total_closed_won_deal_amount,measure:sum,mechanical,Low,,views/deals_fact.view.lkml,217,82b3ab594f0d8f518072f3e1cc4f4ce8ac1d576e
measure,looker:analytics:field:deals_fact:total_closed_won_deal_amount_gbp,deals_fact,,total_closed_won_deal_amount_gbp,measure:sum,mechanical,Low,,views/deals_fact.view.lkml,228,82b3ab594f0d8f518072f3e1cc4f4ce8ac1d576e
measure,looker:analytics:field:deals_fact:total_deal_amount,deals_fact,,total_deal_amount,measure:sum,mechanical,Low,,views/deals_fact.view.lkml,20,82b3ab594f0d8f518072f3e1cc4f4ce8ac1d576e
measure,looker:analytics:field:deals_fact:total_deal_amount_gbp_converted,deals_fact,,total_deal_amount_gbp_converted,measure:sum,mechanical,Low,,views/deals_fact.view.lkml,188,82b3ab594f0d8f518072f3e1cc4f4ce8ac1d576e
measure,looker:analytics:field:deals_fact:total_forecasted_duration_months,deals_fact,,total_forecasted_duration_months,measure:sum,mechanical,Low,,views/deals_fact.view.lkml,346,82b3ab594f0d8f518072f3e1cc4f4ce8ac1d576e
measure,looker:analytics:field:deals_fact:total_forecasted_hours,deals_fact,,total_forecasted_hours,measure:sum,mechanical,Low,,views/deals_fact.view.lkml,351,82b3ab594f0d8f518072f3e1cc4f4ce8ac1d576e
measure,looker:analytics:field:deals_fact:total_forecasted_monthly_hours,deals_fact,,total_forecasted_monthly_hours,measure:sum,mechanical,Low,,views/deals_fact.view.lkml,365,82b3ab594f0d8f518072f3e1cc4f4ce8ac1d576e
measure,looker:analytics:field:deals_fact:total_open_deal_amount_gbp,deals_fact,,total_open_deal_amount_gbp,measure:sum,mechanical,Low,,views/deals_fact.view.lkml,202,82b3ab594f0d8f518072f3e1cc4f4ce8ac1d576e
measure,looker:analytics:field:deals_fact:total_weighted_open_deal_amount_gbp,deals_fact,,total_weighted_open_deal_amount_gbp,measure:sum,mechanical,Low,,views/deals_fact.view.lkml,472,82b3ab594f0d8f518072f3e1cc4f4ce8ac1d576e
measure,looker:analytics:field:deals_fact:total_weighted_opportunity_deal_amount,deals_fact,,total_weighted_opportunity_deal_amount,measure:sum,mechanical,Low,,views/deals_fact.view.lkml,464,82b3ab594f0d8f518072f3e1cc4f4ce8ac1d576e
measure,looker:analytics:field:delivery_project_cycle_times:avg_cycle_days,delivery_project_cycle_times,,avg_cycle_days,measure:average,mechanical,Low,,views/delivery_project_cycle_times.view.lkml,100,82b3ab594f0d8f518072f3e1cc4f4ce8ac1d576e
measure,looker:analytics:field:delivery_project_cycle_times:avg_cycle_days_per_story_point,delivery_project_cycle_times,,avg_cycle_days_per_story_point,measure:average,mechanical,Low,,views/delivery_project_cycle_times.view.lkml,114,82b3ab594f0d8f518072f3e1cc4f4ce8ac1d576e
measure,looker:analytics:field:delivery_project_cycle_times:count,delivery_project_cycle_times,,count,measure:count,mechanical,Low,,views/delivery_project_cycle_times.view.lkml,5,82b3ab594f0d8f518072f3e1cc4f4ce8ac1d576e
measure,looker:analytics:field:delivery_project_cycle_times:total_assigned_not_started_issues,delivery_project_cycle_times,,total_assigned_not_started_issues,measure:sum,mechanical,Low,,views/delivery_project_cycle_times.view.lkml,138,82b3ab594f0d8f518072f3e1cc4f4ce8ac1d576e
measure,looker:analytics:field:delivery_project_cycle_times:total_issues,delivery_project_cycle_times,,total_issues,measure:count_distinct,mechanical,Low,,views/delivery_project_cycle_times.view.lkml,165,82b3ab594f0d8f518072f3e1cc4f4ce8ac1d576e
measure,looker:analytics:field:delivery_project_cycle_times:total_started_complete_issues,delivery_project_cycle_times,,total_started_complete_issues,measure:sum,mechanical,Low,,views/delivery_project_cycle_times.view.lkml,160,82b3ab594f0d8f518072f3e1cc4f4ce8ac1d576e
measure,looker:analytics:field:delivery_project_cycle_times:total_started_incomplete_issues,delivery_project_cycle_times,,total_started_incomplete_issues,measure:sum,mechanical,Low,,views/delivery_project_cycle_times.view.lkml,149,82b3ab594f0d8f518072f3e1cc4f4ce8ac1d576e
measure,looker:analytics:field:delivery_project_cycle_times:total_unpointed_issues,delivery_project_cycle_times,,total_unpointed_issues,measure:sum,mechanical,Low,,views/delivery_project_cycle_times.view.lkml,127,82b3ab594f0d8f518072f3e1cc4f4ce8ac1d576e
measure,looker:analytics:field:delivery_project_cycle_times_hkm:avg_cycle_days,delivery_project_cycle_times_hkm,,avg_cycle_days,measure:average,mechanical,Low,,views/delivery_project_cycle_times_hkm.view.lkml,239,82b3ab594f0d8f518072f3e1cc4f4ce8ac1d576e
measure,looker:analytics:field:delivery_project_cycle_times_hkm:avg_cycle_days_per_story_point,delivery_project_cycle_times_hkm,,avg_cycle_days_per_story_point,measure:average,mechanical,Low,,views/delivery_project_cycle_times_hkm.view.lkml,253,82b3ab594f0d8f518072f3e1cc4f4ce8ac1d576e
measure,looker:analytics:field:delivery_project_cycle_times_hkm:count,delivery_project_cycle_times_hkm,,count,measure:count,mechanical,Low,,views/delivery_project_cycle_times_hkm.view.lkml,149,82b3ab594f0d8f518072f3e1cc4f4ce8ac1d576e
measure,looker:analytics:field:delivery_project_cycle_times_hkm:total_assigned_not_started_issues,delivery_project_cycle_times_hkm,,total_assigned_not_started_issues,measure:sum,mechanical,Low,,views/delivery_project_cycle_times_hkm.view.lkml,277,82b3ab594f0d8f518072f3e1cc4f4ce8ac1d576e
measure,looker:analytics:field:delivery_project_cycle_times_hkm:total_issues,delivery_project_cycle_times_hkm,,total_issues,measure:count_distinct,mechanical,Low,,views/delivery_project_cycle_times_hkm.view.lkml,304,82b3ab594f0d8f518072f3e1cc4f4ce8ac1d576e
measure,looker:analytics:field:delivery_project_cycle_times_hkm:total_started_complete_issues,delivery_project_cycle_times_hkm,,total_started_complete_issues,measure:sum,mechanical,Low,,views/delivery_project_cycle_times_hkm.view.lkml,299,82b3ab594f0d8f518072f3e1cc4f4ce8ac1d576e
measure,looker:analytics:field:delivery_project_cycle_times_hkm:total_started_incomplete_issues,delivery_project_cycle_times_hkm,,total_started_incomplete_issues,measure:sum,mechanical,Low,,views/delivery_project_cycle_times_hkm.view.lkml,288,82b3ab594f0d8f518072f3e1cc4f4ce8ac1d576e
measure,looker:analytics:field:delivery_project_cycle_times_hkm:total_unpointed_issues,delivery_project_cycle_times_hkm,,total_unpointed_issues,measure:sum,mechanical,Low,,views/delivery_project_cycle_times_hkm.view.lkml,266,82b3ab594f0d8f518072f3e1cc4f4ce8ac1d576e
measure,looker:analytics:field:delivery_project_docs_dim:count,delivery_project_docs_dim,,count,measure:count,mechanical,Low,,views/delivery_project_docs_dim.view.lkml,64,82b3ab594f0d8f518072f3e1cc4f4ce8ac1d576e
measure,looker:analytics:field:delivery_projects_dim:count_delivery_projects,delivery_projects_dim,,count_delivery_projects,measure:count_distinct,mechanical,Low,,views/delivery_projects_dim.view.lkml,18,82b3ab594f0d8f518072f3e1cc4f4ce8ac1d576e
measure,looker:analytics:field:delivery_task_history:avg_days_from_start_to_blocked,delivery_task_history,,avg_days_from_start_to_blocked,measure:average,mechanical,Low,,views/delivery_task_history.view.lkml,185,82b3ab594f0d8f518072f3e1cc4f4ce8ac1d576e
measure,looker:analytics:field:delivery_task_history:avg_days_from_start_to_design,delivery_task_history,,avg_days_from_start_to_design,measure:average,mechanical,Low,,views/delivery_task_history.view.lkml,141,82b3ab594f0d8f518072f3e1cc4f4ce8ac1d576e
measure,looker:analytics:field:delivery_task_history:avg_days_from_start_to_done,delivery_task_history,,avg_days_from_start_to_done,measure:average,mechanical,Low,,views/delivery_task_history.view.lkml,194,82b3ab594f0d8f518072f3e1cc4f4ce8ac1d576e
measure,looker:analytics:field:delivery_task_history:avg_days_from_start_to_in_client_qa,delivery_task_history,,avg_days_from_start_to_in_client_qa,measure:average,mechanical,Low,,views/delivery_task_history.view.lkml,167,82b3ab594f0d8f518072f3e1cc4f4ce8ac1d576e
measure,looker:analytics:field:delivery_task_history:avg_days_from_start_to_in_progress,delivery_task_history,,avg_days_from_start_to_in_progress,measure:average,mechanical,Low,,views/delivery_task_history.view.lkml,149,82b3ab594f0d8f518072f3e1cc4f4ce8ac1d576e
measure,looker:analytics:field:delivery_task_history:avg_days_from_start_to_in_qa,delivery_task_history,,avg_days_from_start_to_in_qa,measure:average,mechanical,Low,,views/delivery_task_history.view.lkml,158,82b3ab594f0d8f518072f3e1cc4f4ce8ac1d576e
measure,looker:analytics:field:delivery_task_history:avg_days_from_start_to_looker,delivery_task_history,,avg_days_from_start_to_looker,measure:average,mechanical,Low,,views/delivery_task_history.view.lkml,176,82b3ab594f0d8f518072f3e1cc4f4ce8ac1d576e
measure,looker:analytics:field:delivery_tasks_fact:avg_task_days_open,delivery_tasks_fact,,avg_task_days_open,measure:average,mechanical,Low,,views/delivery_tasks_fact.view.lkml,231,82b3ab594f0d8f518072f3e1cc4f4ce8ac1d576e
measure,looker:analytics:field:delivery_tasks_fact:avg_task_hours_to_complete,delivery_tasks_fact,,avg_task_hours_to_complete,measure:average,mechanical,Low,,views/delivery_tasks_fact.view.lkml,469,82b3ab594f0d8f518072f3e1cc4f4ce8ac1d576e
measure,looker:analytics:field:delivery_tasks_fact:count,delivery_tasks_fact,,count,measure:count,mechanical,Low,,views/delivery_tasks_fact.view.lkml,475,82b3ab594f0d8f518072f3e1cc4f4ce8ac1d576e
measure,looker:analytics:field:delivery_tasks_fact:total_delivery_tasks,delivery_tasks_fact,,total_delivery_tasks,measure:sum,mechanical,Low,,views/delivery_tasks_fact.view.lkml,324,82b3ab594f0d8f518072f3e1cc4f4ce8ac1d576e
measure,looker:analytics:field:delivery_tasks_fact:total_delivery_tasks_blocked,delivery_tasks_fact,,total_delivery_tasks_blocked,measure:sum,mechanical,Low,,views/delivery_tasks_fact.view.lkml,384,82b3ab594f0d8f518072f3e1cc4f4ce8ac1d576e
measure,looker:analytics:field:delivery_tasks_fact:total_delivery_tasks_completed,delivery_tasks_fact,,total_delivery_tasks_completed,measure:sum,mechanical,Low,,views/delivery_tasks_fact.view.lkml,337,82b3ab594f0d8f518072f3e1cc4f4ce8ac1d576e
measure,looker:analytics:field:delivery_tasks_fact:total_delivery_tasks_failed_client_qa,delivery_tasks_fact,,total_delivery_tasks_failed_client_qa,measure:sum,mechanical,Low,,views/delivery_tasks_fact.view.lkml,425,82b3ab594f0d8f518072f3e1cc4f4ce8ac1d576e
measure,looker:analytics:field:delivery_tasks_fact:total_delivery_tasks_in_add_to_looker,delivery_tasks_fact,,total_delivery_tasks_in_add_to_looker,measure:sum,mechanical,Low,,views/delivery_tasks_fact.view.lkml,404,82b3ab594f0d8f518072f3e1cc4f4ce8ac1d576e
measure,looker:analytics:field:delivery_tasks_fact:total_delivery_tasks_in_client_qa,delivery_tasks_fact,,total_delivery_tasks_in_client_qa,measure:sum,mechanical,Low,,views/delivery_tasks_fact.view.lkml,397,82b3ab594f0d8f518072f3e1cc4f4ce8ac1d576e
measure,looker:analytics:field:delivery_tasks_fact:total_delivery_tasks_in_design,delivery_tasks_fact,,total_delivery_tasks_in_design,measure:sum,mechanical,Low,,views/delivery_tasks_fact.view.lkml,411,82b3ab594f0d8f518072f3e1cc4f4ce8ac1d576e
measure,looker:analytics:field:delivery_tasks_fact:total_delivery_tasks_in_looker_qa,delivery_tasks_fact,,total_delivery_tasks_in_looker_qa,measure:sum,mechanical,Low,,views/delivery_tasks_fact.view.lkml,418,82b3ab594f0d8f518072f3e1cc4f4ce8ac1d576e
measure,looker:analytics:field:delivery_tasks_fact:total_delivery_tasks_in_progress,delivery_tasks_fact,,total_delivery_tasks_in_progress,measure:sum,mechanical,Low,,views/delivery_tasks_fact.view.lkml,364,82b3ab594f0d8f518072f3e1cc4f4ce8ac1d576e
measure,looker:analytics:field:delivery_tasks_fact:total_delivery_tasks_in_qa,delivery_tasks_fact,,total_delivery_tasks_in_qa,measure:sum,mechanical,Low,,views/delivery_tasks_fact.view.lkml,390,82b3ab594f0d8f518072f3e1cc4f4ce8ac1d576e
measure,looker:analytics:field:delivery_tasks_fact:total_delivery_tasks_to_do,delivery_tasks_fact,,total_delivery_tasks_to_do,measure:sum,mechanical,Low,,views/delivery_tasks_fact.view.lkml,370,82b3ab594f0d8f518072f3e1cc4f4ce8ac1d576e
measure,looker:analytics:field:delivery_tasks_fact:total_failed_client_qa_comment,delivery_tasks_fact,,total_failed_client_qa_comment,measure:sum,mechanical,Low,,views/delivery_tasks_fact.view.lkml,376,82b3ab594f0d8f518072f3e1cc4f4ce8ac1d576e
measure,looker:analytics:field:delivery_tasks_fact:total_failed_internal_qa,delivery_tasks_fact,,total_failed_internal_qa,measure:sum,mechanical,Low,,views/delivery_tasks_fact.view.lkml,439,82b3ab594f0d8f518072f3e1cc4f4ce8ac1d576e
measure,looker:analytics:field:delivery_tasks_fact:total_issues,delivery_tasks_fact,,total_issues,measure:sum,mechanical,Low,,views/delivery_tasks_fact.view.lkml,446,82b3ab594f0d8f518072f3e1cc4f4ce8ac1d576e
measure,looker:analytics:field:delivery_tasks_fact:total_issues_recent_or_open,delivery_tasks_fact,,total_issues_recent_or_open,measure:sum,mechanical,Low,,views/delivery_tasks_fact.view.lkml,452,82b3ab594f0d8f518072f3e1cc4f4ce8ac1d576e
measure,looker:analytics:field:delivery_tasks_fact:total_revision_required,delivery_tasks_fact,,total_revision_required,measure:sum,mechanical,Low,,views/delivery_tasks_fact.view.lkml,432,82b3ab594f0d8f518072f3e1cc4f4ce8ac1d576e
measure,looker:analytics:field:delivery_tasks_fact:total_started,delivery_tasks_fact,,total_started,measure:sum,mechanical,Low,,views/delivery_tasks_fact.view.lkml,357,82b3ab594f0d8f518072f3e1cc4f4ce8ac1d576e
measure,looker:analytics:field:delivery_tasks_fact:total_started_and_completed,delivery_tasks_fact,,total_started_and_completed,measure:sum,mechanical,Low,,views/delivery_tasks_fact.view.lkml,343,82b3ab594f0d8f518072f3e1cc4f4ce8ac1d576e
measure,looker:analytics:field:delivery_tasks_fact:total_started_but_not_completed,delivery_tasks_fact,,total_started_but_not_completed,measure:sum,mechanical,Low,,views/delivery_tasks_fact.view.lkml,350,82b3ab594f0d8f518072f3e1cc4f4ce8ac1d576e
measure,looker:analytics:field:delivery_tasks_fact:total_task_hours_to_complete,delivery_tasks_fact,,total_task_hours_to_complete,measure:sum,mechanical,Low,,views/delivery_tasks_fact.view.lkml,463,82b3ab594f0d8f518072f3e1cc4f4ce8ac1d576e
measure,looker:analytics:field:delivery_tasks_fact:total_task_story_points,delivery_tasks_fact,,total_task_story_points,measure:sum,mechanical,Low,,views/delivery_tasks_fact.view.lkml,318,82b3ab594f0d8f518072f3e1cc4f4ce8ac1d576e
measure,looker:analytics:field:delivery_team_fact_xa:average_billable_utilisation_pct,delivery_team_fact_xa,,average_billable_utilisation_pct,measure:average,mechanical,Low,,views/delivery_team_fact_xa.view.lkml,26,82b3ab594f0d8f518072f3e1cc4f4ce8ac1d576e
measure,looker:analytics:field:delivery_team_fact_xa:average_utilisation_pct,delivery_team_fact_xa,,average_utilisation_pct,measure:average,mechanical,Low,,views/delivery_team_fact_xa.view.lkml,124,82b3ab594f0d8f518072f3e1cc4f4ce8ac1d576e
measure,looker:analytics:field:dim_providers:total_providers,dim_providers,,total_providers,measure:count_distinct,mechanical,Low,,views/booksy_demo.view.lkml,218,82b3ab594f0d8f518072f3e1cc4f4ce8ac1d576e
measure,looker:analytics:field:dynamic_web_stats:count,dynamic_web_stats,,count,measure:count,mechanical,Low,,views/dynamic_web_stat.view.lkml,83,82b3ab594f0d8f518072f3e1cc4f4ce8ac1d576e
measure,looker:analytics:field:email_contacts_dim:count,email_contacts_dim,,count,measure:count,mechanical,Low,,views/email_contacts_dim.view.lkml,10,82b3ab594f0d8f518072f3e1cc4f4ce8ac1d576e
measure,looker:analytics:field:email_lists_dim:count,email_lists_dim,,count,measure:count,mechanical,Low,,views/email_lists_dim.view.lkml,127,82b3ab594f0d8f518072f3e1cc4f4ce8ac1d576e
measure,looker:analytics:field:email_send_outcomes_fact:total_bounces,email_send_outcomes_fact,,total_bounces,measure:sum,mechanical,Low,,views/email_send_outcomes_fact.view.lkml,69,82b3ab594f0d8f518072f3e1cc4f4ce8ac1d576e
measure,looker:analytics:field:email_send_outcomes_fact:total_clicks,email_send_outcomes_fact,,total_clicks,measure:sum,mechanical,Low,,views/email_send_outcomes_fact.view.lkml,79,82b3ab594f0d8f518072f3e1cc4f4ce8ac1d576e
measure,looker:analytics:field:email_send_outcomes_fact:total_opens,email_send_outcomes_fact,,total_opens,measure:sum,mechanical,Low,,views/email_send_outcomes_fact.view.lkml,89,82b3ab594f0d8f518072f3e1cc4f4ce8ac1d576e
measure,looker:analytics:field:email_send_outcomes_fact:total_sends,email_send_outcomes_fact,,total_sends,measure:count_distinct,mechanical,Low,,views/email_send_outcomes_fact.view.lkml,99,82b3ab594f0d8f518072f3e1cc4f4ce8ac1d576e
measure,looker:analytics:field:email_sends_dim:count,email_sends_dim,,count,measure:count,mechanical,Low,,views/email_sends_dim.view.lkml,144,82b3ab594f0d8f518072f3e1cc4f4ce8ac1d576e
measure,looker:analytics:field:employee_pto:average_pto_days,employee_pto,,average_pto_days,measure:average,mechanical,Low,,views/employee_pto.view.lkml,68,82b3ab594f0d8f518072f3e1cc4f4ce8ac1d576e
measure,looker:analytics:field:employee_pto:count,employee_pto,,count,measure:count,mechanical,Low,,views/employee_pto.view.lkml,55,82b3ab594f0d8f518072f3e1cc4f4ce8ac1d576e
measure,looker:analytics:field:employee_pto:total_pto_days,employee_pto,,total_pto_days,measure:sum,mechanical,Low,,views/employee_pto.view.lkml,61,82b3ab594f0d8f518072f3e1cc4f4ce8ac1d576e
measure,looker:analytics:field:engagement_actions_fact:action_count,engagement_actions_fact,,action_count,measure:count,mechanical,Low,,views/engagement_actions_fact.view.lkml,94,82b3ab594f0d8f518072f3e1cc4f4ce8ac1d576e
measure,looker:analytics:field:engagement_actions_fact:red_action_count,engagement_actions_fact,,red_action_count,measure:count,mechanical,Low,,views/engagement_actions_fact.view.lkml,100,82b3ab594f0d8f518072f3e1cc4f4ce8ac1d576e
measure,looker:analytics:field:engagement_burn_up_fact:budget_hours,engagement_burn_up_fact,,budget_hours,measure:max,mechanical,Low,,views/engagement_burn_up_fact.view.lkml,101,82b3ab594f0d8f518072f3e1cc4f4ce8ac1d576e
measure,looker:analytics:field:engagement_burn_up_fact:budget_line_hours,engagement_burn_up_fact,,budget_line_hours,measure:max,mechanical,Low,,views/engagement_burn_up_fact.view.lkml,93,82b3ab594f0d8f518072f3e1cc4f4ce8ac1d576e
measure,looker:analytics:field:engagement_burn_up_fact:cumulative_hours,engagement_burn_up_fact,,cumulative_hours,measure:max,mechanical,Low,,views/engagement_burn_up_fact.view.lkml,77,82b3ab594f0d8f518072f3e1cc4f4ce8ac1d576e
measure,looker:analytics:field:engagement_burn_up_fact:hours_in_week,engagement_burn_up_fact,,hours_in_week,measure:sum,mechanical,Low,,views/engagement_burn_up_fact.view.lkml,70,82b3ab594f0d8f518072f3e1cc4f4ce8ac1d576e
measure,looker:analytics:field:engagement_burn_up_fact:projected_cumulative_hours,engagement_burn_up_fact,,projected_cumulative_hours,measure:max,mechanical,Low,,views/engagement_burn_up_fact.view.lkml,85,82b3ab594f0d8f518072f3e1cc4f4ce8ac1d576e
measure,looker:analytics:field:engagement_burn_up_fact:weekly_pace_hours,engagement_burn_up_fact,,weekly_pace_hours,measure:max,mechanical,Low,,views/engagement_burn_up_fact.view.lkml,108,82b3ab594f0d8f518072f3e1cc4f4ce8ac1d576e
measure,looker:analytics:field:engagement_context_attribution:average_sentiment,engagement_context_attribution,,average_sentiment,measure:average,mechanical,Low,,views/engagement_context_attribution.view.lkml,143,82b3ab594f0d8f518072f3e1cc4f4ce8ac1d576e
measure,looker:analytics:field:engagement_context_attribution:client_level_items,engagement_context_attribution,,client_level_items,measure:count_distinct,mechanical,Low,,views/engagement_context_attribution.view.lkml,136,82b3ab594f0d8f518072f3e1cc4f4ce8ac1d576e
measure,looker:analytics:field:engagement_context_attribution:engagement_attributed_items,engagement_context_attribution,,engagement_attributed_items,measure:count_distinct,mechanical,Low,,views/engagement_context_attribution.view.lkml,129,82b3ab594f0d8f518072f3e1cc4f4ce8ac1d576e
measure,looker:analytics:field:engagement_context_attribution:item_count,engagement_context_attribution,,item_count,measure:count_distinct,mechanical,Low,,views/engagement_context_attribution.view.lkml,122,82b3ab594f0d8f518072f3e1cc4f4ce8ac1d576e
measure,looker:analytics:field:engagement_health_fact:amber_engagements,engagement_health_fact,,amber_engagements,measure:count_distinct,mechanical,Low,,views/engagement_health_fact.view.lkml,579,82b3ab594f0d8f518072f3e1cc4f4ce8ac1d576e
measure,looker:analytics:field:engagement_health_fact:average_earned_margin_pct,engagement_health_fact,,average_earned_margin_pct,measure:average,mechanical,Low,,views/engagement_health_fact.view.lkml,636,82b3ab594f0d8f518072f3e1cc4f4ce8ac1d576e
measure,looker:analytics:field:engagement_health_fact:budget_hours_value,engagement_health_fact,,budget_hours_value,measure:max,mechanical,Low,,views/engagement_health_fact.view.lkml,602,82b3ab594f0d8f518072f3e1cc4f4ce8ac1d576e
measure,looker:analytics:field:engagement_health_fact:budget_rate_value,engagement_health_fact,,budget_rate_value,measure:max,mechanical,Low,,views/engagement_health_fact.view.lkml,598,82b3ab594f0d8f518072f3e1cc4f4ce8ac1d576e
measure,looker:analytics:field:engagement_health_fact:budget_used_pct_value,engagement_health_fact,,budget_used_pct_value,measure:max,mechanical,Low,,views/engagement_health_fact.view.lkml,593,82b3ab594f0d8f518072f3e1cc4f4ce8ac1d576e
measure,looker:analytics:field:engagement_health_fact:burn_variance_pts_value,engagement_health_fact,,burn_variance_pts_value,measure:max,mechanical,Low,,views/engagement_health_fact.view.lkml,595,82b3ab594f0d8f518072f3e1cc4f4ce8ac1d576e
measure,looker:analytics:field:engagement_health_fact:earned_margin_pct_value,engagement_health_fact,,earned_margin_pct_value,measure:max,mechanical,Low,,views/engagement_health_fact.view.lkml,599,82b3ab594f0d8f518072f3e1cc4f4ce8ac1d576e
measure,looker:analytics:field:engagement_health_fact:elapsed_pct_value,engagement_health_fact,,elapsed_pct_value,measure:max,mechanical,Low,,views/engagement_health_fact.view.lkml,594,82b3ab594f0d8f518072f3e1cc4f4ce8ac1d576e
measure,looker:analytics:field:engagement_health_fact:engagement_month_count,engagement_health_fact,,engagement_month_count,measure:count,mechanical,Low,,views/engagement_health_fact.view.lkml,559,82b3ab594f0d8f518072f3e1cc4f4ce8ac1d576e
measure,looker:analytics:field:engagement_health_fact:engagements_count,engagement_health_fact,,engagements_count,measure:count_distinct,mechanical,Low,,views/engagement_health_fact.view.lkml,565,82b3ab594f0d8f518072f3e1cc4f4ce8ac1d576e
measure,looker:analytics:field:engagement_health_fact:green_engagements,engagement_health_fact,,green_engagements,measure:count_distinct,mechanical,Low,,views/engagement_health_fact.view.lkml,586,82b3ab594f0d8f518072f3e1cc4f4ce8ac1d576e
measure,looker:analytics:field:engagement_health_fact:hours_to_date_value,engagement_health_fact,,hours_to_date_value,measure:max,mechanical,Low,,views/engagement_health_fact.view.lkml,601,82b3ab594f0d8f518072f3e1cc4f4ce8ac1d576e
measure,looker:analytics:field:engagement_health_fact:overdue_amount_value,engagement_health_fact,,overdue_amount_value,measure:max,mechanical,Low,,views/engagement_health_fact.view.lkml,600,82b3ab594f0d8f518072f3e1cc4f4ce8ac1d576e
measure,looker:analytics:field:engagement_health_fact:realised_rate_value,engagement_health_fact,,realised_rate_value,measure:max,mechanical,Low,,views/engagement_health_fact.view.lkml,597,82b3ab594f0d8f518072f3e1cc4f4ce8ac1d576e
measure,looker:analytics:field:engagement_health_fact:red_engagements,engagement_health_fact,,red_engagements,measure:count_distinct,mechanical,Low,,views/engagement_health_fact.view.lkml,571,82b3ab594f0d8f518072f3e1cc4f4ce8ac1d576e
measure,looker:analytics:field:engagement_health_fact:runway_weeks_value,engagement_health_fact,,runway_weeks_value,measure:max,mechanical,Low,,views/engagement_health_fact.view.lkml,596,82b3ab594f0d8f518072f3e1cc4f4ce8ac1d576e
measure,looker:analytics:field:engagement_health_fact:total_delivery_cost_in_month_gbp,engagement_health_fact,,total_delivery_cost_in_month_gbp,measure:sum,mechanical,Low,,views/engagement_health_fact.view.lkml,620,82b3ab594f0d8f518072f3e1cc4f4ce8ac1d576e
measure,looker:analytics:field:engagement_health_fact:total_hours_in_month,engagement_health_fact,,total_hours_in_month,measure:sum,mechanical,Low,,views/engagement_health_fact.view.lkml,605,82b3ab594f0d8f518072f3e1cc4f4ce8ac1d576e
measure,looker:analytics:field:engagement_health_fact:total_overdue_amount_gbp,engagement_health_fact,,total_overdue_amount_gbp,measure:sum,mechanical,Low,,views/engagement_health_fact.view.lkml,628,82b3ab594f0d8f518072f3e1cc4f4ce8ac1d576e
measure,looker:analytics:field:engagement_health_fact:total_revenue_in_month_gbp,engagement_health_fact,,total_revenue_in_month_gbp,measure:sum,mechanical,Low,,views/engagement_health_fact.view.lkml,612,82b3ab594f0d8f518072f3e1cc4f4ce8ac1d576e
measure,looker:analytics:field:engagement_renewal_analysis:avg_churn_deal_value_gbp,engagement_renewal_analysis,,avg_churn_deal_value_gbp,measure:average,mechanical,Low,,views/engagement_renewal_analysis.view.lkml,493,82b3ab594f0d8f518072f3e1cc4f4ce8ac1d576e
measure,looker:analytics:field:engagement_renewal_analysis:avg_days_to_next_engagement,engagement_renewal_analysis,,avg_days_to_next_engagement,measure:average,mechanical,Low,,views/engagement_renewal_analysis.view.lkml,416,82b3ab594f0d8f518072f3e1cc4f4ce8ac1d576e
measure,looker:analytics:field:engagement_renewal_analysis:avg_renewal_deal_value_gbp,engagement_renewal_analysis,,avg_renewal_deal_value_gbp,measure:average,mechanical,Low,,views/engagement_renewal_analysis.view.lkml,483,82b3ab594f0d8f518072f3e1cc4f4ce8ac1d576e
measure,looker:analytics:field:engagement_renewal_analysis:churned_revenue_gbp,engagement_renewal_analysis,,churned_revenue_gbp,measure:sum,mechanical,Low,,views/engagement_renewal_analysis.view.lkml,451,82b3ab594f0d8f518072f3e1cc4f4ce8ac1d576e
measure,looker:analytics:field:engagement_renewal_analysis:new_churns,engagement_renewal_analysis,,new_churns,measure:count,mechanical,Low,,views/engagement_renewal_analysis.view.lkml,375,82b3ab594f0d8f518072f3e1cc4f4ce8ac1d576e
measure,looker:analytics:field:engagement_renewal_analysis:reactivations,engagement_renewal_analysis,,reactivations,measure:count,mechanical,Low,,views/engagement_renewal_analysis.view.lkml,408,82b3ab594f0d8f518072f3e1cc4f4ce8ac1d576e
measure,looker:analytics:field:engagement_renewal_analysis:reactivations_revenue_gbp,engagement_renewal_analysis,,reactivations_revenue_gbp,measure:sum,mechanical,Low,,views/engagement_renewal_analysis.view.lkml,462,82b3ab594f0d8f518072f3e1cc4f4ce8ac1d576e
measure,looker:analytics:field:engagement_renewal_analysis:renewal_opportunities,engagement_renewal_analysis,,renewal_opportunities,measure:count,mechanical,Low,,views/engagement_renewal_analysis.view.lkml,360,82b3ab594f0d8f518072f3e1cc4f4ce8ac1d576e
measure,looker:analytics:field:engagement_renewal_analysis:renewal_opportunities_revenue_gbp,engagement_renewal_analysis,,renewal_opportunities_revenue_gbp,measure:sum,mechanical,Low,,views/engagement_renewal_analysis.view.lkml,429,82b3ab594f0d8f518072f3e1cc4f4ce8ac1d576e
measure,looker:analytics:field:engagement_renewal_analysis:renewal_rate,engagement_renewal_analysis,,renewal_rate,measure:number,assisted,Medium,derived measure (type: number): validate confirms it resolves on the branch,views/engagement_renewal_analysis.view.lkml,383,82b3ab594f0d8f518072f3e1cc4f4ce8ac1d576e
measure,looker:analytics:field:engagement_renewal_analysis:renewals,engagement_renewal_analysis,,renewals,measure:count,mechanical,Low,,views/engagement_renewal_analysis.view.lkml,367,82b3ab594f0d8f518072f3e1cc4f4ce8ac1d576e
measure,looker:analytics:field:engagement_renewal_analysis:renewals_revenue_gbp,engagement_renewal_analysis,,renewals_revenue_gbp,measure:sum,mechanical,Low,,views/engagement_renewal_analysis.view.lkml,440,82b3ab594f0d8f518072f3e1cc4f4ce8ac1d576e
measure,looker:analytics:field:engagement_renewal_analysis:revenue_retention_rate,engagement_renewal_analysis,,revenue_retention_rate,measure:number,assisted,Medium,derived measure (type: number): validate confirms it resolves on the branch,views/engagement_renewal_analysis.view.lkml,473,82b3ab594f0d8f518072f3e1cc4f4ce8ac1d576e
measure,looker:analytics:field:engagement_renewal_analysis:unique_companies_churned,engagement_renewal_analysis,,unique_companies_churned,measure:count_distinct,mechanical,Low,,views/engagement_renewal_analysis.view.lkml,400,82b3ab594f0d8f518072f3e1cc4f4ce8ac1d576e
measure,looker:analytics:field:engagement_renewal_analysis:unique_companies_renewed,engagement_renewal_analysis,,unique_companies_renewed,measure:count_distinct,mechanical,Low,,views/engagement_renewal_analysis.view.lkml,392,82b3ab594f0d8f518072f3e1cc4f4ce8ac1d576e
measure,looker:analytics:field:engagement_sprint_burn_fact:sprint_budget_hours,engagement_sprint_burn_fact,,sprint_budget_hours,measure:sum,mechanical,Low,,views/engagement_sprint_burn_fact.view.lkml,127,82b3ab594f0d8f518072f3e1cc4f4ce8ac1d576e
measure,looker:analytics:field:engagement_sprint_burn_fact:sprint_budget_used_pct,engagement_sprint_burn_fact,,sprint_budget_used_pct,measure:number,assisted,Medium,derived measure (type: number): validate confirms it resolves on the branch,views/engagement_sprint_burn_fact.view.lkml,155,82b3ab594f0d8f518072f3e1cc4f4ce8ac1d576e
measure,looker:analytics:field:engagement_sprint_burn_fact:sprint_count,engagement_sprint_burn_fact,,sprint_count,measure:count,mechanical,Low,,views/engagement_sprint_burn_fact.view.lkml,121,82b3ab594f0d8f518072f3e1cc4f4ce8ac1d576e
measure,looker:analytics:field:engagement_sprint_burn_fact:sprint_fee_amount_gbp,engagement_sprint_burn_fact,,sprint_fee_amount_gbp,measure:sum,mechanical,Low,,views/engagement_sprint_burn_fact.view.lkml,148,82b3ab594f0d8f518072f3e1cc4f4ce8ac1d576e
measure,looker:analytics:field:engagement_sprint_burn_fact:sprint_hours_in_month,engagement_sprint_burn_fact,,sprint_hours_in_month,measure:sum,mechanical,Low,,views/engagement_sprint_burn_fact.view.lkml,141,82b3ab594f0d8f518072f3e1cc4f4ce8ac1d576e
measure,looker:analytics:field:engagement_sprint_burn_fact:sprint_hours_to_date,engagement_sprint_burn_fact,,sprint_hours_to_date,measure:sum,mechanical,Low,,views/engagement_sprint_burn_fact.view.lkml,134,82b3ab594f0d8f518072f3e1cc4f4ce8ac1d576e
measure,looker:analytics:field:engagement_sprint_burn_fact:sprints_over_budget,engagement_sprint_burn_fact,,sprints_over_budget,measure:count,mechanical,Low,,views/engagement_sprint_burn_fact.view.lkml,163,82b3ab594f0d8f518072f3e1cc4f4ce8ac1d576e
measure,looker:analytics:field:engagements:avg_days_deal_created_to_start,engagements,,avg_days_deal_created_to_start,measure:average,mechanical,Low,,views/engagements.view.lkml,223,82b3ab594f0d8f518072f3e1cc4f4ce8ac1d576e
measure,looker:analytics:field:engagements:avg_days_sow_agreed_to_start,engagements,,avg_days_sow_agreed_to_start,measure:average,mechanical,Low,,views/engagements.view.lkml,207,82b3ab594f0d8f518072f3e1cc4f4ce8ac1d576e
measure,looker:analytics:field:engagements:avg_days_sow_drafted_to_start,engagements,,avg_days_sow_drafted_to_start,measure:average,mechanical,Low,,views/engagements.view.lkml,199,82b3ab594f0d8f518072f3e1cc4f4ce8ac1d576e
measure,looker:analytics:field:engagements:avg_days_sow_signed_to_start,engagements,,avg_days_sow_signed_to_start,measure:average,mechanical,Low,,views/engagements.view.lkml,215,82b3ab594f0d8f518072f3e1cc4f4ce8ac1d576e
measure,looker:analytics:field:engagements:avg_days_to_close,engagements,,avg_days_to_close,measure:average,mechanical,Low,,views/engagements.view.lkml,191,82b3ab594f0d8f518072f3e1cc4f4ce8ac1d576e
measure,looker:analytics:field:engagements:avg_deal_amount,engagements,,avg_deal_amount,measure:average,mechanical,Low,,views/engagements.view.lkml,231,82b3ab594f0d8f518072f3e1cc4f4ce8ac1d576e
measure,looker:analytics:field:engagements:avg_engagement_hourly_rate,engagements,,avg_engagement_hourly_rate,measure:average,mechanical,Low,,views/engagements.view.lkml,142,82b3ab594f0d8f518072f3e1cc4f4ce8ac1d576e
measure,looker:analytics:field:engagements:count,engagements,,count,measure:count,mechanical,Low,,views/engagements.view.lkml,7,82b3ab594f0d8f518072f3e1cc4f4ce8ac1d576e
measure,looker:analytics:field:engagements:total_engagement_deal_amount,engagements,,total_engagement_deal_amount,measure:sum,mechanical,Low,,views/engagements.view.lkml,160,82b3ab594f0d8f518072f3e1cc4f4ce8ac1d576e
measure,looker:analytics:field:fathom_meeting_actions:total_action_items,fathom_meeting_actions,,total_action_items,measure:count_distinct,mechanical,Low,,views/fathom_meeting_actions.view.lkml,7,82b3ab594f0d8f518072f3e1cc4f4ce8ac1d576e
measure,looker:analytics:field:fathom_meetings:avg_meeting_length_mins,fathom_meetings,,avg_meeting_length_mins,measure:average,mechanical,Low,,views/fathom_meetings.view.lkml,179,82b3ab594f0d8f518072f3e1cc4f4ce8ac1d576e
measure,looker:analytics:field:fathom_meetings:avg_meeting_sentiment,fathom_meetings,,avg_meeting_sentiment,measure:average,mechanical,Low,,views/fathom_meetings.view.lkml,222,82b3ab594f0d8f518072f3e1cc4f4ce8ac1d576e
measure,looker:analytics:field:fathom_meetings:count,fathom_meetings,,count,measure:count,mechanical,Low,,views/fathom_meetings.view.lkml,6,82b3ab594f0d8f518072f3e1cc4f4ce8ac1d576e
measure,looker:analytics:field:fathom_meetings:total_adhoc_internal_meetings,fathom_meetings,,total_adhoc_internal_meetings,measure:count_distinct,mechanical,Low,,views/fathom_meetings.view.lkml,215,82b3ab594f0d8f518072f3e1cc4f4ce8ac1d576e
measure,looker:analytics:field:fathom_meetings:total_client_meetings,fathom_meetings,,total_client_meetings,measure:count_distinct,mechanical,Low,,views/fathom_meetings.view.lkml,203,82b3ab594f0d8f518072f3e1cc4f4ce8ac1d576e
measure,looker:analytics:field:fathom_meetings:total_meeting_length_mins,fathom_meetings,,total_meeting_length_mins,measure:sum,mechanical,Low,,views/fathom_meetings.view.lkml,185,82b3ab594f0d8f518072f3e1cc4f4ce8ac1d576e
measure,looker:analytics:field:fathom_meetings:total_meetings,fathom_meetings,,total_meetings,measure:count_distinct,mechanical,Low,,views/fathom_meetings.view.lkml,192,82b3ab594f0d8f518072f3e1cc4f4ce8ac1d576e
measure,looker:analytics:field:fathom_meetings:total_moderation_flagged_meetings,fathom_meetings,,total_moderation_flagged_meetings,measure:count_distinct,mechanical,Low,,views/fathom_meetings.view.lkml,197,82b3ab594f0d8f518072f3e1cc4f4ce8ac1d576e
measure,looker:analytics:field:fathom_meetings:total_scheduled_internal_meetings,fathom_meetings,,total_scheduled_internal_meetings,measure:count_distinct,mechanical,Low,,views/fathom_meetings.view.lkml,209,82b3ab594f0d8f518072f3e1cc4f4ce8ac1d576e
measure,looker:analytics:field:fct_boost_transactions:average_revenue_per_provider,fct_boost_transactions,,average_revenue_per_provider,measure:number,assisted,Medium,derived measure (type: number): validate confirms it resolves on the branch,views/booksy_demo.view.lkml,92,82b3ab594f0d8f518072f3e1cc4f4ce8ac1d576e
measure,looker:analytics:field:fct_boost_transactions:average_take_rate,fct_boost_transactions,,average_take_rate,measure:number,assisted,Medium,"derived measure (type: number): validate confirms it resolves on the branch; custom value_format '0.0\\""%\\""' not in mapping table",views/booksy_demo.view.lkml,77,82b3ab594f0d8f518072f3e1cc4f4ce8ac1d576e
measure,looker:analytics:field:fct_boost_transactions:count_distinct_active_providers,fct_boost_transactions,,count_distinct_active_providers,measure:count_distinct,mechanical,Low,,views/booksy_demo.view.lkml,85,82b3ab594f0d8f518072f3e1cc4f4ce8ac1d576e
measure,looker:analytics:field:fct_boost_transactions:count_transactions,fct_boost_transactions,,count_transactions,measure:count,mechanical,Low,,views/booksy_demo.view.lkml,100,82b3ab594f0d8f518072f3e1cc4f4ce8ac1d576e
measure,looker:analytics:field:fct_boost_transactions:current_period_boost_revenue,fct_boost_transactions,,current_period_boost_revenue,measure:sum,mechanical,Low,,views/booksy_demo.view.lkml,119,82b3ab594f0d8f518072f3e1cc4f4ce8ac1d576e
measure,looker:analytics:field:fct_boost_transactions:previous_period_boost_revenue,fct_boost_transactions,,previous_period_boost_revenue,measure:sum,mechanical,Low,,views/booksy_demo.view.lkml,128,82b3ab594f0d8f518072f3e1cc4f4ce8ac1d576e
measure,looker:analytics:field:fct_boost_transactions:revenue_period_change_pct,fct_boost_transactions,,revenue_period_change_pct,measure:number,assisted,Medium,"derived measure (type: number): validate confirms it resolves on the branch; custom value_format '0.0\\""%\\""' not in mapping table",views/booksy_demo.view.lkml,137,82b3ab594f0d8f518072f3e1cc4f4ce8ac1d576e
measure,looker:analytics:field:fct_boost_transactions:sum_boost_revenue,fct_boost_transactions,,sum_boost_revenue,measure:sum,mechanical,Low,,views/booksy_demo.view.lkml,61,82b3ab594f0d8f518072f3e1cc4f4ce8ac1d576e
measure,looker:analytics:field:fct_boost_transactions:sum_gmv,fct_boost_transactions,,sum_gmv,measure:sum,mechanical,Low,,views/booksy_demo.view.lkml,69,82b3ab594f0d8f518072f3e1cc4f4ce8ac1d576e
measure,looker:analytics:field:ga_multi_cycle_multi_touch_attribution:total_first_order_conversions,ga_multi_cycle_multi_touch_attribution,,total_first_order_conversions,measure:sum,mechanical,Low,,views/ga_multi_cycle_multi_touch_attribution.view.lkml,888,82b3ab594f0d8f518072f3e1cc4f4ce8ac1d576e
measure,looker:analytics:field:ga_multi_cycle_multi_touch_attribution:total_first_order_revenue,ga_multi_cycle_multi_touch_attribution,,total_first_order_revenue,measure:number,assisted,Medium,derived measure (type: number): validate confirms it resolves on the branch,views/ga_multi_cycle_multi_touch_attribution.view.lkml,898,82b3ab594f0d8f518072f3e1cc4f4ce8ac1d576e
measure,looker:analytics:field:ga_multi_cycle_multi_touch_attribution:total_payment_method_added,ga_multi_cycle_multi_touch_attribution,,total_payment_method_added,measure:sum,mechanical,Low,,views/ga_multi_cycle_multi_touch_attribution.view.lkml,883,82b3ab594f0d8f518072f3e1cc4f4ce8ac1d576e
measure,looker:analytics:field:ga_multi_cycle_multi_touch_attribution:total_repeat_order_conversions,ga_multi_cycle_multi_touch_attribution,,total_repeat_order_conversions,measure:sum,mechanical,Low,,views/ga_multi_cycle_multi_touch_attribution.view.lkml,893,82b3ab594f0d8f518072f3e1cc4f4ce8ac1d576e
measure,looker:analytics:field:ga_multi_cycle_multi_touch_attribution:total_repeat_order_revenue,ga_multi_cycle_multi_touch_attribution,,total_repeat_order_revenue,measure:sum,mechanical,Low,,views/ga_multi_cycle_multi_touch_attribution.view.lkml,903,82b3ab594f0d8f518072f3e1cc4f4ce8ac1d576e
measure,looker:analytics:field:gcp_billing_fact:count,gcp_billing_fact,,count,measure:count,mechanical,Low,,views/gcp_billing_fact.view.lkml,145,82b3ab594f0d8f518072f3e1cc4f4ce8ac1d576e
measure,looker:analytics:field:gcp_billing_fact:total_cost,gcp_billing_fact,,total_cost,measure:sum,mechanical,Low,,views/gcp_billing_fact.view.lkml,107,82b3ab594f0d8f518072f3e1cc4f4ce8ac1d576e
measure,looker:analytics:field:gcp_billing_fact:total_usage_amount,gcp_billing_fact,,total_usage_amount,measure:sum,mechanical,Low,,views/gcp_billing_fact.view.lkml,123,82b3ab594f0d8f518072f3e1cc4f4ce8ac1d576e
measure,looker:analytics:field:general_ledger_fact:net_amount,general_ledger_fact,,net_amount,measure:sum,mechanical,Low,,views/general_ledger_fact.view.lkml,176,82b3ab594f0d8f518072f3e1cc4f4ce8ac1d576e
measure,looker:analytics:field:general_ledger_fact:tax_amount,general_ledger_fact,,tax_amount,measure:sum,mechanical,Low,,views/general_ledger_fact.view.lkml,208,82b3ab594f0d8f518072f3e1cc4f4ce8ac1d576e
measure,looker:analytics:field:has_viewed_pricing:count,has_viewed_pricing,,count,measure:count,mechanical,Low,,views/has_viewed_pricing.view.lkml,18,82b3ab594f0d8f518072f3e1cc4f4ce8ac1d576e
measure,looker:analytics:field:hr_survey_results_fact:avg_alignment_score,hr_survey_results_fact,,avg_alignment_score,measure:average,mechanical,Low,,views/hr_survey_results_fact.view.lkml,188,82b3ab594f0d8f518072f3e1cc4f4ce8ac1d576e
measure,looker:analytics:field:hr_survey_results_fact:avg_ambassadorship_score,hr_survey_results_fact,,avg_ambassadorship_score,measure:average,mechanical,Low,,views/hr_survey_results_fact.view.lkml,148,82b3ab594f0d8f518072f3e1cc4f4ce8ac1d576e
measure,looker:analytics:field:hr_survey_results_fact:avg_e_nps,hr_survey_results_fact,,avg_e_nps,measure:average,mechanical,Low,,views/hr_survey_results_fact.view.lkml,132,82b3ab594f0d8f518072f3e1cc4f4ce8ac1d576e
measure,looker:analytics:field:hr_survey_results_fact:avg_engagement_score,hr_survey_results_fact,,avg_engagement_score,measure:average,mechanical,Low,,views/hr_survey_results_fact.view.lkml,116,82b3ab594f0d8f518072f3e1cc4f4ce8ac1d576e
measure,looker:analytics:field:hr_survey_results_fact:avg_feedback_score,hr_survey_results_fact,,avg_feedback_score,measure:average,mechanical,Low,,views/hr_survey_results_fact.view.lkml,156,82b3ab594f0d8f518072f3e1cc4f4ce8ac1d576e
measure,looker:analytics:field:hr_survey_results_fact:avg_happiness_score,hr_survey_results_fact,,avg_happiness_score,measure:number,assisted,Medium,derived measure (type: number): validate confirms it resolves on the branch,views/hr_survey_results_fact.view.lkml,196,82b3ab594f0d8f518072f3e1cc4f4ce8ac1d576e
measure,looker:analytics:field:hr_survey_results_fact:avg_participation_score,hr_survey_results_fact,,avg_participation_score,measure:average,mechanical,Low,,views/hr_survey_results_fact.view.lkml,124,82b3ab594f0d8f518072f3e1cc4f4ce8ac1d576e
measure,looker:analytics:field:hr_survey_results_fact:avg_personal_growth_score,hr_survey_results_fact,,avg_personal_growth_score,measure:average,mechanical,Low,,views/hr_survey_results_fact.view.lkml,212,82b3ab594f0d8f518072f3e1cc4f4ce8ac1d576e
measure,looker:analytics:field:hr_survey_results_fact:avg_recognition_score,hr_survey_results_fact,,avg_recognition_score,measure:average,mechanical,Low,,views/hr_survey_results_fact.view.lkml,140,82b3ab594f0d8f518072f3e1cc4f4ce8ac1d576e
measure,looker:analytics:field:hr_survey_results_fact:avg_relationship_with_manager_score,hr_survey_results_fact,,avg_relationship_with_manager_score,measure:average,mechanical,Low,,views/hr_survey_results_fact.view.lkml,172,82b3ab594f0d8f518072f3e1cc4f4ce8ac1d576e
measure,looker:analytics:field:hr_survey_results_fact:avg_relationship_with_peers_score,hr_survey_results_fact,,avg_relationship_with_peers_score,measure:average,mechanical,Low,,views/hr_survey_results_fact.view.lkml,164,82b3ab594f0d8f518072f3e1cc4f4ce8ac1d576e
measure,looker:analytics:field:hr_survey_results_fact:avg_satisfaction_score,hr_survey_results_fact,,avg_satisfaction_score,measure:average,mechanical,Low,,views/hr_survey_results_fact.view.lkml,180,82b3ab594f0d8f518072f3e1cc4f4ce8ac1d576e
measure,looker:analytics:field:hr_survey_results_fact:avg_wellness_score,hr_survey_results_fact,,avg_wellness_score,measure:average,mechanical,Low,,views/hr_survey_results_fact.view.lkml,204,82b3ab594f0d8f518072f3e1cc4f4ce8ac1d576e
measure,looker:analytics:field:icp_lookalike_audience_uk_ie_eu_only:count,icp_lookalike_audience_uk_ie_eu_only,,count,measure:count,mechanical,Low,,views/icp_lookalike_audience_uk_ie_eu_only.view.lkml,54,82b3ab594f0d8f518072f3e1cc4f4ce8ac1d576e
measure,looker:analytics:field:ideal_customer_2025:avg_client_contribution_gbp,ideal_customer_2025,,avg_client_contribution_gbp,measure:average,mechanical,Low,,views/ideal_customer_2025.view.lkml,224,82b3ab594f0d8f518072f3e1cc4f4ce8ac1d576e
measure,looker:analytics:field:ideal_customer_2025:avg_project_margin_pct,ideal_customer_2025,,avg_project_margin_pct,measure:average,mechanical,Low,,views/ideal_customer_2025.view.lkml,180,82b3ab594f0d8f518072f3e1cc4f4ce8ac1d576e
measure,looker:analytics:field:ideal_customer_2025:avg_renewals,ideal_customer_2025,,avg_renewals,measure:average,mechanical,Low,,views/ideal_customer_2025.view.lkml,269,82b3ab594f0d8f518072f3e1cc4f4ce8ac1d576e
measure,looker:analytics:field:ideal_customer_2025:avg_revenue_gbp,ideal_customer_2025,,avg_revenue_gbp,measure:average,mechanical,Low,,views/ideal_customer_2025.view.lkml,250,82b3ab594f0d8f518072f3e1cc4f4ce8ac1d576e
measure,looker:analytics:field:ideal_customer_2025:avg_sprints,ideal_customer_2025,,avg_sprints,measure:average,mechanical,Low,,views/ideal_customer_2025.view.lkml,297,82b3ab594f0d8f518072f3e1cc4f4ce8ac1d576e
measure,looker:analytics:field:ideal_customer_2025:count,ideal_customer_2025,,count,measure:count,mechanical,Low,,views/ideal_customer_2025.view.lkml,310,82b3ab594f0d8f518072f3e1cc4f4ce8ac1d576e
measure,looker:analytics:field:ideal_customer_2025:total_client_contribution_gbp,ideal_customer_2025,,total_client_contribution_gbp,measure:sum,mechanical,Low,,views/ideal_customer_2025.view.lkml,217,82b3ab594f0d8f518072f3e1cc4f4ce8ac1d576e
measure,looker:analytics:field:ideal_customer_2025:total_renewals,ideal_customer_2025,,total_renewals,measure:sum,mechanical,Low,,views/ideal_customer_2025.view.lkml,263,82b3ab594f0d8f518072f3e1cc4f4ce8ac1d576e
measure,looker:analytics:field:ideal_customer_2025:total_revenue_gbp,ideal_customer_2025,,total_revenue_gbp,measure:sum,mechanical,Low,,views/ideal_customer_2025.view.lkml,243,82b3ab594f0d8f518072f3e1cc4f4ce8ac1d576e
measure,looker:analytics:field:ideal_customer_2025:total_sprints,ideal_customer_2025,,total_sprints,measure:sum,mechanical,Low,,views/ideal_customer_2025.view.lkml,290,82b3ab594f0d8f518072f3e1cc4f4ce8ac1d576e
measure,looker:analytics:field:invoices_fact:count_invoices,invoices_fact,,count_invoices,measure:count_distinct,mechanical,Low,,views/invoices_fact.view.lkml,496,82b3ab594f0d8f518072f3e1cc4f4ce8ac1d576e
measure,looker:analytics:field:invoices_fact:customer_total_active_months,invoices_fact,,customer_total_active_months,measure:count_distinct,mechanical,Low,,views/invoices_fact.view.lkml,62,82b3ab594f0d8f518072f3e1cc4f4ce8ac1d576e
measure,looker:analytics:field:invoices_fact:invoice_months_recency,invoices_fact,,invoice_months_recency,measure:max,mechanical,Low,,views/invoices_fact.view.lkml,295,82b3ab594f0d8f518072f3e1cc4f4ce8ac1d576e
measure,looker:analytics:field:invoices_fact:min_invoice_months_before_now,invoices_fact,,min_invoice_months_before_now,measure:min,mechanical,Low,,views/invoices_fact.view.lkml,312,82b3ab594f0d8f518072f3e1cc4f4ce8ac1d576e
measure,looker:analytics:field:invoices_fact:total_gross_amount_gbp,invoices_fact,,total_gross_amount_gbp,measure:sum,mechanical,Low,,views/invoices_fact.view.lkml,449,82b3ab594f0d8f518072f3e1cc4f4ce8ac1d576e
measure,looker:analytics:field:invoices_fact:total_invoice_count_in_clients_last_12m,invoices_fact,,total_invoice_count_in_clients_last_12m,measure:count_distinct,mechanical,Low,,views/invoices_fact.view.lkml,506,82b3ab594f0d8f518072f3e1cc4f4ce8ac1d576e
measure,looker:analytics:field:invoices_fact:total_invoice_gbp_amount_in_clients_last_12m,invoices_fact,,total_invoice_gbp_amount_in_clients_last_12m,measure:sum,mechanical,Low,,views/invoices_fact.view.lkml,320,82b3ab594f0d8f518072f3e1cc4f4ce8ac1d576e
measure,looker:analytics:field:invoices_fact:total_invoice_gross_amount_local,invoices_fact,,total_invoice_gross_amount_local,measure:sum,mechanical,Low,,views/invoices_fact.view.lkml,423,82b3ab594f0d8f518072f3e1cc4f4ce8ac1d576e
measure,looker:analytics:field:invoices_fact:total_invoice_net_amount_local,invoices_fact,,total_invoice_net_amount_local,measure:sum,mechanical,Low,,views/invoices_fact.view.lkml,439,82b3ab594f0d8f518072f3e1cc4f4ce8ac1d576e
measure,looker:analytics:field:invoices_fact:total_invoice_tax_local,invoices_fact,,total_invoice_tax_local,measure:sum,mechanical,Low,,views/invoices_fact.view.lkml,431,82b3ab594f0d8f518072f3e1cc4f4ce8ac1d576e
measure,looker:analytics:field:invoices_fact:total_invoiced_net_amount_gbp,invoices_fact,,total_invoiced_net_amount_gbp,measure:sum,mechanical,Low,,views/invoices_fact.view.lkml,476,82b3ab594f0d8f518072f3e1cc4f4ce8ac1d576e
measure,looker:analytics:field:invoices_fact:total_months_customer,invoices_fact,,total_months_customer,measure:max,mechanical,Low,,views/invoices_fact.view.lkml,335,82b3ab594f0d8f518072f3e1cc4f4ce8ac1d576e
measure,looker:analytics:field:invoices_fact:total_net_amount_gbp,invoices_fact,,total_net_amount_gbp,measure:sum,mechanical,Low,,views/invoices_fact.view.lkml,466,82b3ab594f0d8f518072f3e1cc4f4ce8ac1d576e
measure,looker:analytics:field:invoices_fact:total_tax_gbp,invoices_fact,,total_tax_gbp,measure:sum,mechanical,Low,,views/invoices_fact.view.lkml,458,82b3ab594f0d8f518072f3e1cc4f4ce8ac1d576e
measure,looker:analytics:field:invoices_fact:total_uninvoiced_net_amount_gbp,invoices_fact,,total_uninvoiced_net_amount_gbp,measure:sum,mechanical,Low,,views/invoices_fact.view.lkml,486,82b3ab594f0d8f518072f3e1cc4f4ce8ac1d576e
measure,looker:analytics:field:ips_enriched:count,ips_enriched,,count,measure:untyped,assisted,Medium,measure without type: confirm intended aggregate,views/ips_enriched.view.lkml,84,82b3ab594f0d8f518072f3e1cc4f4ce8ac1d576e
measure,looker:analytics:field:journals_fact:gross_amount,journals_fact,,gross_amount,measure:sum,mechanical,Low,,views/journals_fact.view.lkml,39,82b3ab594f0d8f518072f3e1cc4f4ce8ac1d576e
measure,looker:analytics:field:journals_fact:net_amount,journals_fact,,net_amount,measure:sum,mechanical,Low,,views/journals_fact.view.lkml,83,82b3ab594f0d8f518072f3e1cc4f4ce8ac1d576e
measure,looker:analytics:field:journals_fact:tax_amount,journals_fact,,tax_amount,measure:sum,mechanical,Low,,views/journals_fact.view.lkml,109,82b3ab594f0d8f518072f3e1cc4f4ce8ac1d576e
measure,looker:analytics:field:keyword_page_report:avg_ctr,keyword_page_report,,avg_ctr,measure:average,mechanical,Low,,views/keyword_page_report.view.lkml,77,82b3ab594f0d8f518072f3e1cc4f4ce8ac1d576e
measure,looker:analytics:field:keyword_page_report:avg_position,keyword_page_report,,avg_position,measure:average,mechanical,Low,,views/keyword_page_report.view.lkml,87,82b3ab594f0d8f518072f3e1cc4f4ce8ac1d576e
measure,looker:analytics:field:keyword_page_report:total_clicks,keyword_page_report,,total_clicks,measure:sum,mechanical,Low,,views/keyword_page_report.view.lkml,82,82b3ab594f0d8f518072f3e1cc4f4ce8ac1d576e
measure,looker:analytics:field:keyword_page_report:total_impressions,keyword_page_report,,total_impressions,measure:sum,mechanical,Low,,views/keyword_page_report.view.lkml,72,82b3ab594f0d8f518072f3e1cc4f4ce8ac1d576e
measure,looker:analytics:field:kpi_scorecard:avg_kpi_value,kpi_scorecard,,avg_kpi_value,measure:average,mechanical,Low,,views/kpi_scorecard.view.lkml,278,82b3ab594f0d8f518072f3e1cc4f4ce8ac1d576e
measure,looker:analytics:field:kpi_scorecard:count,kpi_scorecard,,count,measure:count,mechanical,Low,,views/kpi_scorecard.view.lkml,224,82b3ab594f0d8f518072f3e1cc4f4ce8ac1d576e
measure,looker:analytics:field:kpi_scorecard:count_amber,kpi_scorecard,,count_amber,measure:count,mechanical,Low,,views/kpi_scorecard.view.lkml,239,82b3ab594f0d8f518072f3e1cc4f4ce8ac1d576e
measure,looker:analytics:field:kpi_scorecard:count_green,kpi_scorecard,,count_green,measure:count,mechanical,Low,,views/kpi_scorecard.view.lkml,231,82b3ab594f0d8f518072f3e1cc4f4ce8ac1d576e
measure,looker:analytics:field:kpi_scorecard:count_red,kpi_scorecard,,count_red,measure:count,mechanical,Low,,views/kpi_scorecard.view.lkml,247,82b3ab594f0d8f518072f3e1cc4f4ce8ac1d576e
measure,looker:analytics:field:kpi_scorecard:count_unscored,kpi_scorecard,,count_unscored,measure:count,mechanical,Low,,views/kpi_scorecard.view.lkml,255,82b3ab594f0d8f518072f3e1cc4f4ce8ac1d576e
measure,looker:analytics:field:kpi_scorecard:latest_kpi_value,kpi_scorecard,,latest_kpi_value,measure:max,mechanical,Low,,views/kpi_scorecard.view.lkml,270,82b3ab594f0d8f518072f3e1cc4f4ce8ac1d576e
measure,looker:analytics:field:kpi_scorecard:max_kpi_value,kpi_scorecard,,max_kpi_value,measure:max,mechanical,Low,,views/kpi_scorecard.view.lkml,286,82b3ab594f0d8f518072f3e1cc4f4ce8ac1d576e
measure,looker:analytics:field:kpi_scorecard:min_kpi_value,kpi_scorecard,,min_kpi_value,measure:min,mechanical,Low,,views/kpi_scorecard.view.lkml,293,82b3ab594f0d8f518072f3e1cc4f4ce8ac1d576e
measure,looker:analytics:field:kpi_scorecard:pct_green,kpi_scorecard,,pct_green,measure:number,assisted,Medium,derived measure (type: number): validate confirms it resolves on the branch,views/kpi_scorecard.view.lkml,262,82b3ab594f0d8f518072f3e1cc4f4ce8ac1d576e
measure,looker:analytics:field:linkedin_company_pages:click_count,linkedin_company_pages,,click_count,measure:sum,mechanical,Low,,views/linkedin_company_pages.view.lkml,64,82b3ab594f0d8f518072f3e1cc4f4ce8ac1d576e
measure,looker:analytics:field:linkedin_company_pages:comment_count,linkedin_company_pages,,comment_count,measure:sum,mechanical,Low,,views/linkedin_company_pages.view.lkml,69,82b3ab594f0d8f518072f3e1cc4f4ce8ac1d576e
measure,looker:analytics:field:linkedin_company_pages:count,linkedin_company_pages,,count,measure:count,mechanical,Low,,views/linkedin_company_pages.view.lkml,8,82b3ab594f0d8f518072f3e1cc4f4ce8ac1d576e
measure,looker:analytics:field:linkedin_company_pages:impression_count,linkedin_company_pages,,impression_count,measure:sum,mechanical,Low,,views/linkedin_company_pages.view.lkml,74,82b3ab594f0d8f518072f3e1cc4f4ce8ac1d576e
measure,looker:analytics:field:linkedin_company_pages:like_count,linkedin_company_pages,,like_count,measure:sum,mechanical,Low,,views/linkedin_company_pages.view.lkml,79,82b3ab594f0d8f518072f3e1cc4f4ce8ac1d576e
measure,looker:analytics:field:linkedin_company_pages:share_count,linkedin_company_pages,,share_count,measure:sum,mechanical,Low,,views/linkedin_company_pages.view.lkml,84,82b3ab594f0d8f518072f3e1cc4f4ce8ac1d576e
measure,looker:analytics:field:looker_usage_fact:approximate_web_usage_in_minutes,looker_usage_fact,,approximate_web_usage_in_minutes,measure:sum,mechanical,Low,,views/looker_usage_fact.view.lkml,12,82b3ab594f0d8f518072f3e1cc4f4ce8ac1d576e
measure,looker:analytics:field:looker_usage_fact:average_runtime_in_seconds,looker_usage_fact,,average_runtime_in_seconds,measure:average,mechanical,Low,,views/looker_usage_fact.view.lkml,18,82b3ab594f0d8f518072f3e1cc4f4ce8ac1d576e
measure,looker:analytics:field:looker_usage_fact:query_count,looker_usage_fact,,query_count,measure:count,mechanical,Low,,views/looker_usage_fact.view.lkml,116,82b3ab594f0d8f518072f3e1cc4f4ce8ac1d576e
measure,looker:analytics:field:looker_usage_stats:approximate_web_usage_in_minutes,looker_usage_stats,,approximate_web_usage_in_minutes,measure:sum,mechanical,Low,,views/looker_usage_stats.view.lkml,20,82b3ab594f0d8f518072f3e1cc4f4ce8ac1d576e
measure,looker:analytics:field:looker_usage_stats:average_runtime_in_seconds,looker_usage_stats,,average_runtime_in_seconds,measure:average_distinct,assisted,Medium,distinct measure without sql_distinct_key,views/looker_usage_stats.view.lkml,25,82b3ab594f0d8f518072f3e1cc4f4ce8ac1d576e
measure,looker:analytics:field:looker_usage_stats:count,looker_usage_stats,,count,measure:count,mechanical,Low,,views/looker_usage_stats.view.lkml,7,82b3ab594f0d8f518072f3e1cc4f4ce8ac1d576e
measure,looker:analytics:field:looker_usage_stats:max_average_runtime_in_seconds,looker_usage_stats,,max_average_runtime_in_seconds,measure:max,mechanical,Low,,views/looker_usage_stats.view.lkml,33,82b3ab594f0d8f518072f3e1cc4f4ce8ac1d576e
measure,looker:analytics:field:marketing_content_dim:count,marketing_content_dim,,count,measure:count,mechanical,Low,,views/marketing_content_dim.view.lkml,128,82b3ab594f0d8f518072f3e1cc4f4ce8ac1d576e
measure,looker:analytics:field:marketing_content_dim:total_comments,marketing_content_dim,,total_comments,measure:sum,mechanical,Low,,views/marketing_content_dim.view.lkml,123,82b3ab594f0d8f518072f3e1cc4f4ce8ac1d576e
measure,looker:analytics:field:marketing_content_dim:total_impressions,marketing_content_dim,,total_impressions,measure:sum,mechanical,Low,,views/marketing_content_dim.view.lkml,117,82b3ab594f0d8f518072f3e1cc4f4ce8ac1d576e
measure,looker:analytics:field:marketing_content_dim:total_likes,marketing_content_dim,,total_likes,measure:sum,mechanical,Low,,views/marketing_content_dim.view.lkml,111,82b3ab594f0d8f518072f3e1cc4f4ce8ac1d576e
measure,looker:analytics:field:marketing_interactions_fact:count_interactions,marketing_interactions_fact,,count_interactions,measure:count_distinct,mechanical,Low,,views/marketing_interactions_fact.view.lkml,98,82b3ab594f0d8f518072f3e1cc4f4ce8ac1d576e
measure,looker:analytics:field:marketing_interactions_fact:total_comments,marketing_interactions_fact,,total_comments,measure:count_distinct,mechanical,Low,,views/marketing_interactions_fact.view.lkml,50,82b3ab594f0d8f518072f3e1cc4f4ce8ac1d576e
measure,looker:analytics:field:marketing_interactions_fact:total_follows,marketing_interactions_fact,,total_follows,measure:count_distinct,mechanical,Low,,views/marketing_interactions_fact.view.lkml,56,82b3ab594f0d8f518072f3e1cc4f4ce8ac1d576e
measure,looker:analytics:field:marketing_interactions_fact:total_likes,marketing_interactions_fact,,total_likes,measure:count_distinct,mechanical,Low,,views/marketing_interactions_fact.view.lkml,44,82b3ab594f0d8f518072f3e1cc4f4ce8ac1d576e
measure,looker:analytics:field:meeting_contact_lines_fact:count,meeting_contact_lines_fact,,count,measure:count,mechanical,Low,,views/meeting_contact_lines_fact.view.lkml,49,82b3ab594f0d8f518072f3e1cc4f4ce8ac1d576e
measure,looker:analytics:field:messages_fact:count,messages_fact,,count,measure:count,mechanical,Low,,views/messages_fact.view.lkml,91,82b3ab594f0d8f518072f3e1cc4f4ce8ac1d576e
measure,looker:analytics:field:monthly_performance_fact:average_pct_cost_of_delivery,monthly_performance_fact,,average_pct_cost_of_delivery,measure:average,mechanical,Low,,views/monthly_performance_fact.view.lkml,41,82b3ab594f0d8f518072f3e1cc4f4ce8ac1d576e
measure,looker:analytics:field:monthly_performance_fact:count,monthly_performance_fact,,count,measure:count,mechanical,Low,,views/monthly_performance_fact.view.lkml,269,82b3ab594f0d8f518072f3e1cc4f4ce8ac1d576e
measure,looker:analytics:field:monthly_performance_fact:total_pct_cost_of_delivery,monthly_performance_fact,,total_pct_cost_of_delivery,measure:sum,mechanical,Low,,views/monthly_performance_fact.view.lkml,38,82b3ab594f0d8f518072f3e1cc4f4ce8ac1d576e
measure,looker:analytics:field:monthly_resource_revenue_forecast_fact:avg_forecast_hourly_rate,monthly_resource_revenue_forecast_fact,,avg_forecast_hourly_rate,measure:average,mechanical,Low,,views/monthly_resource_revenue_forecast_fact.view.lkml,211,82b3ab594f0d8f518072f3e1cc4f4ce8ac1d576e
measure,looker:analytics:field:monthly_resource_revenue_forecast_fact:dynamic_measure,monthly_resource_revenue_forecast_fact,,dynamic_measure,measure:number,redesign,High,Liquid in measure sql or label,views/monthly_resource_revenue_forecast_fact.view.lkml,57,82b3ab594f0d8f518072f3e1cc4f4ce8ac1d576e
measure,looker:analytics:field:monthly_resource_revenue_forecast_fact:total_forecast_monthly_hours,monthly_resource_revenue_forecast_fact,,total_forecast_monthly_hours,measure:sum,mechanical,Low,,views/monthly_resource_revenue_forecast_fact.view.lkml,156,82b3ab594f0d8f518072f3e1cc4f4ce8ac1d576e
measure,looker:analytics:field:monthly_resource_revenue_forecast_fact:total_forecast_revenue_gbp,monthly_resource_revenue_forecast_fact,,total_forecast_revenue_gbp,measure:sum,mechanical,Low,,views/monthly_resource_revenue_forecast_fact.view.lkml,174,82b3ab594f0d8f518072f3e1cc4f4ce8ac1d576e
measure,looker:analytics:field:monthly_resource_revenue_forecast_fact:total_forecast_sac_fte,monthly_resource_revenue_forecast_fact,,total_forecast_sac_fte,measure:sum,mechanical,Low,,views/monthly_resource_revenue_forecast_fact.view.lkml,186,82b3ab594f0d8f518072f3e1cc4f4ce8ac1d576e
measure,looker:analytics:field:monthly_resource_revenue_forecast_fact:total_forecast_weighted_sac_fte,monthly_resource_revenue_forecast_fact,,total_forecast_weighted_sac_fte,measure:sum,mechanical,Low,,views/monthly_resource_revenue_forecast_fact.view.lkml,198,82b3ab594f0d8f518072f3e1cc4f4ce8ac1d576e
measure,looker:analytics:field:monthly_resource_revenue_forecast_fact:total_weighted_forecast_monthly_hours,monthly_resource_revenue_forecast_fact,,total_weighted_forecast_monthly_hours,measure:sum,mechanical,Low,,views/monthly_resource_revenue_forecast_fact.view.lkml,161,82b3ab594f0d8f518072f3e1cc4f4ce8ac1d576e
measure,looker:analytics:field:monzo_bank_transactions_enriched:amount,monzo_bank_transactions_enriched,,amount,measure:sum,mechanical,Low,,views/monzo_bank_transactions_enriched.view.lkml,30,82b3ab594f0d8f518072f3e1cc4f4ce8ac1d576e
measure,looker:analytics:field:monzo_bank_transactions_enriched:count,monzo_bank_transactions_enriched,,count,measure:count,mechanical,Low,,views/monzo_bank_transactions_enriched.view.lkml,116,82b3ab594f0d8f518072f3e1cc4f4ce8ac1d576e
measure,looker:analytics:field:nps_survey_results_fact:average_nps_score,nps_survey_results_fact,,average_nps_score,measure:average,mechanical,Low,,views/nps_survey_results_fact.view.lkml,49,82b3ab594f0d8f518072f3e1cc4f4ce8ac1d576e
measure,looker:analytics:field:nps_survey_results_fact:count,nps_survey_results_fact,,count,measure:count,mechanical,Low,,views/nps_survey_results_fact.view.lkml,77,82b3ab594f0d8f518072f3e1cc4f4ce8ac1d576e
measure,looker:analytics:field:organic_post_performance_fact:total_organic_posts,organic_post_performance_fact,,total_organic_posts,measure:count_distinct,mechanical,Low,,views/organic_post_performance_fact.view.lkml,41,82b3ab594f0d8f518072f3e1cc4f4ce8ac1d576e
measure,looker:analytics:field:organic_post_performance_fact:total_post_comments,organic_post_performance_fact,,total_post_comments,measure:sum,mechanical,Low,,views/organic_post_performance_fact.view.lkml,54,82b3ab594f0d8f518072f3e1cc4f4ce8ac1d576e
measure,looker:analytics:field:organic_post_performance_fact:total_post_likes,organic_post_performance_fact,,total_post_likes,measure:average,mechanical,Low,,views/organic_post_performance_fact.view.lkml,58,82b3ab594f0d8f518072f3e1cc4f4ce8ac1d576e
measure,looker:analytics:field:page_keyword_performance:avg_ctr,page_keyword_performance,,avg_ctr,measure:average,mechanical,Low,,views/page_keyword_performance.view.lkml,151,82b3ab594f0d8f518072f3e1cc4f4ce8ac1d576e
measure,looker:analytics:field:page_keyword_performance:avg_position,page_keyword_performance,,avg_position,measure:average,mechanical,Low,,views/page_keyword_performance.view.lkml,156,82b3ab594f0d8f518072f3e1cc4f4ce8ac1d576e
measure,looker:analytics:field:page_keyword_performance:total_clicks,page_keyword_performance,,total_clicks,measure:sum,mechanical,Low,,views/page_keyword_performance.view.lkml,141,82b3ab594f0d8f518072f3e1cc4f4ce8ac1d576e
measure,looker:analytics:field:page_keyword_performance:total_impressions,page_keyword_performance,,total_impressions,measure:sum,mechanical,Low,,views/page_keyword_performance.view.lkml,146,82b3ab594f0d8f518072f3e1cc4f4ce8ac1d576e
measure,looker:analytics:field:page_report:avg_ctr,page_report,,avg_ctr,measure:average,mechanical,Low,,views/page_report.view.lkml,23,82b3ab594f0d8f518072f3e1cc4f4ce8ac1d576e
measure,looker:analytics:field:page_report:count,page_report,,count,measure:count,mechanical,Low,,views/page_report.view.lkml,77,82b3ab594f0d8f518072f3e1cc4f4ce8ac1d576e
measure,looker:analytics:field:page_report:total_clicks,page_report,,total_clicks,measure:sum,mechanical,Low,,views/page_report.view.lkml,28,82b3ab594f0d8f518072f3e1cc4f4ce8ac1d576e
measure,looker:analytics:field:page_report:total_impressions,page_report,,total_impressions,measure:sum,mechanical,Low,,views/page_report.view.lkml,33,82b3ab594f0d8f518072f3e1cc4f4ce8ac1d576e
measure,looker:analytics:field:payments_fact:count,payments_fact,,count,measure:count,mechanical,Low,,views/payments_fact.view.lkml,177,82b3ab594f0d8f518072f3e1cc4f4ce8ac1d576e
measure,looker:analytics:field:payments_fact:total_payment_amount,payments_fact,,total_payment_amount,measure:sum,mechanical,Low,,views/payments_fact.view.lkml,68,82b3ab594f0d8f518072f3e1cc4f4ce8ac1d576e
measure,looker:analytics:field:performance_narrative_fact:count,performance_narrative_fact,,count,measure:count,mechanical,Low,,views/performance_narrative_fact.view.lkml,44,82b3ab594f0d8f518072f3e1cc4f4ce8ac1d576e
measure,looker:analytics:field:persons_dim:average_deals_per_contact,persons_dim,,average_deals_per_contact,measure:average,mechanical,Low,,views/persons_dim.view.lkml,790,82b3ab594f0d8f518072f3e1cc4f4ce8ac1d576e
measure,looker:analytics:field:persons_dim:average_page_views,persons_dim,,average_page_views,measure:average,mechanical,Low,,views/persons_dim.view.lkml,783,82b3ab594f0d8f518072f3e1cc4f4ce8ac1d576e
measure,looker:analytics:field:persons_dim:average_weekly_capacity,persons_dim,,average_weekly_capacity,measure:average,mechanical,Low,,views/persons_dim.view.lkml,768,82b3ab594f0d8f518072f3e1cc4f4ce8ac1d576e
measure,looker:analytics:field:persons_dim:candidate_count,persons_dim,,candidate_count,measure:count,mechanical,Low,,views/persons_dim.view.lkml,753,82b3ab594f0d8f518072f3e1cc4f4ce8ac1d576e
measure,looker:analytics:field:persons_dim:client_contact_count,persons_dim,,client_contact_count,measure:count,mechanical,Low,,views/persons_dim.view.lkml,739,82b3ab594f0d8f518072f3e1cc4f4ce8ac1d576e
measure,looker:analytics:field:persons_dim:contractor_count,persons_dim,,contractor_count,measure:count,mechanical,Low,,views/persons_dim.view.lkml,732,82b3ab594f0d8f518072f3e1cc4f4ce8ac1d576e
measure,looker:analytics:field:persons_dim:count,persons_dim,,count,measure:count,mechanical,Low,,views/persons_dim.view.lkml,719,82b3ab594f0d8f518072f3e1cc4f4ce8ac1d576e
measure,looker:analytics:field:persons_dim:multi_role_person_count,persons_dim,,multi_role_person_count,measure:count,mechanical,Low,,views/persons_dim.view.lkml,760,82b3ab594f0d8f518072f3e1cc4f4ce8ac1d576e
measure,looker:analytics:field:persons_dim:prospect_count,persons_dim,,prospect_count,measure:count,mechanical,Low,,views/persons_dim.view.lkml,746,82b3ab594f0d8f518072f3e1cc4f4ce8ac1d576e
measure,looker:analytics:field:persons_dim:staff_count,persons_dim,,staff_count,measure:count,mechanical,Low,,views/persons_dim.view.lkml,725,82b3ab594f0d8f518072f3e1cc4f4ce8ac1d576e
measure,looker:analytics:field:persons_dim:total_weekly_capacity,persons_dim,,total_weekly_capacity,measure:sum,mechanical,Low,,views/persons_dim.view.lkml,776,82b3ab594f0d8f518072f3e1cc4f4ce8ac1d576e
measure,looker:analytics:field:pipeline_history:count_deals,pipeline_history,,count_deals,measure:count_distinct,mechanical,Low,,views/pipeline_history.view.lkml,80,82b3ab594f0d8f518072f3e1cc4f4ce8ac1d576e
measure,looker:analytics:field:pipeline_history:total_deal_amount_gbp,pipeline_history,,total_deal_amount_gbp,measure:sum_distinct,assisted,Medium,distinct measure without sql_distinct_key,views/pipeline_history.view.lkml,114,82b3ab594f0d8f518072f3e1cc4f4ce8ac1d576e
measure,looker:analytics:field:pl_reports:count,pl_reports,,count,measure:count,mechanical,Low,,views/pl_reports.view.lkml,59,82b3ab594f0d8f518072f3e1cc4f4ce8ac1d576e
measure,looker:analytics:field:podcast_transcriptions:count,podcast_transcriptions,,count,measure:count,mechanical,Low,,views/podcast_transcriptions.view.lkml,60,82b3ab594f0d8f518072f3e1cc4f4ce8ac1d576e
measure,looker:analytics:field:product_usage_fact:average_duration_secs,product_usage_fact,,average_duration_secs,measure:average_distinct,assisted,Medium,distinct measure without sql_distinct_key,views/product_usage_fact.view.lkml,149,82b3ab594f0d8f518072f3e1cc4f4ce8ac1d576e
measure,looker:analytics:field:product_usage_fact:avg_row_count,product_usage_fact,,avg_row_count,measure:average,mechanical,Low,,views/product_usage_fact.view.lkml,230,82b3ab594f0d8f518072f3e1cc4f4ce8ac1d576e
measure,looker:analytics:field:product_usage_fact:avg_usage_cost,product_usage_fact,,avg_usage_cost,measure:average_distinct,assisted,Medium,distinct measure without sql_distinct_key,views/product_usage_fact.view.lkml,95,82b3ab594f0d8f518072f3e1cc4f4ce8ac1d576e
measure,looker:analytics:field:product_usage_fact:count,product_usage_fact,,count,measure:count_distinct,mechanical,Low,,views/product_usage_fact.view.lkml,253,82b3ab594f0d8f518072f3e1cc4f4ce8ac1d576e
measure,looker:analytics:field:product_usage_fact:total_product_usage_amount,product_usage_fact,,total_product_usage_amount,measure:sum_distinct,assisted,Medium,distinct measure without sql_distinct_key,views/product_usage_fact.view.lkml,68,82b3ab594f0d8f518072f3e1cc4f4ce8ac1d576e
measure,looker:analytics:field:product_usage_fact:total_row_count,product_usage_fact,,total_row_count,measure:sum,mechanical,Low,,views/product_usage_fact.view.lkml,223,82b3ab594f0d8f518072f3e1cc4f4ce8ac1d576e
measure,looker:analytics:field:product_usage_fact:total_usage_cost,product_usage_fact,,total_usage_cost,measure:sum_distinct,assisted,Medium,distinct measure without sql_distinct_key,views/product_usage_fact.view.lkml,103,82b3ab594f0d8f518072f3e1cc4f4ce8ac1d576e
measure,looker:analytics:field:profit_and_loss_demo_fact:cost_of_delivery,profit_and_loss_demo_fact,,cost_of_delivery,measure:sum,mechanical,Low,,views/profit_and_loss_demo_fact.view.lkml,63,82b3ab594f0d8f518072f3e1cc4f4ce8ac1d576e
measure,looker:analytics:field:profit_and_loss_demo_fact:cost_of_delivery_prior_month_value,profit_and_loss_demo_fact,,cost_of_delivery_prior_month_value,measure:untyped,assisted,Medium,measure without type: confirm intended aggregate,views/profit_and_loss_demo_fact.view.lkml,100,82b3ab594f0d8f518072f3e1cc4f4ce8ac1d576e
measure,looker:analytics:field:profit_and_loss_demo_fact:overheads,profit_and_loss_demo_fact,,overheads,measure:sum,mechanical,Low,,views/profit_and_loss_demo_fact.view.lkml,72,82b3ab594f0d8f518072f3e1cc4f4ce8ac1d576e
measure,looker:analytics:field:profit_and_loss_demo_fact:retained_earnings,profit_and_loss_demo_fact,,retained_earnings,measure:sum,mechanical,Low,,views/profit_and_loss_demo_fact.view.lkml,81,82b3ab594f0d8f518072f3e1cc4f4ce8ac1d576e
measure,looker:analytics:field:profit_and_loss_demo_fact:revenue,profit_and_loss_demo_fact,,revenue,measure:sum,mechanical,Low,,views/profit_and_loss_demo_fact.view.lkml,54,82b3ab594f0d8f518072f3e1cc4f4ce8ac1d576e
measure,looker:analytics:field:profit_and_loss_demo_fact:revenue_prior_month_value,profit_and_loss_demo_fact,,revenue_prior_month_value,measure:sum,mechanical,Low,,views/profit_and_loss_demo_fact.view.lkml,91,82b3ab594f0d8f518072f3e1cc4f4ce8ac1d576e
measure,looker:analytics:field:profit_and_loss_report_account_group:average_net_amount,profit_and_loss_report_account_group,,average_net_amount,measure:average,mechanical,Low,,views/profit_and_loss_report_account_group.view.lkml,56,82b3ab594f0d8f518072f3e1cc4f4ce8ac1d576e
measure,looker:analytics:field:profit_and_loss_report_account_group:count,profit_and_loss_report_account_group,,count,measure:count,mechanical,Low,,views/profit_and_loss_report_account_group.view.lkml,59,82b3ab594f0d8f518072f3e1cc4f4ce8ac1d576e
measure,looker:analytics:field:profit_and_loss_report_account_group:total_net_amount,profit_and_loss_report_account_group,,total_net_amount,measure:sum,mechanical,Low,,views/profit_and_loss_report_account_group.view.lkml,53,82b3ab594f0d8f518072f3e1cc4f4ce8ac1d576e
measure,looker:analytics:field:profit_and_loss_report_fact:amount,profit_and_loss_report_fact,,amount,measure:sum,mechanical,Low,,views/profit_and_loss_report_fact.view.lkml,87,82b3ab594f0d8f518072f3e1cc4f4ce8ac1d576e
measure,looker:analytics:field:profit_and_loss_report_fact:budget,profit_and_loss_report_fact,,budget,measure:sum,mechanical,Low,,views/profit_and_loss_report_fact.view.lkml,403,82b3ab594f0d8f518072f3e1cc4f4ce8ac1d576e
measure,looker:analytics:field:profit_and_loss_report_fact:cost_of_delivery,profit_and_loss_report_fact,,cost_of_delivery,measure:sum,mechanical,Low,,views/profit_and_loss_report_fact.view.lkml,105,82b3ab594f0d8f518072f3e1cc4f4ce8ac1d576e
measure,looker:analytics:field:profit_and_loss_report_fact:cost_of_delivery_budget,profit_and_loss_report_fact,,cost_of_delivery_budget,measure:sum,mechanical,Low,,views/profit_and_loss_report_fact.view.lkml,427,82b3ab594f0d8f518072f3e1cc4f4ce8ac1d576e
measure,looker:analytics:field:profit_and_loss_report_fact:cost_of_delivery_prior_month,profit_and_loss_report_fact,,cost_of_delivery_prior_month,measure:period_over_period,redesign,High,measure type 'period_over_period' has no Omni aggregate_type,views/profit_and_loss_report_fact.view.lkml,164,82b3ab594f0d8f518072f3e1cc4f4ce8ac1d576e
measure,looker:analytics:field:profit_and_loss_report_fact:cost_of_delivery_prior_quarter,profit_and_loss_report_fact,,cost_of_delivery_prior_quarter,measure:period_over_period,redesign,High,measure type 'period_over_period' has no Omni aggregate_type,views/profit_and_loss_report_fact.view.lkml,238,82b3ab594f0d8f518072f3e1cc4f4ce8ac1d576e
measure,looker:analytics:field:profit_and_loss_report_fact:cost_of_delivery_prior_year,profit_and_loss_report_fact,,cost_of_delivery_prior_year,measure:period_over_period,redesign,High,measure type 'period_over_period' has no Omni aggregate_type,views/profit_and_loss_report_fact.view.lkml,312,82b3ab594f0d8f518072f3e1cc4f4ce8ac1d576e
measure,looker:analytics:field:profit_and_loss_report_fact:dividends,profit_and_loss_report_fact,,dividends,measure:sum,mechanical,Low,,views/profit_and_loss_report_fact.view.lkml,132,82b3ab594f0d8f518072f3e1cc4f4ce8ac1d576e
measure,looker:analytics:field:profit_and_loss_report_fact:dividends_budget,profit_and_loss_report_fact,,dividends_budget,measure:sum,mechanical,Low,,views/profit_and_loss_report_fact.view.lkml,454,82b3ab594f0d8f518072f3e1cc4f4ce8ac1d576e
measure,looker:analytics:field:profit_and_loss_report_fact:dividends_prior_month,profit_and_loss_report_fact,,dividends_prior_month,measure:period_over_period,redesign,High,measure type 'period_over_period' has no Omni aggregate_type,views/profit_and_loss_report_fact.view.lkml,200,82b3ab594f0d8f518072f3e1cc4f4ce8ac1d576e
measure,looker:analytics:field:profit_and_loss_report_fact:dividends_prior_quarter,profit_and_loss_report_fact,,dividends_prior_quarter,measure:period_over_period,redesign,High,measure type 'period_over_period' has no Omni aggregate_type,views/profit_and_loss_report_fact.view.lkml,274,82b3ab594f0d8f518072f3e1cc4f4ce8ac1d576e
measure,looker:analytics:field:profit_and_loss_report_fact:overheads,profit_and_loss_report_fact,,overheads,measure:sum,mechanical,Low,,views/profit_and_loss_report_fact.view.lkml,114,82b3ab594f0d8f518072f3e1cc4f4ce8ac1d576e
measure,looker:analytics:field:profit_and_loss_report_fact:overheads_budget,profit_and_loss_report_fact,,overheads_budget,measure:sum,mechanical,Low,,views/profit_and_loss_report_fact.view.lkml,436,82b3ab594f0d8f518072f3e1cc4f4ce8ac1d576e
measure,looker:analytics:field:profit_and_loss_report_fact:overheads_prior_month,profit_and_loss_report_fact,,overheads_prior_month,measure:period_over_period,redesign,High,measure type 'period_over_period' has no Omni aggregate_type,views/profit_and_loss_report_fact.view.lkml,176,82b3ab594f0d8f518072f3e1cc4f4ce8ac1d576e
measure,looker:analytics:field:profit_and_loss_report_fact:overheads_prior_quarter,profit_and_loss_report_fact,,overheads_prior_quarter,measure:period_over_period,redesign,High,measure type 'period_over_period' has no Omni aggregate_type,views/profit_and_loss_report_fact.view.lkml,250,82b3ab594f0d8f518072f3e1cc4f4ce8ac1d576e
measure,looker:analytics:field:profit_and_loss_report_fact:overheads_prior_year,profit_and_loss_report_fact,,overheads_prior_year,measure:period_over_period,redesign,High,measure type 'period_over_period' has no Omni aggregate_type,views/profit_and_loss_report_fact.view.lkml,324,82b3ab594f0d8f518072f3e1cc4f4ce8ac1d576e
measure,looker:analytics:field:profit_and_loss_report_fact:retained_earnings,profit_and_loss_report_fact,,retained_earnings,measure:sum,mechanical,Low,,views/profit_and_loss_report_fact.view.lkml,141,82b3ab594f0d8f518072f3e1cc4f4ce8ac1d576e
measure,looker:analytics:field:profit_and_loss_report_fact:retained_earnings_budget,profit_and_loss_report_fact,,retained_earnings_budget,measure:sum,mechanical,Low,,views/profit_and_loss_report_fact.view.lkml,410,82b3ab594f0d8f518072f3e1cc4f4ce8ac1d576e
measure,looker:analytics:field:profit_and_loss_report_fact:retained_earnings_prior_month,profit_and_loss_report_fact,,retained_earnings_prior_month,measure:period_over_period,redesign,High,measure type 'period_over_period' has no Omni aggregate_type,views/profit_and_loss_report_fact.view.lkml,212,82b3ab594f0d8f518072f3e1cc4f4ce8ac1d576e
measure,looker:analytics:field:profit_and_loss_report_fact:retained_earnings_prior_quarter,profit_and_loss_report_fact,,retained_earnings_prior_quarter,measure:period_over_period,redesign,High,measure type 'period_over_period' has no Omni aggregate_type,views/profit_and_loss_report_fact.view.lkml,286,82b3ab594f0d8f518072f3e1cc4f4ce8ac1d576e
measure,looker:analytics:field:profit_and_loss_report_fact:retained_earnings_prior_year,profit_and_loss_report_fact,,retained_earnings_prior_year,measure:period_over_period,redesign,High,measure type 'period_over_period' has no Omni aggregate_type,views/profit_and_loss_report_fact.view.lkml,336,82b3ab594f0d8f518072f3e1cc4f4ce8ac1d576e
measure,looker:analytics:field:profit_and_loss_report_fact:revenue,profit_and_loss_report_fact,,revenue,measure:sum,mechanical,Low,,views/profit_and_loss_report_fact.view.lkml,96,82b3ab594f0d8f518072f3e1cc4f4ce8ac1d576e
measure,looker:analytics:field:profit_and_loss_report_fact:revenue_budget,profit_and_loss_report_fact,,revenue_budget,measure:sum,mechanical,Low,,views/profit_and_loss_report_fact.view.lkml,418,82b3ab594f0d8f518072f3e1cc4f4ce8ac1d576e
measure,looker:analytics:field:profit_and_loss_report_fact:revenue_dynamic_prior_period,profit_and_loss_report_fact,,revenue_dynamic_prior_period,measure:sum,redesign,High,Liquid in measure sql or label,views/profit_and_loss_report_fact.view.lkml,372,82b3ab594f0d8f518072f3e1cc4f4ce8ac1d576e
measure,looker:analytics:field:profit_and_loss_report_fact:revenue_prior_month,profit_and_loss_report_fact,,revenue_prior_month,measure:period_over_period,redesign,High,measure type 'period_over_period' has no Omni aggregate_type,views/profit_and_loss_report_fact.view.lkml,152,82b3ab594f0d8f518072f3e1cc4f4ce8ac1d576e
measure,looker:analytics:field:profit_and_loss_report_fact:revenue_prior_quarter,profit_and_loss_report_fact,,revenue_prior_quarter,measure:period_over_period,redesign,High,measure type 'period_over_period' has no Omni aggregate_type,views/profit_and_loss_report_fact.view.lkml,226,82b3ab594f0d8f518072f3e1cc4f4ce8ac1d576e
measure,looker:analytics:field:profit_and_loss_report_fact:revenue_prior_year,profit_and_loss_report_fact,,revenue_prior_year,measure:period_over_period,redesign,High,measure type 'period_over_period' has no Omni aggregate_type,views/profit_and_loss_report_fact.view.lkml,300,82b3ab594f0d8f518072f3e1cc4f4ce8ac1d576e
measure,looker:analytics:field:profit_and_loss_report_fact:taxation,profit_and_loss_report_fact,,taxation,measure:sum,mechanical,Low,,views/profit_and_loss_report_fact.view.lkml,123,82b3ab594f0d8f518072f3e1cc4f4ce8ac1d576e
measure,looker:analytics:field:profit_and_loss_report_fact:taxation_budget,profit_and_loss_report_fact,,taxation_budget,measure:sum,mechanical,Low,,views/profit_and_loss_report_fact.view.lkml,445,82b3ab594f0d8f518072f3e1cc4f4ce8ac1d576e
measure,looker:analytics:field:profit_and_loss_report_fact:taxation_prior_month,profit_and_loss_report_fact,,taxation_prior_month,measure:period_over_period,redesign,High,measure type 'period_over_period' has no Omni aggregate_type,views/profit_and_loss_report_fact.view.lkml,188,82b3ab594f0d8f518072f3e1cc4f4ce8ac1d576e
measure,looker:analytics:field:profit_and_loss_report_fact:taxation_prior_quarter,profit_and_loss_report_fact,,taxation_prior_quarter,measure:period_over_period,redesign,High,measure type 'period_over_period' has no Omni aggregate_type,views/profit_and_loss_report_fact.view.lkml,262,82b3ab594f0d8f518072f3e1cc4f4ce8ac1d576e
measure,looker:analytics:field:project_attribution:attributed_contribution_gbp,project_attribution,,attributed_contribution_gbp,measure:sum,mechanical,Low,,views/project_attribution.view.lkml,205,82b3ab594f0d8f518072f3e1cc4f4ce8ac1d576e
measure,looker:analytics:field:project_attribution:attributed_cost_gbp,project_attribution,,attributed_cost_gbp,measure:sum,mechanical,Low,,views/project_attribution.view.lkml,198,82b3ab594f0d8f518072f3e1cc4f4ce8ac1d576e
measure,looker:analytics:field:project_attribution:attributed_revenue_gbp,project_attribution,,attributed_revenue_gbp,measure:sum,mechanical,Low,,views/project_attribution.view.lkml,191,82b3ab594f0d8f518072f3e1cc4f4ce8ac1d576e
measure,looker:analytics:field:project_attribution:count,project_attribution,,count,measure:count,mechanical,Low,,views/project_attribution.view.lkml,92,82b3ab594f0d8f518072f3e1cc4f4ce8ac1d576e
measure,looker:analytics:field:project_engagements:booked_revenue,project_engagements,,booked_revenue,measure:sum,mechanical,Low,,views/project_engagements_monthly_revenue.view.lkml,37,82b3ab594f0d8f518072f3e1cc4f4ce8ac1d576e
measure,looker:analytics:field:project_metrics:count,project_metrics,,count,measure:count,mechanical,Low,,views/project_metrics.view.lkml,48,82b3ab594f0d8f518072f3e1cc4f4ce8ac1d576e
measure,looker:analytics:field:projects_delivered_is_ontime:count_ontime_timesheet_projects,projects_delivered_is_ontime,,count_ontime_timesheet_projects,measure:count_distinct,mechanical,Low,,views/projects_delivered_is_ontime.view.lkml,61,82b3ab594f0d8f518072f3e1cc4f4ce8ac1d576e
measure,looker:analytics:field:recognized_revenue_fact:recognized_margin_gbp,recognized_revenue_fact,,recognized_margin_gbp,measure:number,assisted,Medium,derived measure (type: number): validate confirms it resolves on the branch,views/recognized_revenue_fact.view.lkml,167,82b3ab594f0d8f518072f3e1cc4f4ce8ac1d576e
measure,looker:analytics:field:recognized_revenue_fact:total_delivery_cost_gbp,recognized_revenue_fact,,total_delivery_cost_gbp,measure:number,assisted,Medium,derived measure (type: number): validate confirms it resolves on the branch,views/recognized_revenue_fact.view.lkml,154,82b3ab594f0d8f518072f3e1cc4f4ce8ac1d576e
measure,looker:analytics:field:recognized_revenue_fact:total_delivery_labour_cost_gbp,recognized_revenue_fact,,total_delivery_labour_cost_gbp,measure:sum,mechanical,Low,,views/recognized_revenue_fact.view.lkml,139,82b3ab594f0d8f518072f3e1cc4f4ce8ac1d576e
measure,looker:analytics:field:recognized_revenue_fact:total_expense_cost_gbp,recognized_revenue_fact,,total_expense_cost_gbp,measure:sum_distinct,mechanical,Low,,views/recognized_revenue_fact.view.lkml,146,82b3ab594f0d8f518072f3e1cc4f4ce8ac1d576e
measure,looker:analytics:field:recognized_revenue_fact:total_hours_attributed,recognized_revenue_fact,,total_hours_attributed,measure:sum,mechanical,Low,,views/recognized_revenue_fact.view.lkml,68,82b3ab594f0d8f518072f3e1cc4f4ce8ac1d576e
measure,looker:analytics:field:recognized_revenue_fact:total_hours_billed,recognized_revenue_fact,,total_hours_billed,measure:sum,mechanical,Low,,views/recognized_revenue_fact.view.lkml,61,82b3ab594f0d8f518072f3e1cc4f4ce8ac1d576e
measure,looker:analytics:field:recognized_revenue_fact:total_recognized_revenue_attributed_gbp,recognized_revenue_fact,,total_recognized_revenue_attributed_gbp,measure:sum,mechanical,Low,,views/recognized_revenue_fact.view.lkml,80,82b3ab594f0d8f518072f3e1cc4f4ce8ac1d576e
measure,looker:analytics:field:recognized_revenue_fact:total_recognized_revenue_gbp,recognized_revenue_fact,,total_recognized_revenue_gbp,measure:sum,mechanical,Low,,views/recognized_revenue_fact.view.lkml,75,82b3ab594f0d8f518072f3e1cc4f4ce8ac1d576e
measure,looker:analytics:field:recruiting_application_stages_dim:count,recruiting_application_stages_dim,,count,measure:count,mechanical,Low,,views/recruiting_application_stages_dim.view.lkml,30,82b3ab594f0d8f518072f3e1cc4f4ce8ac1d576e
measure,looker:analytics:field:recruiting_job_applications_fact:application_count,recruiting_job_applications_fact,,application_count,measure:count_distinct,mechanical,Low,,views/recruiting_job_applications_fact.view.lkml,149,82b3ab594f0d8f518072f3e1cc4f4ce8ac1d576e
measure,looker:analytics:field:recruiting_jobs_dim:count,recruiting_jobs_dim,,count,measure:count,mechanical,Low,,views/recruiting_jobs_dim.view.lkml,56,82b3ab594f0d8f518072f3e1cc4f4ce8ac1d576e
measure,looker:analytics:field:revenue_attribution:attributed_revenue,revenue_attribution,,attributed_revenue,measure:sum,mechanical,Low,,views/revenue_attribution.view.lkml,132,82b3ab594f0d8f518072f3e1cc4f4ce8ac1d576e
measure,looker:analytics:field:sales_funnel_xa:avg_conversion_cycle_hour_length,sales_funnel_xa,,avg_conversion_cycle_hour_length,measure:average,mechanical,Low,,views/sales_funnel_xa.view.lkml,87,82b3ab594f0d8f518072f3e1cc4f4ce8ac1d576e
measure,looker:analytics:field:sales_funnel_xa:avg_days_to_conversion,sales_funnel_xa,,avg_days_to_conversion,measure:average,mechanical,Low,,views/sales_funnel_xa.view.lkml,51,82b3ab594f0d8f518072f3e1cc4f4ce8ac1d576e
measure,looker:analytics:field:sales_funnel_xa:avg_hours_from_last_interaction,sales_funnel_xa,,avg_hours_from_last_interaction,measure:average,mechanical,Low,,views/sales_funnel_xa.view.lkml,182,82b3ab594f0d8f518072f3e1cc4f4ce8ac1d576e
measure,looker:analytics:field:sales_funnel_xa:count_conversion_cycles,sales_funnel_xa,,count_conversion_cycles,measure:count_distinct,mechanical,Low,,views/sales_funnel_xa.view.lkml,240,82b3ab594f0d8f518072f3e1cc4f4ce8ac1d576e
measure,looker:analytics:field:sales_funnel_xa:count_converting_interactions,sales_funnel_xa,,count_converting_interactions,measure:count_distinct,mechanical,Low,,views/sales_funnel_xa.view.lkml,234,82b3ab594f0d8f518072f3e1cc4f4ce8ac1d576e
measure,looker:analytics:field:sales_funnel_xa:count_customer_conversions,sales_funnel_xa,,count_customer_conversions,measure:count_distinct,mechanical,Low,,views/sales_funnel_xa.view.lkml,261,82b3ab594f0d8f518072f3e1cc4f4ce8ac1d576e
measure,looker:analytics:field:sales_funnel_xa:count_interactions,sales_funnel_xa,,count_interactions,measure:count_distinct,mechanical,Low,,views/sales_funnel_xa.view.lkml,228,82b3ab594f0d8f518072f3e1cc4f4ce8ac1d576e
measure,looker:analytics:field:sales_funnel_xa:count_non_converting_interactions,sales_funnel_xa,,count_non_converting_interactions,measure:count_distinct,mechanical,Low,,views/sales_funnel_xa.view.lkml,252,82b3ab594f0d8f518072f3e1cc4f4ce8ac1d576e
measure,looker:analytics:field:sales_funnel_xa:count_order_conversions,sales_funnel_xa,,count_order_conversions,measure:count_distinct,mechanical,Low,,views/sales_funnel_xa.view.lkml,245,82b3ab594f0d8f518072f3e1cc4f4ce8ac1d576e
measure,looker:analytics:field:sales_funnel_xa:count_prospects,sales_funnel_xa,,count_prospects,measure:count_distinct,mechanical,Low,,views/sales_funnel_xa.view.lkml,267,82b3ab594f0d8f518072f3e1cc4f4ce8ac1d576e
measure,looker:analytics:field:sales_targets:total_client_meetings_target_number,sales_targets,,total_client_meetings_target_number,measure:sum,mechanical,Low,,views/sales_targets.view.lkml,24,82b3ab594f0d8f518072f3e1cc4f4ce8ac1d576e
measure,looker:analytics:field:sales_targets:total_closed_deals_new_clients_target_number,sales_targets,,total_closed_deals_new_clients_target_number,measure:sum,mechanical,Low,,views/sales_targets.view.lkml,37,82b3ab594f0d8f518072f3e1cc4f4ce8ac1d576e
measure,looker:analytics:field:sales_targets:total_closed_deals_renewal_clients_target_number,sales_targets,,total_closed_deals_renewal_clients_target_number,measure:sum,mechanical,Low,,views/sales_targets.view.lkml,50,82b3ab594f0d8f518072f3e1cc4f4ce8ac1d576e
measure,looker:analytics:field:sales_targets:total_closed_won_target_revenue,sales_targets,,total_closed_won_target_revenue,measure:sum,mechanical,Low,,views/sales_targets.view.lkml,63,82b3ab594f0d8f518072f3e1cc4f4ce8ac1d576e
measure,looker:analytics:field:sales_targets:total_closed_won_target_revenue_ben,sales_targets,,total_closed_won_target_revenue_ben,measure:sum,mechanical,Low,,views/sales_targets.view.lkml,76,82b3ab594f0d8f518072f3e1cc4f4ce8ac1d576e
measure,looker:analytics:field:sales_targets:total_closed_won_target_revenue_others,sales_targets,,total_closed_won_target_revenue_others,measure:sum,mechanical,Low,,views/sales_targets.view.lkml,89,82b3ab594f0d8f518072f3e1cc4f4ce8ac1d576e
measure,looker:analytics:field:sales_targets:total_deals_target_revenue,sales_targets,,total_deals_target_revenue,measure:sum,mechanical,Low,,views/sales_targets.view.lkml,102,82b3ab594f0d8f518072f3e1cc4f4ce8ac1d576e
measure,looker:analytics:field:sales_targets:total_new_deals_target_number,sales_targets,,total_new_deals_target_number,measure:sum,mechanical,Low,,views/sales_targets.view.lkml,115,82b3ab594f0d8f518072f3e1cc4f4ce8ac1d576e
measure,looker:analytics:field:sales_targets:total_new_mqls_target_number,sales_targets,,total_new_mqls_target_number,measure:sum,mechanical,Low,,views/sales_targets.view.lkml,128,82b3ab594f0d8f518072f3e1cc4f4ce8ac1d576e
measure,looker:analytics:field:sales_targets:total_target_revenue,sales_targets,,total_target_revenue,measure:sum,mechanical,Low,,views/sales_targets.view.lkml,165,82b3ab594f0d8f518072f3e1cc4f4ce8ac1d576e
measure,looker:analytics:field:site_report_by_page:count,site_report_by_page,,count,measure:count,mechanical,Low,,views/site_report_by_page.view.lkml,49,82b3ab594f0d8f518072f3e1cc4f4ce8ac1d576e
measure,looker:analytics:field:site_report_by_site:average_position,site_report_by_site,,average_position,measure:average,mechanical,Low,,views/site_report_by_site.view.lkml,61,82b3ab594f0d8f518072f3e1cc4f4ce8ac1d576e
measure,looker:analytics:field:site_report_by_site:count,site_report_by_site,,count,measure:count,mechanical,Low,,views/site_report_by_site.view.lkml,76,82b3ab594f0d8f518072f3e1cc4f4ce8ac1d576e
measure,looker:analytics:field:src_control_commits_fact:commits_by_author,src_control_commits_fact,,commits_by_author,measure:count,mechanical,Low,,views/src_control_commits_fact.view.lkml,133,82b3ab594f0d8f518072f3e1cc4f4ce8ac1d576e
measure,looker:analytics:field:src_control_commits_fact:commits_with_messages,src_control_commits_fact,,commits_with_messages,measure:count,mechanical,Low,,views/src_control_commits_fact.view.lkml,156,82b3ab594f0d8f518072f3e1cc4f4ce8ac1d576e
measure,looker:analytics:field:src_control_commits_fact:count,src_control_commits_fact,,count,measure:count,mechanical,Low,,views/src_control_commits_fact.view.lkml,126,82b3ab594f0d8f518072f3e1cc4f4ce8ac1d576e
measure,looker:analytics:field:src_control_commits_fact:distinct_authors,src_control_commits_fact,,distinct_authors,measure:count_distinct,mechanical,Low,,views/src_control_commits_fact.view.lkml,140,82b3ab594f0d8f518072f3e1cc4f4ce8ac1d576e
measure,looker:analytics:field:src_control_commits_fact:distinct_committers,src_control_commits_fact,,distinct_committers,measure:count_distinct,mechanical,Low,,views/src_control_commits_fact.view.lkml,148,82b3ab594f0d8f518072f3e1cc4f4ce8ac1d576e
measure,looker:analytics:field:src_control_daily_metrics_fact:avg_days_issue_open,src_control_daily_metrics_fact,,avg_days_issue_open,measure:number,assisted,Medium,derived measure (type: number): validate confirms it resolves on the branch,views/src_control_daily_metrics_fact.view.lkml,168,82b3ab594f0d8f518072f3e1cc4f4ce8ac1d576e
measure,looker:analytics:field:src_control_daily_metrics_fact:avg_days_pr_open,src_control_daily_metrics_fact,,avg_days_pr_open,measure:number,assisted,Medium,derived measure (type: number): validate confirms it resolves on the branch,views/src_control_daily_metrics_fact.view.lkml,176,82b3ab594f0d8f518072f3e1cc4f4ce8ac1d576e
measure,looker:analytics:field:src_control_daily_metrics_fact:count,src_control_daily_metrics_fact,,count,measure:count,mechanical,Low,,views/src_control_daily_metrics_fact.view.lkml,122,82b3ab594f0d8f518072f3e1cc4f4ce8ac1d576e
measure,looker:analytics:field:src_control_daily_metrics_fact:max_days_issue_open,src_control_daily_metrics_fact,,max_days_issue_open,measure:max,mechanical,Low,,views/src_control_daily_metrics_fact.view.lkml,184,82b3ab594f0d8f518072f3e1cc4f4ce8ac1d576e
measure,looker:analytics:field:src_control_daily_metrics_fact:max_days_pr_open,src_control_daily_metrics_fact,,max_days_pr_open,measure:max,mechanical,Low,,views/src_control_daily_metrics_fact.view.lkml,192,82b3ab594f0d8f518072f3e1cc4f4ce8ac1d576e
measure,looker:analytics:field:src_control_daily_metrics_fact:total_issues_closed,src_control_daily_metrics_fact,,total_issues_closed,measure:sum,mechanical,Low,,views/src_control_daily_metrics_fact.view.lkml,136,82b3ab594f0d8f518072f3e1cc4f4ce8ac1d576e
measure,looker:analytics:field:src_control_daily_metrics_fact:total_issues_opened,src_control_daily_metrics_fact,,total_issues_opened,measure:sum,mechanical,Low,,views/src_control_daily_metrics_fact.view.lkml,128,82b3ab594f0d8f518072f3e1cc4f4ce8ac1d576e
measure,looker:analytics:field:src_control_daily_metrics_fact:total_prs_closed_without_merge,src_control_daily_metrics_fact,,total_prs_closed_without_merge,measure:sum,mechanical,Low,,views/src_control_daily_metrics_fact.view.lkml,160,82b3ab594f0d8f518072f3e1cc4f4ce8ac1d576e
measure,looker:analytics:field:src_control_daily_metrics_fact:total_prs_merged,src_control_daily_metrics_fact,,total_prs_merged,measure:sum,mechanical,Low,,views/src_control_daily_metrics_fact.view.lkml,152,82b3ab594f0d8f518072f3e1cc4f4ce8ac1d576e
measure,looker:analytics:field:src_control_daily_metrics_fact:total_prs_opened,src_control_daily_metrics_fact,,total_prs_opened,measure:sum,mechanical,Low,,views/src_control_daily_metrics_fact.view.lkml,144,82b3ab594f0d8f518072f3e1cc4f4ce8ac1d576e
measure,looker:analytics:field:src_control_issues_fact:count,src_control_issues_fact,,count,measure:count,mechanical,Low,,views/src_control_issues_fact.view.lkml,99,82b3ab594f0d8f518072f3e1cc4f4ce8ac1d576e
measure,looker:analytics:field:src_control_pull_requests_fact:avg_comments_per_pr,src_control_pull_requests_fact,,avg_comments_per_pr,measure:average,mechanical,Low,,views/src_control_pull_requests_fact.view.lkml,290,82b3ab594f0d8f518072f3e1cc4f4ce8ac1d576e
measure,looker:analytics:field:src_control_pull_requests_fact:avg_days_open,src_control_pull_requests_fact,,avg_days_open,measure:average,mechanical,Low,,views/src_control_pull_requests_fact.view.lkml,314,82b3ab594f0d8f518072f3e1cc4f4ce8ac1d576e
measure,looker:analytics:field:src_control_pull_requests_fact:avg_hours_to_first_action,src_control_pull_requests_fact,,avg_hours_to_first_action,measure:average,mechanical,Low,,views/src_control_pull_requests_fact.view.lkml,330,82b3ab594f0d8f518072f3e1cc4f4ce8ac1d576e
measure,looker:analytics:field:src_control_pull_requests_fact:avg_hours_to_first_review,src_control_pull_requests_fact,,avg_hours_to_first_review,measure:average,mechanical,Low,,views/src_control_pull_requests_fact.view.lkml,346,82b3ab594f0d8f518072f3e1cc4f4ce8ac1d576e
measure,looker:analytics:field:src_control_pull_requests_fact:avg_hours_to_merge,src_control_pull_requests_fact,,avg_hours_to_merge,measure:average,mechanical,Low,,views/src_control_pull_requests_fact.view.lkml,362,82b3ab594f0d8f518072f3e1cc4f4ce8ac1d576e
measure,looker:analytics:field:src_control_pull_requests_fact:avg_reviews_per_pr,src_control_pull_requests_fact,,avg_reviews_per_pr,measure:average,mechanical,Low,,views/src_control_pull_requests_fact.view.lkml,306,82b3ab594f0d8f518072f3e1cc4f4ce8ac1d576e
measure,looker:analytics:field:src_control_pull_requests_fact:closed_pull_requests,src_control_pull_requests_fact,,closed_pull_requests,measure:count,mechanical,Low,,views/src_control_pull_requests_fact.view.lkml,275,82b3ab594f0d8f518072f3e1cc4f4ce8ac1d576e
measure,looker:analytics:field:src_control_pull_requests_fact:count,src_control_pull_requests_fact,,count,measure:count,mechanical,Low,,views/src_control_pull_requests_fact.view.lkml,254,82b3ab594f0d8f518072f3e1cc4f4ce8ac1d576e
measure,looker:analytics:field:src_control_pull_requests_fact:max_hours_to_merge,src_control_pull_requests_fact,,max_hours_to_merge,measure:max,mechanical,Low,,views/src_control_pull_requests_fact.view.lkml,378,82b3ab594f0d8f518072f3e1cc4f4ce8ac1d576e
measure,looker:analytics:field:src_control_pull_requests_fact:median_days_open,src_control_pull_requests_fact,,median_days_open,measure:median,mechanical,Low,,views/src_control_pull_requests_fact.view.lkml,322,82b3ab594f0d8f518072f3e1cc4f4ce8ac1d576e
measure,looker:analytics:field:src_control_pull_requests_fact:median_hours_to_first_action,src_control_pull_requests_fact,,median_hours_to_first_action,measure:median,mechanical,Low,,views/src_control_pull_requests_fact.view.lkml,338,82b3ab594f0d8f518072f3e1cc4f4ce8ac1d576e
measure,looker:analytics:field:src_control_pull_requests_fact:median_hours_to_first_review,src_control_pull_requests_fact,,median_hours_to_first_review,measure:median,mechanical,Low,,views/src_control_pull_requests_fact.view.lkml,354,82b3ab594f0d8f518072f3e1cc4f4ce8ac1d576e
measure,looker:analytics:field:src_control_pull_requests_fact:median_hours_to_merge,src_control_pull_requests_fact,,median_hours_to_merge,measure:median,mechanical,Low,,views/src_control_pull_requests_fact.view.lkml,370,82b3ab594f0d8f518072f3e1cc4f4ce8ac1d576e
measure,looker:analytics:field:src_control_pull_requests_fact:merged_pull_requests,src_control_pull_requests_fact,,merged_pull_requests,measure:count,mechanical,Low,,views/src_control_pull_requests_fact.view.lkml,261,82b3ab594f0d8f518072f3e1cc4f4ce8ac1d576e
measure,looker:analytics:field:src_control_pull_requests_fact:min_hours_to_merge,src_control_pull_requests_fact,,min_hours_to_merge,measure:min,mechanical,Low,,views/src_control_pull_requests_fact.view.lkml,386,82b3ab594f0d8f518072f3e1cc4f4ce8ac1d576e
measure,looker:analytics:field:src_control_pull_requests_fact:open_pull_requests,src_control_pull_requests_fact,,open_pull_requests,measure:count,mechanical,Low,,views/src_control_pull_requests_fact.view.lkml,268,82b3ab594f0d8f518072f3e1cc4f4ce8ac1d576e
measure,looker:analytics:field:src_control_pull_requests_fact:total_comments,src_control_pull_requests_fact,,total_comments,measure:sum,mechanical,Low,,views/src_control_pull_requests_fact.view.lkml,282,82b3ab594f0d8f518072f3e1cc4f4ce8ac1d576e
measure,looker:analytics:field:src_control_pull_requests_fact:total_reviews,src_control_pull_requests_fact,,total_reviews,measure:sum,mechanical,Low,,views/src_control_pull_requests_fact.view.lkml,298,82b3ab594f0d8f518072f3e1cc4f4ce8ac1d576e
measure,looker:analytics:field:src_control_repos_dim:avg_forks_per_repo,src_control_repos_dim,,avg_forks_per_repo,measure:average,mechanical,Low,,views/src_control_repos_dim.view.lkml,218,82b3ab594f0d8f518072f3e1cc4f4ce8ac1d576e
measure,looker:analytics:field:src_control_repos_dim:avg_stargazers_per_repo,src_control_repos_dim,,avg_stargazers_per_repo,measure:average,mechanical,Low,,views/src_control_repos_dim.view.lkml,202,82b3ab594f0d8f518072f3e1cc4f4ce8ac1d576e
measure,looker:analytics:field:src_control_repos_dim:avg_watchers_per_repo,src_control_repos_dim,,avg_watchers_per_repo,measure:average,mechanical,Low,,views/src_control_repos_dim.view.lkml,210,82b3ab594f0d8f518072f3e1cc4f4ce8ac1d576e
measure,looker:analytics:field:src_control_repos_dim:count,src_control_repos_dim,,count,measure:count,mechanical,Low,,views/src_control_repos_dim.view.lkml,171,82b3ab594f0d8f518072f3e1cc4f4ce8ac1d576e
measure,looker:analytics:field:src_control_repos_dim:total_forks,src_control_repos_dim,,total_forks,measure:sum,mechanical,Low,,views/src_control_repos_dim.view.lkml,194,82b3ab594f0d8f518072f3e1cc4f4ce8ac1d576e
measure,looker:analytics:field:src_control_repos_dim:total_stargazers,src_control_repos_dim,,total_stargazers,measure:sum,mechanical,Low,,views/src_control_repos_dim.view.lkml,178,82b3ab594f0d8f518072f3e1cc4f4ce8ac1d576e
measure,looker:analytics:field:src_control_repos_dim:total_watchers,src_control_repos_dim,,total_watchers,measure:sum,mechanical,Low,,views/src_control_repos_dim.view.lkml,186,82b3ab594f0d8f518072f3e1cc4f4ce8ac1d576e
measure,looker:analytics:field:staff_daily_engagement_fact:avg_active_hours,staff_daily_engagement_fact,,avg_active_hours,measure:average,mechanical,Low,,views/staff_daily_engagement_fact.view.lkml,412,82b3ab594f0d8f518072f3e1cc4f4ce8ac1d576e
measure,looker:analytics:field:staff_daily_engagement_fact:avg_activity_score,staff_daily_engagement_fact,,avg_activity_score,measure:average,mechanical,Low,,views/staff_daily_engagement_fact.view.lkml,444,82b3ab594f0d8f518072f3e1cc4f4ce8ac1d576e
measure,looker:analytics:field:staff_daily_engagement_fact:avg_corroboration_pct,staff_daily_engagement_fact,,avg_corroboration_pct,measure:average,mechanical,Low,,views/staff_daily_engagement_fact.view.lkml,436,82b3ab594f0d8f518072f3e1cc4f4ce8ac1d576e
measure,looker:analytics:field:staff_daily_engagement_fact:avg_harvest_hrs,staff_daily_engagement_fact,,avg_harvest_hrs,measure:average,mechanical,Low,,views/staff_daily_engagement_fact.view.lkml,380,82b3ab594f0d8f518072f3e1cc4f4ce8ac1d576e
measure,looker:analytics:field:staff_daily_engagement_fact:avg_harvest_utilisation_pct,staff_daily_engagement_fact,,avg_harvest_utilisation_pct,measure:average,mechanical,Low,,views/staff_daily_engagement_fact.view.lkml,428,82b3ab594f0d8f518072f3e1cc4f4ce8ac1d576e
measure,looker:analytics:field:staff_daily_engagement_fact:avg_work_span_hrs,staff_daily_engagement_fact,,avg_work_span_hrs,measure:average,mechanical,Low,,views/staff_daily_engagement_fact.view.lkml,420,82b3ab594f0d8f518072f3e1cc4f4ce8ac1d576e
measure,looker:analytics:field:staff_daily_engagement_fact:count,staff_daily_engagement_fact,,count,measure:count,mechanical,Low,,views/staff_daily_engagement_fact.view.lkml,350,82b3ab594f0d8f518072f3e1cc4f4ce8ac1d576e
measure,looker:analytics:field:staff_daily_engagement_fact:count_leave_days,staff_daily_engagement_fact,,count_leave_days,measure:count,mechanical,Low,,views/staff_daily_engagement_fact.view.lkml,365,82b3ab594f0d8f518072f3e1cc4f4ce8ac1d576e
measure,looker:analytics:field:staff_daily_engagement_fact:count_working_days,staff_daily_engagement_fact,,count_working_days,measure:count,mechanical,Low,,views/staff_daily_engagement_fact.view.lkml,357,82b3ab594f0d8f518072f3e1cc4f4ce8ac1d576e
measure,looker:analytics:field:staff_daily_engagement_fact:latest_wire_adoption_score,staff_daily_engagement_fact,,latest_wire_adoption_score,measure:max,mechanical,Low,,views/staff_daily_engagement_fact.view.lkml,468,82b3ab594f0d8f518072f3e1cc4f4ce8ac1d576e
measure,looker:analytics:field:staff_daily_engagement_fact:max_activity_score,staff_daily_engagement_fact,,max_activity_score,measure:max,mechanical,Low,,views/staff_daily_engagement_fact.view.lkml,453,82b3ab594f0d8f518072f3e1cc4f4ce8ac1d576e
measure,looker:analytics:field:staff_daily_engagement_fact:min_activity_score,staff_daily_engagement_fact,,min_activity_score,measure:min,mechanical,Low,,views/staff_daily_engagement_fact.view.lkml,460,82b3ab594f0d8f518072f3e1cc4f4ce8ac1d576e
measure,looker:analytics:field:staff_daily_engagement_fact:total_active_hours,staff_daily_engagement_fact,,total_active_hours,measure:sum,mechanical,Low,,views/staff_daily_engagement_fact.view.lkml,404,82b3ab594f0d8f518072f3e1cc4f4ce8ac1d576e
measure,looker:analytics:field:staff_daily_engagement_fact:total_calendar_creates,staff_daily_engagement_fact,,total_calendar_creates,measure:sum,mechanical,Low,,views/staff_daily_engagement_fact.view.lkml,532,82b3ab594f0d8f518072f3e1cc4f4ce8ac1d576e
measure,looker:analytics:field:staff_daily_engagement_fact:total_chat_messages,staff_daily_engagement_fact,,total_chat_messages,measure:sum,mechanical,Low,,views/staff_daily_engagement_fact.view.lkml,518,82b3ab594f0d8f518072f3e1cc4f4ce8ac1d576e
measure,looker:analytics:field:staff_daily_engagement_fact:total_commits,staff_daily_engagement_fact,,total_commits,measure:sum,mechanical,Low,,views/staff_daily_engagement_fact.view.lkml,476,82b3ab594f0d8f518072f3e1cc4f4ce8ac1d576e
measure,looker:analytics:field:staff_daily_engagement_fact:total_drive_creates,staff_daily_engagement_fact,,total_drive_creates,measure:sum,mechanical,Low,,views/staff_daily_engagement_fact.view.lkml,504,82b3ab594f0d8f518072f3e1cc4f4ce8ac1d576e
measure,looker:analytics:field:staff_daily_engagement_fact:total_drive_edits,staff_daily_engagement_fact,,total_drive_edits,measure:sum,mechanical,Low,,views/staff_daily_engagement_fact.view.lkml,497,82b3ab594f0d8f518072f3e1cc4f4ce8ac1d576e
measure,looker:analytics:field:staff_daily_engagement_fact:total_emails_sent,staff_daily_engagement_fact,,total_emails_sent,measure:sum,mechanical,Low,,views/staff_daily_engagement_fact.view.lkml,511,82b3ab594f0d8f518072f3e1cc4f4ce8ac1d576e
measure,looker:analytics:field:staff_daily_engagement_fact:total_evidenced_hrs,staff_daily_engagement_fact,,total_evidenced_hrs,measure:sum,mechanical,Low,,views/staff_daily_engagement_fact.view.lkml,388,82b3ab594f0d8f518072f3e1cc4f4ce8ac1d576e
measure,looker:analytics:field:staff_daily_engagement_fact:total_gemini_events,staff_daily_engagement_fact,,total_gemini_events,measure:sum,mechanical,Low,,views/staff_daily_engagement_fact.view.lkml,525,82b3ab594f0d8f518072f3e1cc4f4ce8ac1d576e
measure,looker:analytics:field:staff_daily_engagement_fact:total_harvest_hrs,staff_daily_engagement_fact,,total_harvest_hrs,measure:sum,mechanical,Low,,views/staff_daily_engagement_fact.view.lkml,372,82b3ab594f0d8f518072f3e1cc4f4ce8ac1d576e
measure,looker:analytics:field:staff_daily_engagement_fact:total_meet_hrs,staff_daily_engagement_fact,,total_meet_hrs,measure:sum,mechanical,Low,,views/staff_daily_engagement_fact.view.lkml,396,82b3ab594f0d8f518072f3e1cc4f4ce8ac1d576e
measure,looker:analytics:field:staff_daily_engagement_fact:total_okta_logins,staff_daily_engagement_fact,,total_okta_logins,measure:sum,mechanical,Low,,views/staff_daily_engagement_fact.view.lkml,539,82b3ab594f0d8f518072f3e1cc4f4ce8ac1d576e
measure,looker:analytics:field:staff_daily_engagement_fact:total_prs_merged,staff_daily_engagement_fact,,total_prs_merged,measure:sum,mechanical,Low,,views/staff_daily_engagement_fact.view.lkml,483,82b3ab594f0d8f518072f3e1cc4f4ce8ac1d576e
measure,looker:analytics:field:staff_daily_engagement_fact:total_slack_messages,staff_daily_engagement_fact,,total_slack_messages,measure:sum,mechanical,Low,,views/staff_daily_engagement_fact.view.lkml,490,82b3ab594f0d8f518072f3e1cc4f4ce8ac1d576e
measure,looker:analytics:field:staff_dim:count,staff_dim,,count,measure:count,mechanical,Low,,views/staff_dim.view.lkml,8,82b3ab594f0d8f518072f3e1cc4f4ce8ac1d576e
measure,looker:analytics:field:staff_event_timeline_fact:count,staff_event_timeline_fact,,count,measure:count,mechanical,Low,,views/staff_event_timeline_fact.view.lkml,131,82b3ab594f0d8f518072f3e1cc4f4ce8ac1d576e
measure,looker:analytics:field:staff_event_timeline_fact:count_sources,staff_event_timeline_fact,,count_sources,measure:count_distinct,mechanical,Low,,views/staff_event_timeline_fact.view.lkml,136,82b3ab594f0d8f518072f3e1cc4f4ce8ac1d576e
measure,looker:analytics:field:staff_weekly_engagement_fact:avg_active_hours_avg,staff_weekly_engagement_fact,,avg_active_hours_avg,measure:average,mechanical,Low,,views/staff_weekly_engagement_fact.view.lkml,384,82b3ab594f0d8f518072f3e1cc4f4ce8ac1d576e
measure,looker:analytics:field:staff_weekly_engagement_fact:avg_active_hrs_pct_avg,staff_weekly_engagement_fact,,avg_active_hrs_pct_avg,measure:average,assisted,Medium,"custom value_format '0.0\\""%\\""' not in mapping table",views/staff_weekly_engagement_fact.view.lkml,393,82b3ab594f0d8f518072f3e1cc4f4ce8ac1d576e
measure,looker:analytics:field:staff_weekly_engagement_fact:avg_activity_score,staff_weekly_engagement_fact,,avg_activity_score,measure:average,mechanical,Low,,views/staff_weekly_engagement_fact.view.lkml,530,82b3ab594f0d8f518072f3e1cc4f4ce8ac1d576e
measure,looker:analytics:field:staff_weekly_engagement_fact:avg_corroboration,staff_weekly_engagement_fact,,avg_corroboration,measure:average,assisted,Medium,"custom value_format '0.0\\""%\\""' not in mapping table",views/staff_weekly_engagement_fact.view.lkml,453,82b3ab594f0d8f518072f3e1cc4f4ce8ac1d576e
measure,looker:analytics:field:staff_weekly_engagement_fact:avg_harvest_hrs_avg,staff_weekly_engagement_fact,,avg_harvest_hrs_avg,measure:average,mechanical,Low,,views/staff_weekly_engagement_fact.view.lkml,414,82b3ab594f0d8f518072f3e1cc4f4ce8ac1d576e
measure,looker:analytics:field:staff_weekly_engagement_fact:avg_harvest_utilisation,staff_weekly_engagement_fact,,avg_harvest_utilisation,measure:average,assisted,Medium,"custom value_format '0.0\\""%\\""' not in mapping table",views/staff_weekly_engagement_fact.view.lkml,443,82b3ab594f0d8f518072f3e1cc4f4ce8ac1d576e
measure,looker:analytics:field:staff_weekly_engagement_fact:avg_wire_adoption_score,staff_weekly_engagement_fact,,avg_wire_adoption_score,measure:average,mechanical,Low,,views/staff_weekly_engagement_fact.view.lkml,556,82b3ab594f0d8f518072f3e1cc4f4ce8ac1d576e
measure,looker:analytics:field:staff_weekly_engagement_fact:avg_work_span_hrs_avg,staff_weekly_engagement_fact,,avg_work_span_hrs_avg,measure:average,mechanical,Low,,views/staff_weekly_engagement_fact.view.lkml,375,82b3ab594f0d8f518072f3e1cc4f4ce8ac1d576e
measure,looker:analytics:field:staff_weekly_engagement_fact:count_staff,staff_weekly_engagement_fact,,count_staff,measure:count_distinct,mechanical,Low,,views/staff_weekly_engagement_fact.view.lkml,366,82b3ab594f0d8f518072f3e1cc4f4ce8ac1d576e
measure,looker:analytics:field:staff_weekly_engagement_fact:count_weeks,staff_weekly_engagement_fact,,count_weeks,measure:count,mechanical,Low,,views/staff_weekly_engagement_fact.view.lkml,359,82b3ab594f0d8f518072f3e1cc4f4ce8ac1d576e
measure,looker:analytics:field:staff_weekly_engagement_fact:max_activity_score,staff_weekly_engagement_fact,,max_activity_score,measure:max,mechanical,Low,,views/staff_weekly_engagement_fact.view.lkml,540,82b3ab594f0d8f518072f3e1cc4f4ce8ac1d576e
measure,looker:analytics:field:staff_weekly_engagement_fact:min_activity_score,staff_weekly_engagement_fact,,min_activity_score,measure:min,mechanical,Low,,views/staff_weekly_engagement_fact.view.lkml,548,82b3ab594f0d8f518072f3e1cc4f4ce8ac1d576e
measure,looker:analytics:field:staff_weekly_engagement_fact:total_commits_sum,staff_weekly_engagement_fact,,total_commits_sum,measure:sum,mechanical,Low,,views/staff_weekly_engagement_fact.view.lkml,512,82b3ab594f0d8f518072f3e1cc4f4ce8ac1d576e
measure,looker:analytics:field:staff_weekly_engagement_fact:total_drive_creates_sum,staff_weekly_engagement_fact,,total_drive_creates_sum,measure:sum,mechanical,Low,,views/staff_weekly_engagement_fact.view.lkml,472,82b3ab594f0d8f518072f3e1cc4f4ce8ac1d576e
measure,looker:analytics:field:staff_weekly_engagement_fact:total_drive_edits_sum,staff_weekly_engagement_fact,,total_drive_edits_sum,measure:sum,mechanical,Low,,views/staff_weekly_engagement_fact.view.lkml,464,82b3ab594f0d8f518072f3e1cc4f4ce8ac1d576e
measure,looker:analytics:field:staff_weekly_engagement_fact:total_emails_sent_sum,staff_weekly_engagement_fact,,total_emails_sent_sum,measure:sum,mechanical,Low,,views/staff_weekly_engagement_fact.view.lkml,480,82b3ab594f0d8f518072f3e1cc4f4ce8ac1d576e
measure,looker:analytics:field:staff_weekly_engagement_fact:total_evidenced_hrs_sum,staff_weekly_engagement_fact,,total_evidenced_hrs_sum,measure:sum,mechanical,Low,,views/staff_weekly_engagement_fact.view.lkml,423,82b3ab594f0d8f518072f3e1cc4f4ce8ac1d576e
measure,looker:analytics:field:staff_weekly_engagement_fact:total_gemini_events_sum,staff_weekly_engagement_fact,,total_gemini_events_sum,measure:sum,mechanical,Low,,views/staff_weekly_engagement_fact.view.lkml,496,82b3ab594f0d8f518072f3e1cc4f4ce8ac1d576e
measure,looker:analytics:field:staff_weekly_engagement_fact:total_gws_chat_msgs_sum,staff_weekly_engagement_fact,,total_gws_chat_msgs_sum,measure:sum,mechanical,Low,,views/staff_weekly_engagement_fact.view.lkml,488,82b3ab594f0d8f518072f3e1cc4f4ce8ac1d576e
measure,looker:analytics:field:staff_weekly_engagement_fact:total_harvest_hrs_sum,staff_weekly_engagement_fact,,total_harvest_hrs_sum,measure:sum,mechanical,Low,,views/staff_weekly_engagement_fact.view.lkml,404,82b3ab594f0d8f518072f3e1cc4f4ce8ac1d576e
measure,looker:analytics:field:staff_weekly_engagement_fact:total_meet_hrs_sum,staff_weekly_engagement_fact,,total_meet_hrs_sum,measure:sum,mechanical,Low,,views/staff_weekly_engagement_fact.view.lkml,432,82b3ab594f0d8f518072f3e1cc4f4ce8ac1d576e
measure,looker:analytics:field:staff_weekly_engagement_fact:total_prs_merged_sum,staff_weekly_engagement_fact,,total_prs_merged_sum,measure:sum,mechanical,Low,,views/staff_weekly_engagement_fact.view.lkml,520,82b3ab594f0d8f518072f3e1cc4f4ce8ac1d576e
measure,looker:analytics:field:staff_weekly_engagement_fact:total_slack_msgs_sum,staff_weekly_engagement_fact,,total_slack_msgs_sum,measure:sum,mechanical,Low,,views/staff_weekly_engagement_fact.view.lkml,504,82b3ab594f0d8f518072f3e1cc4f4ce8ac1d576e
measure,looker:analytics:field:targets:avg_ae_target_hourly_rate,targets,,avg_ae_target_hourly_rate,measure:average,mechanical,Low,,views/targets.view.lkml,175,82b3ab594f0d8f518072f3e1cc4f4ce8ac1d576e
measure,looker:analytics:field:targets:avg_ceo_target_hourly_rate,targets,,avg_ceo_target_hourly_rate,measure:average,mechanical,Low,,views/targets.view.lkml,195,82b3ab594f0d8f518072f3e1cc4f4ce8ac1d576e
measure,looker:analytics:field:targets:avg_con_target_hourly_rate,targets,,avg_con_target_hourly_rate,measure:average,mechanical,Low,,views/targets.view.lkml,202,82b3ab594f0d8f518072f3e1cc4f4ce8ac1d576e
measure,looker:analytics:field:targets:avg_enps_target,targets,,avg_enps_target,measure:average,mechanical,Low,,views/targets.view.lkml,301,82b3ab594f0d8f518072f3e1cc4f4ce8ac1d576e
measure,looker:analytics:field:targets:avg_hr_survey_target,targets,,avg_hr_survey_target,measure:average,mechanical,Low,,views/targets.view.lkml,307,82b3ab594f0d8f518072f3e1cc4f4ce8ac1d576e
measure,looker:analytics:field:targets:avg_prn_target_hourly_rate,targets,,avg_prn_target_hourly_rate,measure:average,mechanical,Low,,views/targets.view.lkml,188,82b3ab594f0d8f518072f3e1cc4f4ce8ac1d576e
measure,looker:analytics:field:targets:avg_sae_target_hourly_rate,targets,,avg_sae_target_hourly_rate,measure:average,mechanical,Low,,views/targets.view.lkml,181,82b3ab594f0d8f518072f3e1cc4f4ce8ac1d576e
measure,looker:analytics:field:targets:count,targets,,count,measure:count,mechanical,Low,,views/targets.view.lkml,377,82b3ab594f0d8f518072f3e1cc4f4ce8ac1d576e
measure,looker:analytics:field:targets:total_ae_revenue_target,targets,,total_ae_revenue_target,measure:sum,mechanical,Low,,views/targets.view.lkml,346,82b3ab594f0d8f518072f3e1cc4f4ce8ac1d576e
measure,looker:analytics:field:targets:total_ae_target_hours,targets,,total_ae_target_hours,measure:sum,mechanical,Low,,views/targets.view.lkml,210,82b3ab594f0d8f518072f3e1cc4f4ce8ac1d576e
measure,looker:analytics:field:targets:total_ceo_revenue_target,targets,,total_ceo_revenue_target,measure:sum,mechanical,Low,,views/targets.view.lkml,353,82b3ab594f0d8f518072f3e1cc4f4ce8ac1d576e
measure,looker:analytics:field:targets:total_ceo_target_hours,targets,,total_ceo_target_hours,measure:sum,mechanical,Low,,views/targets.view.lkml,231,82b3ab594f0d8f518072f3e1cc4f4ce8ac1d576e
measure,looker:analytics:field:targets:total_con_revenue_target,targets,,total_con_revenue_target,measure:sum,mechanical,Low,,views/targets.view.lkml,361,82b3ab594f0d8f518072f3e1cc4f4ce8ac1d576e
measure,looker:analytics:field:targets:total_con_target_hours,targets,,total_con_target_hours,measure:sum,mechanical,Low,,views/targets.view.lkml,238,82b3ab594f0d8f518072f3e1cc4f4ce8ac1d576e
measure,looker:analytics:field:targets:total_deals_closed_revenue_target,targets,,total_deals_closed_revenue_target,measure:sum,mechanical,Low,,views/targets.view.lkml,284,82b3ab594f0d8f518072f3e1cc4f4ce8ac1d576e
measure,looker:analytics:field:targets:total_deals_revenue_target,targets,,total_deals_revenue_target,measure:sum,mechanical,Low,,views/targets.view.lkml,293,82b3ab594f0d8f518072f3e1cc4f4ce8ac1d576e
measure,looker:analytics:field:targets:total_deals_target,targets,,total_deals_target,measure:sum,mechanical,Low,,views/targets.view.lkml,325,82b3ab594f0d8f518072f3e1cc4f4ce8ac1d576e
measure,looker:analytics:field:targets:total_mql_target,targets,,total_mql_target,measure:sum,mechanical,Low,,views/targets.view.lkml,313,82b3ab594f0d8f518072f3e1cc4f4ce8ac1d576e
measure,looker:analytics:field:targets:total_prn_revenue_target,targets,,total_prn_revenue_target,measure:sum,mechanical,Low,,views/targets.view.lkml,369,82b3ab594f0d8f518072f3e1cc4f4ce8ac1d576e
measure,looker:analytics:field:targets:total_prn_target_hours,targets,,total_prn_target_hours,measure:sum,mechanical,Low,,views/targets.view.lkml,224,82b3ab594f0d8f518072f3e1cc4f4ce8ac1d576e
measure,looker:analytics:field:targets:total_retained_earnings_target,targets,,total_retained_earnings_target,measure:sum,mechanical,Low,,views/targets.view.lkml,256,82b3ab594f0d8f518072f3e1cc4f4ce8ac1d576e
measure,looker:analytics:field:targets:total_revenue_target,targets,,total_revenue_target,measure:sum_distinct,assisted,Medium,distinct measure without sql_distinct_key,views/targets.view.lkml,275,82b3ab594f0d8f518072f3e1cc4f4ce8ac1d576e
measure,looker:analytics:field:targets:total_sae_revenue_target,targets,,total_sae_revenue_target,measure:sum,mechanical,Low,,views/targets.view.lkml,338,82b3ab594f0d8f518072f3e1cc4f4ce8ac1d576e
measure,looker:analytics:field:targets:total_sae_target_hours,targets,,total_sae_target_hours,measure:sum,mechanical,Low,,views/targets.view.lkml,217,82b3ab594f0d8f518072f3e1cc4f4ce8ac1d576e
measure,looker:analytics:field:targets:total_sql_target,targets,,total_sql_target,measure:sum,mechanical,Low,,views/targets.view.lkml,319,82b3ab594f0d8f518072f3e1cc4f4ce8ac1d576e
measure,looker:analytics:field:targets:total_won_deals_target,targets,,total_won_deals_target,measure:sum,mechanical,Low,,views/targets.view.lkml,331,82b3ab594f0d8f518072f3e1cc4f4ce8ac1d576e
measure,looker:analytics:field:team_revenue_targets:count,team_revenue_targets,,count,measure:count,mechanical,Low,,views/team_revenue_targets.view.lkml,40,82b3ab594f0d8f518072f3e1cc4f4ce8ac1d576e
measure,looker:analytics:field:team_revenue_targets:revenue_target,team_revenue_targets,,revenue_target,measure:sum_distinct,assisted,Medium,distinct measure without sql_distinct_key,views/team_revenue_targets.view.lkml,16,82b3ab594f0d8f518072f3e1cc4f4ce8ac1d576e
measure,looker:analytics:field:team_revenue_targets:utilisation_target,team_revenue_targets,,utilisation_target,measure:average_distinct,assisted,Medium,distinct measure without sql_distinct_key,views/team_revenue_targets.view.lkml,21,82b3ab594f0d8f518072f3e1cc4f4ce8ac1d576e
measure,looker:analytics:field:timesheet_project_costs_fact:total_cost_gbp,timesheet_project_costs_fact,,total_cost_gbp,measure:sum,mechanical,Low,,views/timesheet_project_costs_fact.view.lkml,49,82b3ab594f0d8f518072f3e1cc4f4ce8ac1d576e
measure,looker:analytics:field:timesheet_project_costs_fact:total_cost_local,timesheet_project_costs_fact,,total_cost_local,measure:sum,mechanical,Low,,views/timesheet_project_costs_fact.view.lkml,58,82b3ab594f0d8f518072f3e1cc4f4ce8ac1d576e
measure,looker:analytics:field:timesheet_project_engagement_progress_fact__deliverables:avg_completion_score,timesheet_project_engagement_progress_fact__deliverables,,avg_completion_score,measure:average,mechanical,Low,,views/timesheet_project_engagement_progress_fact.view.lkml,105,82b3ab594f0d8f518072f3e1cc4f4ce8ac1d576e
measure,looker:analytics:field:timesheet_project_engagement_progress_fact__objectives:avg_completion_score,timesheet_project_engagement_progress_fact__objectives,,avg_completion_score,measure:average,mechanical,Low,,views/timesheet_project_engagement_progress_fact.view.lkml,52,82b3ab594f0d8f518072f3e1cc4f4ce8ac1d576e
measure,looker:analytics:field:timesheet_project_monthly_forecast_billing_fact:total_unbilled_revenue,timesheet_project_monthly_forecast_billing_fact,,total_unbilled_revenue,measure:sum,mechanical,Low,,views/timesheet_project_monthly_forecast_billing_fact.view.lkml,104,82b3ab594f0d8f518072f3e1cc4f4ce8ac1d576e
measure,looker:analytics:field:timesheet_project_stakeholder_jtbd_fact:count,timesheet_project_stakeholder_jtbd_fact,,count,measure:count,mechanical,Low,,views/timesheet_project_stakeholder_jtbd_fact.view.lkml,51,82b3ab594f0d8f518072f3e1cc4f4ce8ac1d576e
measure,looker:analytics:field:timesheet_project_stakeholder_jtbd_fact__keywords:count_used,timesheet_project_stakeholder_jtbd_fact__keywords,,count_used,measure:sum,mechanical,Low,,views/timesheet_project_stakeholder_jtbd_fact.view.lkml,70,82b3ab594f0d8f518072f3e1cc4f4ce8ac1d576e
measure,looker:analytics:field:timesheet_projects_dim:count_discovery_projects,timesheet_projects_dim,,count_discovery_projects,measure:count_distinct,mechanical,Low,,views/timesheet_projects_dim.view.lkml,237,82b3ab594f0d8f518072f3e1cc4f4ce8ac1d576e
measure,looker:analytics:field:timesheet_projects_dim:count_implementation_projects,timesheet_projects_dim,,count_implementation_projects,measure:count_distinct,mechanical,Low,,views/timesheet_projects_dim.view.lkml,256,82b3ab594f0d8f518072f3e1cc4f4ce8ac1d576e
measure,looker:analytics:field:timesheet_projects_dim:count_jumpstart_projects,timesheet_projects_dim,,count_jumpstart_projects,measure:count_distinct,mechanical,Low,,views/timesheet_projects_dim.view.lkml,247,82b3ab594f0d8f518072f3e1cc4f4ce8ac1d576e
measure,looker:analytics:field:timesheet_projects_dim:count_timesheet_projects,timesheet_projects_dim,,count_timesheet_projects,measure:count_distinct,mechanical,Low,,views/timesheet_projects_dim.view.lkml,228,82b3ab594f0d8f518072f3e1cc4f4ce8ac1d576e
measure,looker:analytics:field:timesheet_projects_dim:project_fte_budget,timesheet_projects_dim,,project_fte_budget,measure:sum,mechanical,Low,,views/timesheet_projects_dim.view.lkml,27,82b3ab594f0d8f518072f3e1cc4f4ce8ac1d576e
measure,looker:analytics:field:timesheet_projects_dim:project_hours_budget,timesheet_projects_dim,,project_hours_budget,measure:sum,mechanical,Low,,views/timesheet_projects_dim.view.lkml,19,82b3ab594f0d8f518072f3e1cc4f4ce8ac1d576e
measure,looker:analytics:field:timesheet_projects_dim:total_project_fee_amount,timesheet_projects_dim,,total_project_fee_amount,measure:sum,mechanical,Low,,views/timesheet_projects_dim.view.lkml,187,82b3ab594f0d8f518072f3e1cc4f4ce8ac1d576e
measure,looker:analytics:field:timesheets_fact:avg_timesheet_billable_hourly_cost_amount_gbp,timesheets_fact,,avg_timesheet_billable_hourly_cost_amount_gbp,measure:average,mechanical,Low,,views/timesheets_fact.view.lkml,20,82b3ab594f0d8f518072f3e1cc4f4ce8ac1d576e
measure,looker:analytics:field:timesheets_fact:avg_timesheet_billable_hours_billed,timesheets_fact,,avg_timesheet_billable_hours_billed,measure:average,mechanical,Low,,views/timesheets_fact.view.lkml,153,82b3ab594f0d8f518072f3e1cc4f4ce8ac1d576e
measure,looker:analytics:field:timesheets_fact:avg_timesheet_hours_billed,timesheets_fact,,avg_timesheet_hours_billed,measure:average,mechanical,Low,,views/timesheets_fact.view.lkml,132,82b3ab594f0d8f518072f3e1cc4f4ce8ac1d576e
measure,looker:analytics:field:timesheets_fact:avg_timesheet_nonbillable_hours_billed,timesheets_fact,,avg_timesheet_nonbillable_hours_billed,measure:average,mechanical,Low,,views/timesheets_fact.view.lkml,174,82b3ab594f0d8f518072f3e1cc4f4ce8ac1d576e
measure,looker:analytics:field:timesheets_fact:last_timesheet_billing_date,timesheets_fact,,last_timesheet_billing_date,measure:date,redesign,High,type: date has no Omni aggregate_type: table calculation on the tile,views/timesheets_fact.view.lkml,68,82b3ab594f0d8f518072f3e1cc4f4ce8ac1d576e
measure,looker:analytics:field:timesheets_fact:total_timesheet_amount_billed,timesheets_fact,,total_timesheet_amount_billed,measure:sum,mechanical,Low,,views/timesheets_fact.view.lkml,238,82b3ab594f0d8f518072f3e1cc4f4ce8ac1d576e
measure,looker:analytics:field:timesheets_fact:total_timesheet_billable_hours_billed,timesheets_fact,,total_timesheet_billable_hours_billed,measure:sum,mechanical,Low,,views/timesheets_fact.view.lkml,143,82b3ab594f0d8f518072f3e1cc4f4ce8ac1d576e
measure,looker:analytics:field:timesheets_fact:total_timesheet_cost_amount_gbp,timesheets_fact,,total_timesheet_cost_amount_gbp,measure:sum,mechanical,Low,,views/timesheets_fact.view.lkml,246,82b3ab594f0d8f518072f3e1cc4f4ce8ac1d576e
measure,looker:analytics:field:timesheets_fact:total_timesheet_hours_billed,timesheets_fact,,total_timesheet_hours_billed,measure:sum,mechanical,Low,,views/timesheets_fact.view.lkml,123,82b3ab594f0d8f518072f3e1cc4f4ce8ac1d576e
measure,looker:analytics:field:timesheets_fact:total_timesheet_nonbillable_hours_billed,timesheets_fact,,total_timesheet_nonbillable_hours_billed,measure:sum,mechanical,Low,,views/timesheets_fact.view.lkml,163,82b3ab594f0d8f518072f3e1cc4f4ce8ac1d576e
measure,looker:analytics:field:timesheets_forecast_fact:count,timesheets_forecast_fact,,count,measure:count,mechanical,Low,,views/timesheets_forecast_fact.view.lkml,75,82b3ab594f0d8f518072f3e1cc4f4ce8ac1d576e
measure,looker:analytics:field:timesheets_forecast_fact:total_forecast_days,timesheets_forecast_fact,,total_forecast_days,measure:sum,mechanical,Low,,views/timesheets_forecast_fact.view.lkml,45,82b3ab594f0d8f518072f3e1cc4f4ce8ac1d576e
measure,looker:analytics:field:transactions_fact:count,transactions_fact,,count,measure:count,mechanical,Low,,views/transactions_fact.view.lkml,95,82b3ab594f0d8f518072f3e1cc4f4ce8ac1d576e
measure,looker:analytics:field:web_events_fact:avg_session_value,web_events_fact,,avg_session_value,measure:number,assisted,Medium,derived measure (type: number): validate confirms it resolves on the branch; cross-view field reference (web_sessions_fact),views/web_events_fact.view.lkml,282,82b3ab594f0d8f518072f3e1cc4f4ce8ac1d576e
measure,looker:analytics:field:web_events_fact:total_blended_user_id,web_events_fact,,total_blended_user_id,measure:count_distinct,mechanical,Low,,views/web_events_fact.view.lkml,244,82b3ab594f0d8f518072f3e1cc4f4ce8ac1d576e
measure,looker:analytics:field:web_events_fact:total_blog_page_views,web_events_fact,,total_blog_page_views,measure:count_distinct,mechanical,Low,,views/web_events_fact.view.lkml,390,82b3ab594f0d8f518072f3e1cc4f4ce8ac1d576e
measure,looker:analytics:field:web_events_fact:total_case_study_page_views,web_events_fact,,total_case_study_page_views,measure:count_distinct,mechanical,Low,,views/web_events_fact.view.lkml,372,82b3ab594f0d8f518072f3e1cc4f4ce8ac1d576e
measure,looker:analytics:field:web_events_fact:total_conversions,web_events_fact,,total_conversions,measure:count_distinct,mechanical,Low,,views/web_events_fact.view.lkml,214,82b3ab594f0d8f518072f3e1cc4f4ce8ac1d576e
measure,looker:analytics:field:web_events_fact:total_goal_achieveds,web_events_fact,,total_goal_achieveds,measure:count_distinct,mechanical,Low,,views/web_events_fact.view.lkml,222,82b3ab594f0d8f518072f3e1cc4f4ce8ac1d576e
measure,looker:analytics:field:web_events_fact:total_marketing_page_views,web_events_fact,,total_marketing_page_views,measure:count_distinct,mechanical,Low,,views/web_events_fact.view.lkml,363,82b3ab594f0d8f518072f3e1cc4f4ce8ac1d576e
measure,looker:analytics:field:web_events_fact:total_page_views,web_events_fact,,total_page_views,measure:count_distinct,mechanical,Low,,views/web_events_fact.view.lkml,355,82b3ab594f0d8f518072f3e1cc4f4ce8ac1d576e
measure,looker:analytics:field:web_events_fact:total_services_page_views,web_events_fact,,total_services_page_views,measure:count_distinct,mechanical,Low,,views/web_events_fact.view.lkml,381,82b3ab594f0d8f518072f3e1cc4f4ce8ac1d576e
measure,looker:analytics:field:web_events_fact:total_session_conversions,web_events_fact,,total_session_conversions,measure:count_distinct,mechanical,Low,,views/web_events_fact.view.lkml,236,82b3ab594f0d8f518072f3e1cc4f4ce8ac1d576e
measure,looker:analytics:field:web_events_fact:total_session_goal_achieveds,web_events_fact,,total_session_goal_achieveds,measure:count_distinct,mechanical,Low,,views/web_events_fact.view.lkml,259,82b3ab594f0d8f518072f3e1cc4f4ce8ac1d576e
measure,looker:analytics:field:web_events_fact:total_sessions,web_events_fact,,total_sessions,measure:count_distinct,mechanical,Low,,views/web_events_fact.view.lkml,230,82b3ab594f0d8f518072f3e1cc4f4ce8ac1d576e
measure,looker:analytics:field:web_events_fact:total_unique_users,web_events_fact,,total_unique_users,measure:count_distinct,assisted,Medium,drill_fields across views,views/web_events_fact.view.lkml,339,82b3ab594f0d8f518072f3e1cc4f4ce8ac1d576e
measure,looker:analytics:field:web_events_fact:total_user_conversions,web_events_fact,,total_user_conversions,measure:count_distinct,mechanical,Low,,views/web_events_fact.view.lkml,251,82b3ab594f0d8f518072f3e1cc4f4ce8ac1d576e
measure,looker:analytics:field:web_events_fact:total_user_goal_achieveds,web_events_fact,,total_user_goal_achieveds,measure:count_distinct,mechanical,Low,,views/web_events_fact.view.lkml,267,82b3ab594f0d8f518072f3e1cc4f4ce8ac1d576e
measure,looker:analytics:field:web_events_fact:total_visitor_value,web_events_fact,,total_visitor_value,measure:sum,mechanical,Low,,views/web_events_fact.view.lkml,275,82b3ab594f0d8f518072f3e1cc4f4ce8ac1d576e
measure,looker:analytics:field:web_sessions_fact:bounced_session_rate,web_sessions_fact,,bounced_session_rate,measure:number,assisted,Medium,derived measure (type: number): validate confirms it resolves on the branch,views/web_sessions_fact.view.lkml,486,82b3ab594f0d8f518072f3e1cc4f4ce8ac1d576e
measure,looker:analytics:field:web_sessions_fact:count_of_events,web_sessions_fact,,count_of_events,measure:sum,mechanical,Low,,views/web_sessions_fact.view.lkml,254,82b3ab594f0d8f518072f3e1cc4f4ce8ac1d576e
measure,looker:analytics:field:web_sessions_fact:total_session_duration_in_s,web_sessions_fact,,total_session_duration_in_s,measure:average,assisted,Medium,custom value_format 'mm:ss' not in mapping table,views/web_sessions_fact.view.lkml,471,82b3ab594f0d8f518072f3e1cc4f4ce8ac1d576e
measure,looker:analytics:field:web_sessions_fact:total_sessions,web_sessions_fact,,total_sessions,measure:count_distinct,mechanical,Low,,views/web_sessions_fact.view.lkml,479,82b3ab594f0d8f518072f3e1cc4f4ce8ac1d576e
measure,looker:analytics:field:website_leads:count,website_leads,,count,measure:count,mechanical,Low,,views/website_leads.view.lkml,8,82b3ab594f0d8f518072f3e1cc4f4ce8ac1d576e
measure,looker:analytics:field:website_leads:total_closed_won,website_leads,,total_closed_won,measure:sum,mechanical,Low,,views/website_leads.view.lkml,89,82b3ab594f0d8f518072f3e1cc4f4ce8ac1d576e
measure,looker:analytics:field:website_leads:total_mqls,website_leads,,total_mqls,measure:sum,mechanical,Low,,views/website_leads.view.lkml,84,82b3ab594f0d8f518072f3e1cc4f4ce8ac1d576e
measure,looker:analytics:field:website_leads:total_proposals_sent,website_leads,,total_proposals_sent,measure:sum,mechanical,Low,,views/website_leads.view.lkml,130,82b3ab594f0d8f518072f3e1cc4f4ce8ac1d576e
measure,looker:analytics:field:website_leads:total_sqls,website_leads,,total_sqls,measure:sum,mechanical,Low,,views/website_leads.view.lkml,79,82b3ab594f0d8f518072f3e1cc4f4ce8ac1d576e
measure,looker:analytics:field:wh_sessions_attribution:count,wh_sessions_attribution,,count,measure:count,mechanical,Low,,views/wh_sessions_attribution.view.lkml,24,82b3ab594f0d8f518072f3e1cc4f4ce8ac1d576e
measure,looker:analytics:field:wh_sessions_attribution:even_click_first_conversions,wh_sessions_attribution,,even_click_first_conversions,measure:sum,mechanical,Low,,views/wh_sessions_attribution.view.lkml,175,82b3ab594f0d8f518072f3e1cc4f4ce8ac1d576e
measure,looker:analytics:field:wh_sessions_attribution:first_click_first_conversions,wh_sessions_attribution,,first_click_first_conversions,measure:sum,mechanical,Low,,views/wh_sessions_attribution.view.lkml,163,82b3ab594f0d8f518072f3e1cc4f4ce8ac1d576e
measure,looker:analytics:field:wh_sessions_attribution:first_click_goals_achieved,wh_sessions_attribution,,first_click_goals_achieved,measure:sum,mechanical,Low,,views/wh_sessions_attribution.view.lkml,74,82b3ab594f0d8f518072f3e1cc4f4ce8ac1d576e
measure,looker:analytics:field:wh_sessions_attribution:first_click_repeat_conversions,wh_sessions_attribution,,first_click_repeat_conversions,measure:sum,mechanical,Low,,views/wh_sessions_attribution.view.lkml,193,82b3ab594f0d8f518072f3e1cc4f4ce8ac1d576e
measure,looker:analytics:field:wh_sessions_attribution:first_non_direct_click_first_conversions,wh_sessions_attribution,,first_non_direct_click_first_conversions,measure:sum,mechanical,Low,,views/wh_sessions_attribution.view.lkml,181,82b3ab594f0d8f518072f3e1cc4f4ce8ac1d576e
measure,looker:analytics:field:wh_sessions_attribution:first_non_direct_click_goals_achieved,wh_sessions_attribution,,first_non_direct_click_goals_achieved,measure:sum,mechanical,Low,,views/wh_sessions_attribution.view.lkml,80,82b3ab594f0d8f518072f3e1cc4f4ce8ac1d576e
measure,looker:analytics:field:wh_sessions_attribution:first_non_direct_click_repeat_conversions,wh_sessions_attribution,,first_non_direct_click_repeat_conversions,measure:sum,mechanical,Low,,views/wh_sessions_attribution.view.lkml,199,82b3ab594f0d8f518072f3e1cc4f4ce8ac1d576e
measure,looker:analytics:field:wh_sessions_attribution:first_paid_click_first_conversions,wh_sessions_attribution,,first_paid_click_first_conversions,measure:sum,mechanical,Low,,views/wh_sessions_attribution.view.lkml,187,82b3ab594f0d8f518072f3e1cc4f4ce8ac1d576e
measure,looker:analytics:field:wh_sessions_attribution:first_paid_click_goals_achieved,wh_sessions_attribution,,first_paid_click_goals_achieved,measure:sum,mechanical,Low,,views/wh_sessions_attribution.view.lkml,86,82b3ab594f0d8f518072f3e1cc4f4ce8ac1d576e
measure,looker:analytics:field:wh_sessions_attribution:first_paid_click_repeat_conversions,wh_sessions_attribution,,first_paid_click_repeat_conversions,measure:sum,mechanical,Low,,views/wh_sessions_attribution.view.lkml,205,82b3ab594f0d8f518072f3e1cc4f4ce8ac1d576e
measure,looker:analytics:field:wh_sessions_attribution:last_non_direct_click_first_conversions,wh_sessions_attribution,,last_non_direct_click_first_conversions,measure:sum,mechanical,Low,,views/wh_sessions_attribution.view.lkml,169,82b3ab594f0d8f518072f3e1cc4f4ce8ac1d576e
measure,looker:analytics:field:workstations_dim:count,workstations_dim,,count,measure:count,mechanical,Low,,views/workstations_dim.view.lkml,142,82b3ab594f0d8f518072f3e1cc4f4ce8ac1d576e
measure,looker:analytics:field:workstations_dim:cross_tool_workstations,workstations_dim,,cross_tool_workstations,measure:count,mechanical,Low,,views/workstations_dim.view.lkml,147,82b3ab594f0d8f518072f3e1cc4f4ce8ac1d576e
filter,looker:analytics:field:ad_roi_summary_fact:timeframe_a,ad_roi_summary_fact,,timeframe_a,filter_field,redesign,High,filter-only field: becomes a dashboard filter control or templated filter,views/ad_roi_summary_fact.view.lkml,652,82b3ab594f0d8f518072f3e1cc4f4ce8ac1d576e
filter,looker:analytics:field:dynamic_web_stats:channel_filter,dynamic_web_stats,,channel_filter,filter_field,redesign,High,filter-only field: becomes a dashboard filter control or templated filter,views/dynamic_web_stat.view.lkml,88,82b3ab594f0d8f518072f3e1cc4f4ce8ac1d576e
filter,looker:analytics:field:fct_boost_transactions:current_period_filter,fct_boost_transactions,,current_period_filter,filter_field,redesign,High,filter-only field: becomes a dashboard filter control or templated filter,views/booksy_demo.view.lkml,107,82b3ab594f0d8f518072f3e1cc4f4ce8ac1d576e
filter,looker:analytics:field:web_sessions_fact:date_filter,web_sessions_fact,,date_filter,filter_field,redesign,High,filter-only field: becomes a dashboard filter control or templated filter,views/web_sessions_fact.view.lkml,38,82b3ab594f0d8f518072f3e1cc4f4ce8ac1d576e
parameter,looker:analytics:field:actuals_v_targets:measure_group,actuals_v_targets,,measure_group,parameter,redesign,High,parameter: templated filter (Mustache) or a FIELD_SELECTION control,views/actuals_v_targets.view.lkml,52,82b3ab594f0d8f518072f3e1cc4f4ce8ac1d576e
parameter,looker:analytics:field:actuals_v_targets:target_group,actuals_v_targets,,target_group,parameter,redesign,High,parameter: templated filter (Mustache) or a FIELD_SELECTION control,views/actuals_v_targets.view.lkml,60,82b3ab594f0d8f518072f3e1cc4f4ce8ac1d576e
parameter,looker:analytics:field:ad_roi_summary_fact:ad_metric,ad_roi_summary_fact,,ad_metric,parameter,redesign,High,parameter: templated filter (Mustache) or a FIELD_SELECTION control,views/ad_roi_summary_fact.view.lkml,100,82b3ab594f0d8f518072f3e1cc4f4ce8ac1d576e
parameter,looker:analytics:field:ad_roi_summary_fact:ad_metric_2,ad_roi_summary_fact,,ad_metric_2,parameter,redesign,High,parameter: templated filter (Mustache) or a FIELD_SELECTION control,views/ad_roi_summary_fact.view.lkml,123,82b3ab594f0d8f518072f3e1cc4f4ce8ac1d576e
parameter,looker:analytics:field:ad_roi_summary_fact:attribution_model,ad_roi_summary_fact,,attribution_model,parameter,redesign,High,parameter: templated filter (Mustache) or a FIELD_SELECTION control,views/ad_roi_summary_fact.view.lkml,12,82b3ab594f0d8f518072f3e1cc4f4ce8ac1d576e
parameter,looker:analytics:field:anomaly_detection:anomaly_metric,anomaly_detection,,anomaly_metric,parameter,redesign,High,parameter: templated filter (Mustache) or a FIELD_SELECTION control,views/anomaly_detection.view.lkml,168,82b3ab594f0d8f518072f3e1cc4f4ce8ac1d576e
parameter,looker:analytics:field:anomaly_detection:lower_bound_multiplier,anomaly_detection,,lower_bound_multiplier,parameter,redesign,High,parameter: templated filter (Mustache) or a FIELD_SELECTION control,views/anomaly_detection.view.lkml,195,82b3ab594f0d8f518072f3e1cc4f4ce8ac1d576e
parameter,looker:analytics:field:anomaly_detection:upper_bound_multiplier,anomaly_detection,,upper_bound_multiplier,parameter,redesign,High,parameter: templated filter (Mustache) or a FIELD_SELECTION control,views/anomaly_detection.view.lkml,183,82b3ab594f0d8f518072f3e1cc4f4ce8ac1d576e
parameter,looker:analytics:field:companies_dim_ideal_customer:ideal_customer_analysis_measure,companies_dim_ideal_customer,,ideal_customer_analysis_measure,parameter,redesign,High,parameter: templated filter (Mustache) or a FIELD_SELECTION control,views/companies_dim_ideal_customer.view.lkml,88,82b3ab594f0d8f518072f3e1cc4f4ce8ac1d576e
parameter,looker:analytics:field:companies_dim_ideal_customer:ideal_customer_x_slicer,companies_dim_ideal_customer,,ideal_customer_x_slicer,parameter,redesign,High,parameter: templated filter (Mustache) or a FIELD_SELECTION control,views/companies_dim_ideal_customer.view.lkml,15,82b3ab594f0d8f518072f3e1cc4f4ce8ac1d576e
parameter,looker:analytics:field:companies_dim_ideal_customer:ideal_customer_y_slicer,companies_dim_ideal_customer,,ideal_customer_y_slicer,parameter,redesign,High,parameter: templated filter (Mustache) or a FIELD_SELECTION control,views/companies_dim_ideal_customer.view.lkml,51,82b3ab594f0d8f518072f3e1cc4f4ce8ac1d576e
parameter,looker:analytics:field:dynamic_web_stats:channel_selector,dynamic_web_stats,,channel_selector,parameter,redesign,High,parameter: templated filter (Mustache) or a FIELD_SELECTION control,views/dynamic_web_stat.view.lkml,95,82b3ab594f0d8f518072f3e1cc4f4ce8ac1d576e
parameter,looker:analytics:field:monthly_resource_revenue_forecast_fact:selected_measure,monthly_resource_revenue_forecast_fact,,selected_measure,parameter,redesign,High,parameter: templated filter (Mustache) or a FIELD_SELECTION control,views/monthly_resource_revenue_forecast_fact.view.lkml,7,82b3ab594f0d8f518072f3e1cc4f4ce8ac1d576e
parameter,looker:analytics:field:monthly_resource_revenue_forecast_fact:selected_split,monthly_resource_revenue_forecast_fact,,selected_split,parameter,redesign,High,parameter: templated filter (Mustache) or a FIELD_SELECTION control,views/monthly_resource_revenue_forecast_fact.view.lkml,36,82b3ab594f0d8f518072f3e1cc4f4ce8ac1d576e
parameter,looker:analytics:field:profit_and_loss_report_fact:comparison_period,profit_and_loss_report_fact,,comparison_period,parameter,redesign,High,parameter: templated filter (Mustache) or a FIELD_SELECTION control,views/profit_and_loss_report_fact.view.lkml,352,82b3ab594f0d8f518072f3e1cc4f4ce8ac1d576e
parameter,looker:analytics:field:web_sessions_fact:period_selector,web_sessions_fact,,period_selector,parameter,redesign,High,parameter: templated filter (Mustache) or a FIELD_SELECTION control,views/web_sessions_fact.view.lkml,24,82b3ab594f0d8f518072f3e1cc4f4ce8ac1d576e
parameter,looker:analytics:field:web_sessions_fact:time_range,web_sessions_fact,,time_range,parameter,redesign,High,parameter: templated filter (Mustache) or a FIELD_SELECTION control,views/web_sessions_fact.view.lkml,129,82b3ab594f0d8f518072f3e1cc4f4ce8ac1d576e
set,looker:analytics:set:actuals_v_targets:detail,actuals_v_targets,,detail,set,mechanical,Low,"6 members, expanded on use",views/actuals_v_targets.view.lkml,147,82b3ab594f0d8f518072f3e1cc4f4ce8ac1d576e
set,looker:analytics:set:bank_account_details:detail,bank_account_details,,detail,set,mechanical,Low,"4 members, expanded on use",views/bank_account_details.view.lkml,49,82b3ab594f0d8f518072f3e1cc4f4ce8ac1d576e
set,looker:analytics:set:companies_dim:detail,companies_dim,,detail,set,mechanical,Low,"1 members, expanded on use",views/companies_dim.view.lkml,138,82b3ab594f0d8f518072f3e1cc4f4ce8ac1d576e
set,looker:analytics:set:company_deal_value_attribute:detail,company_deal_value_attribute,,detail,set,mechanical,Low,"3 members, expanded on use",views/company_deal_value_attribute.view.lkml,58,82b3ab594f0d8f518072f3e1cc4f4ce8ac1d576e
set,looker:analytics:set:customer_first_order_segments:detail,customer_first_order_segments,,detail,set,mechanical,Low,"18 members, expanded on use",views/customer_first_order_segments.view.lkml,216,82b3ab594f0d8f518072f3e1cc4f4ce8ac1d576e
set,looker:analytics:set:dates:detail,dates,,detail,set,mechanical,Low,"1 members, expanded on use",views/dates.view.lkml,26,82b3ab594f0d8f518072f3e1cc4f4ce8ac1d576e
set,looker:analytics:set:delivery_project_cycle_times:detail,delivery_project_cycle_times,,detail,set,mechanical,Low,"17 members, expanded on use",views/delivery_project_cycle_times.view.lkml,172,82b3ab594f0d8f518072f3e1cc4f4ce8ac1d576e
set,looker:analytics:set:delivery_project_cycle_times_hkm:detail,delivery_project_cycle_times_hkm,,detail,set,mechanical,Low,"18 members, expanded on use",views/delivery_project_cycle_times_hkm.view.lkml,311,82b3ab594f0d8f518072f3e1cc4f4ce8ac1d576e
set,looker:analytics:set:dynamic_web_stats:detail,dynamic_web_stats,,detail,set,mechanical,Low,"12 members, expanded on use",views/dynamic_web_stat.view.lkml,167,82b3ab594f0d8f518072f3e1cc4f4ce8ac1d576e
set,looker:analytics:set:engagement_health_fact:detail,engagement_health_fact,,detail,set,mechanical,Low,"12 members, expanded on use",views/engagement_health_fact.view.lkml,644,82b3ab594f0d8f518072f3e1cc4f4ce8ac1d576e
set,looker:analytics:set:engagement_renewal_analysis:detail,engagement_renewal_analysis,,detail,set,mechanical,Low,"9 members, expanded on use",views/engagement_renewal_analysis.view.lkml,503,82b3ab594f0d8f518072f3e1cc4f4ce8ac1d576e
set,looker:analytics:set:engagement_renewal_analysis:revenue_detail,engagement_renewal_analysis,,revenue_detail,set,mechanical,Low,"13 members, expanded on use",views/engagement_renewal_analysis.view.lkml,518,82b3ab594f0d8f518072f3e1cc4f4ce8ac1d576e
set,looker:analytics:set:engagement_sprint_burn_fact:detail,engagement_sprint_burn_fact,,detail,set,mechanical,Low,"8 members, expanded on use",views/engagement_sprint_burn_fact.view.lkml,169,82b3ab594f0d8f518072f3e1cc4f4ce8ac1d576e
set,looker:analytics:set:fathom_meetings:detail,fathom_meetings,,detail,set,mechanical,Low,"26 members, expanded on use",views/fathom_meetings.view.lkml,229,82b3ab594f0d8f518072f3e1cc4f4ce8ac1d576e
set,looker:analytics:set:ga_multi_cycle_multi_touch_attribution:detail,ga_multi_cycle_multi_touch_attribution,,detail,set,mechanical,Low,"20 members, expanded on use",views/ga_multi_cycle_multi_touch_attribution.view.lkml,908,82b3ab594f0d8f518072f3e1cc4f4ce8ac1d576e
set,looker:analytics:set:hr_survey_results_fact:detail,hr_survey_results_fact,,detail,set,mechanical,Low,"14 members, expanded on use",views/hr_survey_results_fact.view.lkml,221,82b3ab594f0d8f518072f3e1cc4f4ce8ac1d576e
set,looker:analytics:set:keyword_page_report:detail,keyword_page_report,,detail,set,mechanical,Low,"11 members, expanded on use",views/keyword_page_report.view.lkml,99,82b3ab594f0d8f518072f3e1cc4f4ce8ac1d576e
set,looker:analytics:set:linkedin_company_pages:detail,linkedin_company_pages,,detail,set,mechanical,Low,"15 members, expanded on use",views/linkedin_company_pages.view.lkml,89,82b3ab594f0d8f518072f3e1cc4f4ce8ac1d576e
set,looker:analytics:set:monthly_resource_revenue_forecast_fact:detail,monthly_resource_revenue_forecast_fact,,detail,set,mechanical,Low,"12 members, expanded on use",views/monthly_resource_revenue_forecast_fact.view.lkml,216,82b3ab594f0d8f518072f3e1cc4f4ce8ac1d576e
set,looker:analytics:set:persons_dim:person_detail,persons_dim,,person_detail,set,mechanical,Low,"5 members, expanded on use",views/persons_dim.view.lkml,802,82b3ab594f0d8f518072f3e1cc4f4ce8ac1d576e
set,looker:analytics:set:persons_dim:staff_detail,persons_dim,,staff_detail,set,mechanical,Low,"5 members, expanded on use",views/persons_dim.view.lkml,812,82b3ab594f0d8f518072f3e1cc4f4ce8ac1d576e
set,looker:analytics:set:pipeline_history:detail,pipeline_history,,detail,set,mechanical,Low,"4 members, expanded on use",views/pipeline_history.view.lkml,119,82b3ab594f0d8f518072f3e1cc4f4ce8ac1d576e
set,looker:analytics:set:project_attribution:detail,project_attribution,,detail,set,mechanical,Low,"12 members, expanded on use",views/project_attribution.view.lkml,212,82b3ab594f0d8f518072f3e1cc4f4ce8ac1d576e
set,looker:analytics:set:project_engagements:detail,project_engagements,,detail,set,mechanical,Low,"4 members, expanded on use",views/project_engagements_monthly_revenue.view.lkml,43,82b3ab594f0d8f518072f3e1cc4f4ce8ac1d576e
set,looker:analytics:set:project_metrics:detail,project_metrics,,detail,set,mechanical,Low,"14 members, expanded on use",views/project_metrics.view.lkml,124,82b3ab594f0d8f518072f3e1cc4f4ce8ac1d576e
set,looker:analytics:set:staff_daily_engagement_fact:drill_to_day,staff_daily_engagement_fact,,drill_to_day,set,mechanical,Low,"15 members, expanded on use",views/staff_daily_engagement_fact.view.lkml,549,82b3ab594f0d8f518072f3e1cc4f4ce8ac1d576e
set,looker:analytics:set:staff_dim:detail,staff_dim,,detail,set,mechanical,Low,"10 members, expanded on use",views/staff_dim.view.lkml,63,82b3ab594f0d8f518072f3e1cc4f4ce8ac1d576e
set,looker:analytics:set:website_leads:detail,website_leads,,detail,set,mechanical,Low,"7 members, expanded on use",views/website_leads.view.lkml,135,82b3ab594f0d8f518072f3e1cc4f4ce8ac1d576e
